timestamp, bead_x, bead_y, bead_z
0.000000,0.001133,0.042331,0.120071 
0.015625,0.001148,0.042286,0.120073 
0.015625,0.001166,0.042281,0.120062 
0.015625,0.001196,0.042243,0.120090 
0.015625,0.001173,0.042225,0.120172 
0.031250,0.001152,0.042270,0.120558 
0.031250,0.001110,0.042231,0.121261 
0.031250,0.001160,0.042180,0.122299 
0.031250,0.001233,0.041820,0.123664 
0.046875,0.001020,0.041606,0.125264 
0.046875,0.001022,0.040994,0.127081 
0.046875,0.001143,0.039610,0.129122 
0.046875,0.000864,0.038247,0.131221 
0.062500,0.000946,0.036243,0.133493 
0.062500,0.001067,0.033791,0.135568 
0.062500,0.000725,0.030167,0.137486 
0.078125,0.000851,0.026344,0.139071 
0.078125,0.000675,0.021728,0.140266 
0.078125,0.000291,0.016063,0.140708 
0.078125,0.000256,0.010021,0.140293 
0.093750,-0.000267,0.003104,0.139424 
0.093750,-0.000187,-0.003408,0.136657 
0.093750,-0.000477,-0.009920,0.133368 
0.093750,-0.001046,-0.017026,0.129519 
0.109375,-0.000798,-0.023378,0.124664 
0.109375,-0.001228,-0.029017,0.119482 
0.109375,-0.001441,-0.033528,0.114194 
0.109375,-0.001124,-0.036982,0.109309 
0.125000,-0.001722,-0.039656,0.105246 
0.125000,-0.001825,-0.040909,0.102577 
0.125000,-0.001286,-0.041197,0.101668 
0.140625,-0.001790,-0.041491,0.102918 
0.140625,-0.001686,-0.040422,0.106053 
0.140625,-0.001383,-0.039284,0.110976 
0.140625,-0.001657,-0.038829,0.117274 
0.156250,-0.001482,-0.038606,0.124336 
0.156250,-0.001369,-0.038799,0.131089 
0.156250,-0.001676,-0.039604,0.136763 
0.156250,-0.001404,-0.040202,0.140602 
0.171875,-0.001295,-0.040666,0.141995 
0.171875,-0.001511,-0.040178,0.140668 
0.171875,-0.001411,-0.038164,0.136723 
0.171875,-0.001373,-0.034368,0.130688 
0.187500,-0.001275,-0.028557,0.123552 
0.187500,-0.000740,-0.020435,0.116099 
0.187500,-0.000515,-0.010509,0.109155 
0.203125,-0.000439,0.000742,0.103373 
0.203125,0.000079,0.012617,0.100537 
0.203125,0.000461,0.023027,0.101227 
0.203125,0.000697,0.031963,0.104912 
0.218750,0.001199,0.038791,0.111066 
0.218750,0.001077,0.041446,0.118625 
0.218750,0.000892,0.040301,0.126417 
0.218750,0.001007,0.035852,0.133351 
0.234375,0.000712,0.026798,0.138418 
0.234375,0.000237,0.013845,0.140259 
0.234375,-0.000286,-0.000209,0.138112 
0.234375,-0.000797,-0.014625,0.130767 
0.250000,-0.001073,-0.027053,0.120714 
0.250000,-0.001241,-0.035569,0.111000 
0.250000,-0.001567,-0.039679,0.104062 
0.265625,-0.001744,-0.039509,0.102521 
0.265625,-0.001559,-0.040166,0.107856 
0.265625,-0.001543,-0.040457,0.119129 
0.265625,-0.001502,-0.037965,0.131355 
0.281250,-0.001562,-0.039706,0.139948 
0.281250,-0.001398,-0.040929,0.141295 
0.281250,-0.001291,-0.036310,0.136374 
0.281250,-0.001481,-0.030751,0.127451 
0.296875,-0.000966,-0.023174,0.117021 
0.296875,-0.000129,-0.007922,0.107404 
0.296875,-0.000369,0.007463,0.101710 
0.296875,0.000252,0.018799,0.101012 
0.312500,0.000946,0.030809,0.104227 
0.312500,0.000878,0.039606,0.110518 
0.312500,0.001059,0.040907,0.118126 
0.328125,0.001040,0.039701,0.126145 
0.328125,0.000779,0.036902,0.133335 
0.328125,0.000759,0.027054,0.138576 
0.328125,0.000337,0.013554,0.140505 
0.343750,-0.000371,0.000918,0.137703 
0.343750,-0.000635,-0.014256,0.130420 
0.343750,-0.001090,-0.027307,0.120935 
0.343750,-0.001527,-0.035186,0.111234 
0.359375,-0.001509,-0.039454,0.104281 
0.359375,-0.001631,-0.039897,0.102686 
0.359375,-0.001767,-0.040145,0.107799 
0.359375,-0.001484,-0.040131,0.118919 
0.375000,-0.001383,-0.038208,0.131129 
0.375000,-0.001770,-0.039813,0.139783 
0.375000,-0.001375,-0.040662,0.141274 
0.390625,-0.001193,-0.036298,0.136438 
0.390625,-0.001640,-0.031102,0.127562 
0.390625,-0.000963,-0.023330,0.117129 
0.390625,-0.000122,-0.008020,0.107511 
0.406250,-0.000528,0.007192,0.101823 
0.406250,0.000363,0.018753,0.100998 
0.406250,0.000885,0.030683,0.104078 
0.406250,0.000662,0.039293,0.110365 
0.421875,0.001079,0.040869,0.118030 
0.421875,0.001135,0.039825,0.126080 
0.421875,0.000653,0.036717,0.133320 
0.421875,0.000736,0.026917,0.138603 
0.437500,0.000420,0.013738,0.140540 
0.437500,-0.000468,0.000632,0.138152 
0.437500,-0.000694,-0.014476,0.130861 
0.453125,-0.001071,-0.027130,0.120957 
0.453125,-0.001559,-0.035196,0.111268 
0.453125,-0.001430,-0.039573,0.104311 
0.453125,-0.001614,-0.039859,0.102709 
0.468750,-0.001882,-0.040008,0.107800 
0.468750,-0.001448,-0.040282,0.118932 
0.468750,-0.001404,-0.038203,0.131125 
0.468750,-0.001868,-0.039659,0.139751 
0.484375,-0.001339,-0.040737,0.141282 
0.484375,-0.001223,-0.036460,0.136478 
0.484375,-0.001706,-0.031060,0.127568 
0.484375,-0.000919,-0.023304,0.117160 
0.500000,-0.000120,-0.008116,0.107548 
0.500000,-0.000490,0.007140,0.101861 
0.500000,0.000333,0.018766,0.101003 
0.515625,0.000879,0.030652,0.104042 
0.515625,0.000694,0.039273,0.110286 
0.515625,0.001073,0.040845,0.117977 
0.515625,0.001109,0.039799,0.126038 
0.531250,0.000625,0.036703,0.133311 
0.531250,0.000765,0.026996,0.138605 
0.531250,0.000393,0.013860,0.140524 
0.531250,-0.000527,0.000694,0.138145 
0.546875,-0.000712,-0.014480,0.130892 
0.546875,-0.001107,-0.027114,0.121012 
0.546875,-0.001493,-0.035119,0.111329 
0.546875,-0.001544,-0.039594,0.104354 
0.562500,-0.001627,-0.039836,0.102709 
0.562500,-0.001744,-0.040041,0.107752 
0.562500,-0.001504,-0.040326,0.118867 
0.578125,-0.001418,-0.038228,0.131067 
0.578125,-0.001745,-0.039683,0.139729 
0.578125,-0.001447,-0.040788,0.141286 
0.578125,-0.001238,-0.036476,0.136504 
0.593750,-0.001618,-0.031044,0.127611 
0.593750,-0.001011,-0.023368,0.117200 
0.593750,-0.000160,-0.008673,0.108010 
0.593750,-0.000469,0.007113,0.101872 
0.609375,0.000242,0.018661,0.100987 
0.609375,0.000925,0.030607,0.104050 
0.609375,0.000676,0.039309,0.110276 
0.609375,0.000999,0.040780,0.117952 
0.625000,0.001142,0.039698,0.126031 
0.625000,0.000632,0.036782,0.133299 
0.625000,0.000683,0.027060,0.138577 
0.640625,0.000405,0.013903,0.140522 
0.640625,-0.000429,0.001129,0.137763 
0.640625,-0.000773,-0.014432,0.130952 
0.640625,-0.001130,-0.027180,0.121080 
0.656250,-0.001528,-0.035137,0.111374 
0.656250,-0.001491,-0.039563,0.104368 
0.656250,-0.001639,-0.039936,0.102688 
0.656250,-0.001768,-0.040143,0.107707 
0.671875,-0.001478,-0.040319,0.118809 
0.671875,-0.001440,-0.038250,0.131059 
0.671875,-0.001755,-0.039724,0.139737 
0.671875,-0.001379,-0.040754,0.141323 
0.687500,-0.001252,-0.036434,0.136558 
0.687500,-0.001634,-0.031199,0.127698 
0.687500,-0.001009,-0.023506,0.117243 
0.703125,-0.000243,-0.008674,0.108025 
0.703125,-0.000387,0.007163,0.101880 
0.703125,0.000267,0.018669,0.101001 
0.703125,0.000911,0.030575,0.104015 
0.718750,0.000716,0.039211,0.110207 
0.718750,0.000967,0.040775,0.117893 
0.718750,0.001126,0.039782,0.125972 
0.718750,0.000693,0.036859,0.133263 
0.734375,0.000643,0.027064,0.138555 
0.734375,0.000339,0.014052,0.140500 
0.734375,-0.000394,0.001181,0.137777 
0.734375,-0.000699,-0.014179,0.130614 
0.750000,-0.001131,-0.027111,0.121142 
0.750000,-0.001599,-0.035082,0.111408 
0.750000,-0.001500,-0.039529,0.104396 
0.765625,-0.001605,-0.039923,0.102699 
0.765625,-0.001792,-0.040043,0.107647 
0.765625,-0.001510,-0.040282,0.118745 
0.765625,-0.001411,-0.038251,0.131007 
0.781250,-0.001749,-0.039709,0.139720 
0.781250,-0.001416,-0.040763,0.141333 
0.781250,-0.001230,-0.036478,0.136582 
0.781250,-0.001633,-0.031212,0.127751 
0.796875,-0.001079,-0.023531,0.117297 
0.796875,-0.000143,-0.008476,0.107657 
0.796875,-0.000516,0.006963,0.101896 
0.796875,0.000308,0.018513,0.100986 
0.812500,0.000930,0.030583,0.104007 
0.812500,0.000708,0.039221,0.110210 
0.812500,0.001055,0.040784,0.117886 
0.828125,0.001144,0.039809,0.125974 
0.828125,0.000693,0.036870,0.133262 
0.828125,0.000773,0.027109,0.138547 
0.828125,0.000411,0.014022,0.140494 
0.843750,-0.000425,0.001242,0.137779 
0.843750,-0.000789,-0.014384,0.131055 
0.843750,-0.001122,-0.027044,0.121186 
0.843750,-0.001551,-0.035002,0.111472 
0.859375,-0.001504,-0.039613,0.104418 
0.859375,-0.001621,-0.039937,0.102689 
0.859375,-0.001712,-0.039963,0.107606 
0.859375,-0.001476,-0.040286,0.118688 
0.875000,-0.001460,-0.038199,0.130930 
0.875000,-0.001685,-0.039593,0.139675 
0.875000,-0.001371,-0.040759,0.141331 
0.890625,-0.001250,-0.036494,0.136613 
0.890625,-0.001583,-0.031152,0.127805 
0.890625,-0.001047,-0.023504,0.117338 
0.890625,-0.000119,-0.008542,0.107684 
0.906250,-0.000462,0.006904,0.101925 
0.906250,0.000251,0.018550,0.100994 
0.906250,0.000923,0.030485,0.103989 
0.906250,0.000753,0.039189,0.110167 
0.921875,0.001106,0.040809,0.117859 
0.921875,0.001100,0.039783,0.125937 
0.921875,0.000693,0.036839,0.133241 
0.921875,0.000800,0.027149,0.138539 
0.937500,0.000279,0.014114,0.140505 
0.937500,-0.000423,0.001268,0.137796 
0.937500,-0.000703,-0.013972,0.130674 
0.953125,-0.001177,-0.026977,0.121232 
0.953125,-0.001469,-0.035029,0.111496 
0.953125,-0.001515,-0.039543,0.104445 
0.953125,-0.001662,-0.039884,0.102702 
0.968750,-0.001630,-0.040048,0.107602 
0.968750,-0.001493,-0.040320,0.118642 
0.968750,-0.001468,-0.038198,0.130882 
0.968750,-0.001647,-0.039623,0.139647 
0.984375,-0.001399,-0.040743,0.141327 
0.984375,-0.001241,-0.036469,0.136626 
0.984375,-0.001529,-0.031196,0.127836 
0.984375,-0.001063,-0.023545,0.117379 
1.000000,-0.000064,-0.008609,0.107699 
1.000000,-0.000500,0.006874,0.101926 
1.000000,0.000226,0.018499,0.100963 
1.015625,0.001015,0.030495,0.103936 
1.015625,0.000708,0.039183,0.110109 
1.015625,0.000984,0.040781,0.117795 
1.015625,0.001245,0.039749,0.125881 
1.031250,0.000707,0.036885,0.133217 
1.031250,0.000715,0.027147,0.138555 
1.031250,0.000416,0.014135,0.140553 
1.031250,-0.000431,0.001254,0.137829 
1.046875,-0.000760,-0.014257,0.131122 
1.046875,-0.000990,-0.026843,0.121268 
1.046875,-0.001498,-0.034830,0.111557 
1.046875,-0.001549,-0.039673,0.104483 
1.062500,-0.001553,-0.040071,0.102712 
1.062500,-0.001664,-0.039820,0.107534 
1.062500,-0.001543,-0.040290,0.118582 
1.078125,-0.001385,-0.038258,0.130831 
1.078125,-0.001624,-0.039445,0.139601 
1.078125,-0.001381,-0.040722,0.141337 
1.078125,-0.001199,-0.036620,0.136648 
1.093750,-0.001551,-0.031155,0.127849 
1.093750,-0.001081,-0.023490,0.117437 
1.093750,-0.000077,-0.008686,0.107745 
1.093750,-0.000419,0.006708,0.101975 
1.109375,0.000234,0.018493,0.100967 
1.109375,0.000968,0.030428,0.103922 
1.109375,0.000751,0.038972,0.110098 
1.109375,0.001067,0.040776,0.117787 
1.125000,0.001120,0.039793,0.125876 
1.125000,0.000694,0.036834,0.133202 
1.125000,0.000745,0.027187,0.138523 
1.140625,0.000273,0.014269,0.140511 
1.140625,-0.000391,0.001341,0.137818 
1.140625,-0.000739,-0.014187,0.131163 
1.140625,-0.001140,-0.026754,0.121342 
1.156250,-0.001474,-0.034965,0.111597 
1.156250,-0.001516,-0.039641,0.104517 
1.156250,-0.001636,-0.039808,0.102705 
1.156250,-0.001571,-0.039880,0.107527 
1.171875,-0.001506,-0.040395,0.118531 
1.171875,-0.001436,-0.038159,0.130767 
1.171875,-0.001568,-0.039484,0.139554 
1.171875,-0.001400,-0.040821,0.141321 
1.187500,-0.001253,-0.036536,0.136663 
1.187500,-0.001466,-0.031038,0.127865 
1.187500,-0.001033,-0.023692,0.117469 
1.203125,-0.000123,-0.008853,0.107758 
1.203125,-0.000321,0.006893,0.101956 
1.203125,0.000166,0.018370,0.100964 
1.203125,0.000975,0.030311,0.103917 
1.218750,0.000801,0.039129,0.110075 
1.218750,0.000915,0.040813,0.117722 
1.218750,0.001239,0.039687,0.125823 
1.218750,0.000723,0.036999,0.133135 
1.234375,0.000592,0.027215,0.138500 
1.234375,0.000459,0.014193,0.140546 
1.234375,-0.000397,0.001528,0.137843 
1.234375,-0.000856,-0.014162,0.131170 
1.250000,-0.000941,-0.026766,0.121344 
1.250000,-0.001326,-0.034780,0.111616 
1.250000,-0.001685,-0.039577,0.104560 
1.265625,-0.001591,-0.039925,0.102733 
1.265625,-0.001515,-0.039833,0.107499 
1.265625,-0.001612,-0.040286,0.118504 
1.265625,-0.001372,-0.038243,0.130725 
1.281250,-0.001469,-0.039460,0.139542 
1.281250,-0.001520,-0.040695,0.141324 
1.281250,-0.001265,-0.036550,0.136689 
1.281250,-0.001341,-0.031145,0.127906 
1.296875,-0.001141,-0.023644,0.117510 
1.296875,-0.000205,-0.008848,0.107801 
1.296875,-0.000230,0.006667,0.102044 
1.296875,0.000192,0.018257,0.101032 
1.312500,0.000951,0.030273,0.103905 
1.312500,0.000864,0.039061,0.110061 
1.312500,0.000984,0.040767,0.117721 
1.328125,0.001092,0.039768,0.125809 
1.328125,0.000766,0.036923,0.133131 
1.328125,0.000615,0.027253,0.138515 
1.328125,0.000314,0.014344,0.140548 
1.343750,-0.000322,0.001528,0.137864 
1.343750,-0.000817,-0.014067,0.131246 
1.343750,-0.001043,-0.026732,0.121420 
1.343750,-0.001420,-0.034769,0.111676 
1.359375,-0.001649,-0.039572,0.104582 
1.359375,-0.001607,-0.039919,0.102707 
1.359375,-0.001541,-0.039812,0.107437 
1.359375,-0.001551,-0.040286,0.118433 
1.375000,-0.001426,-0.038296,0.130678 
1.375000,-0.001481,-0.039456,0.139520 
1.375000,-0.001506,-0.040659,0.141328 
1.390625,-0.001310,-0.036590,0.136719 
1.390625,-0.001343,-0.031174,0.127941 
1.390625,-0.001148,-0.023662,0.117552 
1.390625,-0.000179,-0.008796,0.107828 
1.406250,-0.000341,0.006267,0.102470 
1.406250,0.000027,0.018147,0.100996 
1.406250,0.001056,0.030178,0.103888 
1.406250,0.000848,0.039058,0.110034 
1.421875,0.000851,0.040721,0.117678 
1.421875,0.001176,0.039855,0.125769 
1.421875,0.000768,0.036983,0.133096 
1.421875,0.000535,0.027218,0.138481 
1.437500,0.000351,0.014130,0.140917 
1.437500,-0.000468,0.001351,0.138259 
1.437500,-0.000756,-0.013837,0.130882 
1.453125,-0.000929,-0.026567,0.121455 
1.453125,-0.001527,-0.034752,0.111714 
1.453125,-0.001676,-0.039576,0.104610 
1.453125,-0.001385,-0.039915,0.102703 
1.468750,-0.001757,-0.039898,0.107384 
1.468750,-0.001595,-0.040313,0.118348 
1.468750,-0.001221,-0.038176,0.130611 
1.468750,-0.001692,-0.039432,0.139493 
1.484375,-0.001522,-0.040672,0.141335 
1.484375,-0.001131,-0.036541,0.136757 
1.484375,-0.001503,-0.031223,0.127999 
1.484375,-0.001207,-0.023793,0.117619 
1.500000,-0.000121,-0.008889,0.107867 
1.500000,-0.000454,0.006268,0.102482 
1.500000,0.000185,0.018102,0.101018 
1.515625,0.000986,0.030046,0.103890 
1.515625,0.000788,0.038954,0.110019 
1.515625,0.001004,0.040677,0.117651 
1.515625,0.001059,0.039798,0.125739 
1.531250,0.000654,0.037063,0.133057 
1.531250,0.000674,0.027310,0.138449 
1.531250,0.000334,0.014495,0.140536 
1.531250,-0.000358,0.001762,0.137908 
1.546875,-0.000730,-0.014001,0.131318 
1.546875,-0.001052,-0.026644,0.121480 
1.546875,-0.001484,-0.034718,0.111728 
1.546875,-0.001585,-0.039569,0.104617 
1.562500,-0.001508,-0.039971,0.102689 
1.562500,-0.001674,-0.039807,0.107363 
1.562500,-0.001550,-0.040213,0.118311 
1.578125,-0.001358,-0.038283,0.130594 
1.578125,-0.001654,-0.039377,0.139476 
1.578125,-0.001436,-0.040638,0.141345 
1.578125,-0.001225,-0.036631,0.136782 
1.593750,-0.001514,-0.031268,0.128018 
1.593750,-0.001123,-0.023699,0.117607 
1.593750,-0.000318,-0.009255,0.108290 
1.593750,-0.000379,0.006486,0.102079 
1.609375,0.000153,0.018076,0.101028 
1.609375,0.000888,0.030063,0.103858 
1.609375,0.000747,0.038850,0.109976 
1.609375,0.000931,0.040760,0.117606 
1.625000,0.001071,0.039807,0.125723 
1.625000,0.000686,0.036936,0.133048 
1.625000,0.000656,0.027401,0.138441 
1.640625,0.000349,0.014570,0.140482 
1.640625,-0.000377,0.001746,0.137897 
1.640625,-0.000817,-0.013793,0.131349 
1.640625,-0.001033,-0.026534,0.121528 
1.656250,-0.001391,-0.034665,0.111778 
1.656250,-0.001636,-0.039516,0.104638 
1.656250,-0.001602,-0.039916,0.102670 
1.656250,-0.001572,-0.039753,0.107301 
1.671875,-0.001616,-0.040229,0.118221 
1.671875,-0.001416,-0.038236,0.130522 
1.671875,-0.001534,-0.039310,0.139427 
1.671875,-0.001524,-0.040628,0.141341 
1.687500,-0.001272,-0.036616,0.136826 
1.687500,-0.001371,-0.031182,0.128058 
1.687500,-0.001172,-0.023769,0.117664 
1.703125,-0.000259,-0.009071,0.107887 
1.703125,-0.000364,0.006148,0.102495 
1.703125,0.000166,0.018023,0.101039 
1.703125,0.000956,0.029964,0.103862 
1.718750,0.000821,0.038924,0.109946 
1.718750,0.000908,0.040705,0.117577 
1.718750,0.001031,0.039774,0.125687 
1.718750,0.000735,0.037019,0.133023 
1.734375,0.000604,0.027491,0.138417 
1.734375,0.000317,0.014588,0.140493 
1.734375,-0.000328,0.001854,0.137912 
1.734375,-0.000864,-0.013743,0.131387 
1.750000,-0.001048,-0.026490,0.121569 
1.750000,-0.001351,-0.034658,0.111822 
1.750000,-0.001685,-0.039460,0.104662 
1.765625,-0.001563,-0.039842,0.102692 
1.765625,-0.001549,-0.039727,0.107301 
1.765625,-0.001623,-0.040219,0.118204 
1.765625,-0.001409,-0.038214,0.130488 
1.781250,-0.001498,-0.039329,0.139410 
1.781250,-0.001563,-0.040649,0.141332 
1.781250,-0.001308,-0.036613,0.136823 
1.781250,-0.001318,-0.031163,0.128076 
1.796875,-0.001181,-0.023761,0.117675 
1.796875,-0.000251,-0.009147,0.107911 
1.796875,-0.000234,0.006393,0.102091 
1.796875,0.000083,0.018089,0.101039 
1.812500,0.000970,0.029926,0.103832 
1.812500,0.000776,0.038983,0.109847 
1.812500,0.000753,0.040838,0.117497 
1.828125,0.001150,0.039809,0.125647 
1.828125,0.000776,0.037030,0.132978 
1.828125,0.000526,0.027572,0.138374 
1.828125,0.000493,0.014659,0.140479 
1.843750,-0.000329,0.001921,0.137914 
1.843750,-0.000860,-0.013677,0.131403 
1.843750,-0.000851,-0.026391,0.121612 
1.843750,-0.001506,-0.034566,0.111847 
1.859375,-0.001718,-0.039426,0.104679 
1.859375,-0.001426,-0.039850,0.102689 
1.859375,-0.001646,-0.039720,0.107228 
1.859375,-0.001660,-0.040201,0.118133 
1.875000,-0.001289,-0.038121,0.130439 
1.875000,-0.001630,-0.039243,0.139372 
1.875000,-0.001570,-0.040628,0.141328 
1.890625,-0.001185,-0.036606,0.136854 
1.890625,-0.001437,-0.031205,0.128128 
1.890625,-0.001212,-0.023776,0.117716 
1.890625,-0.000302,-0.009512,0.108375 
1.906250,-0.000288,0.006348,0.102095 
1.906250,0.000042,0.018002,0.101018 
1.906250,0.000997,0.029849,0.103821 
1.906250,0.000664,0.038909,0.109834 
1.921875,0.000798,0.040859,0.117465 
1.921875,0.001187,0.039755,0.125635 
1.921875,0.000661,0.037060,0.132941 
1.921875,0.000555,0.027725,0.138368 
1.937500,0.000450,0.014659,0.140477 
1.937500,-0.000379,0.001914,0.137921 
1.937500,-0.000803,-0.013510,0.131425 
1.953125,-0.000941,-0.026366,0.121658 
1.953125,-0.001402,-0.034561,0.111890 
1.953125,-0.001642,-0.039336,0.104698 
1.953125,-0.001537,-0.039815,0.102667 
1.968750,-0.001550,-0.039680,0.107189 
1.968750,-0.001595,-0.040107,0.118074 
1.968750,-0.001401,-0.038165,0.130380 
1.968750,-0.001511,-0.039230,0.139348 
1.984375,-0.001505,-0.040551,0.141342 
1.984375,-0.001269,-0.036641,0.136898 
1.984375,-0.001371,-0.031267,0.128166 
1.984375,-0.001149,-0.023806,0.117757 
2.000000,-0.000392,-0.009505,0.108398 
2.000000,-0.000423,0.005884,0.102540 
2.000000,0.000150,0.017896,0.101017 
2.015625,0.000898,0.029969,0.103766 
2.015625,0.000796,0.038858,0.109786 
2.015625,0.001001,0.040781,0.117438 
2.015625,0.001042,0.039851,0.125601 
2.031250,0.000739,0.037074,0.132927 
2.031250,0.000711,0.027649,0.138368 
2.031250,0.000375,0.014785,0.140472 
2.031250,-0.000288,0.002071,0.137945 
2.046875,-0.000782,-0.013487,0.131467 
2.046875,-0.000995,-0.026265,0.121714 
2.046875,-0.001385,-0.034493,0.111928 
2.046875,-0.001608,-0.039458,0.104718 
2.062500,-0.001582,-0.039794,0.102663 
2.062500,-0.001509,-0.039577,0.107144 
2.062500,-0.001546,-0.040200,0.118020 
2.078125,-0.001450,-0.038128,0.130321 
2.078125,-0.001474,-0.039071,0.139314 
2.078125,-0.001416,-0.040569,0.141350 
2.078125,-0.001311,-0.036663,0.136926 
2.093750,-0.001354,-0.031210,0.128206 
2.093750,-0.001073,-0.023812,0.117810 
2.093750,-0.000384,-0.009568,0.108444 
2.093750,-0.000223,0.006294,0.102116 
2.109375,0.000159,0.017923,0.101026 
2.109375,0.000863,0.029880,0.103769 
2.109375,0.000872,0.038887,0.109770 
2.109375,0.001015,0.040828,0.117424 
2.125000,0.000971,0.039776,0.125584 
2.125000,0.000762,0.037085,0.132909 
2.125000,0.000715,0.027757,0.138341 
2.140625,0.000265,0.014847,0.140466 
2.140625,-0.000268,0.002119,0.137956 
2.140625,-0.000675,-0.013089,0.131091 
2.140625,-0.001090,-0.026230,0.121753 
2.156250,-0.001348,-0.034506,0.111952 
2.156250,-0.001579,-0.039365,0.104706 
2.156250,-0.001645,-0.039775,0.102636 
2.156250,-0.001432,-0.039557,0.107095 
2.171875,-0.001579,-0.040173,0.117946 
2.171875,-0.001474,-0.038188,0.130283 
2.171875,-0.001426,-0.039077,0.139304 
2.171875,-0.001471,-0.040505,0.141363 
2.187500,-0.001374,-0.036668,0.136969 
2.187500,-0.001300,-0.031239,0.128244 
2.187500,-0.001088,-0.023848,0.117855 
2.203125,-0.000312,-0.009340,0.108052 
2.203125,-0.000167,0.006314,0.102112 
2.203125,0.000116,0.017963,0.101014 
2.203125,0.000846,0.029831,0.103752 
2.218750,0.000918,0.038915,0.109740 
2.218750,0.000950,0.040912,0.117376 
2.218750,0.001007,0.039815,0.125548 
2.218750,0.000826,0.037168,0.132884 
2.234375,0.000639,0.027936,0.138324 
2.234375,0.000320,0.014876,0.140450 
2.234375,-0.000214,0.002180,0.137969 
2.234375,-0.000656,-0.013007,0.131122 
2.250000,-0.001061,-0.026219,0.121777 
2.250000,-0.001441,-0.034472,0.111983 
2.250000,-0.001593,-0.039357,0.104735 
2.265625,-0.001624,-0.039803,0.102639 
2.265625,-0.001515,-0.039608,0.107069 
2.265625,-0.001590,-0.040175,0.117896 
2.265625,-0.001420,-0.038174,0.130222 
2.281250,-0.001490,-0.039137,0.139261 
2.281250,-0.001451,-0.040547,0.141347 
2.281250,-0.001346,-0.036688,0.136988 
2.281250,-0.001356,-0.031277,0.128283 
2.296875,-0.001071,-0.023946,0.117906 
2.296875,-0.000334,-0.009334,0.108089 
2.296875,-0.000191,0.006288,0.102131 
2.296875,0.000195,0.017958,0.101013 
2.312500,0.000830,0.029812,0.103740 
2.312500,0.000956,0.038870,0.109712 
2.312500,0.001014,0.040972,0.117358 
2.328125,0.000967,0.039856,0.125530 
2.328125,0.000816,0.037168,0.132839 
2.328125,0.000678,0.028023,0.138279 
2.328125,0.000227,0.014974,0.140435 
2.343750,-0.000210,0.002186,0.137988 
2.343750,-0.000696,-0.013207,0.131577 
2.343750,-0.001147,-0.026210,0.121807 
2.343750,-0.001423,-0.034411,0.111994 
2.359375,-0.001478,-0.039192,0.104726 
2.359375,-0.001719,-0.039869,0.102615 
2.359375,-0.001517,-0.039590,0.107025 
2.359375,-0.001462,-0.039987,0.117823 
2.375000,-0.001541,-0.038254,0.130181 
2.375000,-0.001491,-0.039185,0.139260 
2.375000,-0.001386,-0.040460,0.141363 
2.390625,-0.001423,-0.036672,0.137004 
2.390625,-0.001370,-0.031409,0.128325 
2.390625,-0.001000,-0.023984,0.117925 
2.390625,-0.000307,-0.009289,0.108094 
2.406250,-0.000346,0.005822,0.102569 
2.406250,0.000105,0.017863,0.101000 
2.406250,0.000866,0.029806,0.103733 
2.406250,0.000837,0.038879,0.109676 
2.421875,0.000956,0.040967,0.117331 
2.421875,0.001033,0.039938,0.125500 
2.421875,0.000760,0.037250,0.132807 
2.421875,0.000654,0.028042,0.138263 
2.437500,0.000345,0.015023,0.140420 
2.437500,-0.000251,0.002254,0.138003 
2.437500,-0.000601,-0.012882,0.131191 
2.453125,-0.001059,-0.026127,0.121854 
2.453125,-0.001526,-0.034442,0.112018 
2.453125,-0.001484,-0.039206,0.104724 
2.453125,-0.001563,-0.039860,0.102594 
2.468750,-0.001718,-0.039712,0.106983 
2.468750,-0.001453,-0.040148,0.117766 
2.468750,-0.001374,-0.038144,0.130125 
2.468750,-0.001682,-0.039146,0.139209 
2.484375,-0.001350,-0.040588,0.141348 
2.484375,-0.001275,-0.036737,0.137036 
2.484375,-0.001505,-0.031367,0.128352 
2.484375,-0.001042,-0.024014,0.117958 
2.500000,-0.000267,-0.009428,0.108126 
2.500000,-0.000289,0.006229,0.102157 
2.500000,0.000251,0.017842,0.100998 
2.515625,0.000820,0.029718,0.103724 
2.515625,0.000793,0.038891,0.109655 
2.515625,0.001053,0.040966,0.117299 
2.515625,0.000980,0.039896,0.125465 
2.531250,0.000681,0.037315,0.132778 
2.531250,0.000715,0.028182,0.138250 
2.531250,0.000282,0.015096,0.140457 
2.531250,-0.000227,0.002291,0.138054 
2.546875,-0.000518,-0.012805,0.131243 
2.546875,-0.001107,-0.026139,0.121901 
2.546875,-0.001455,-0.034333,0.112045 
2.546875,-0.001461,-0.039221,0.104741 
2.562500,-0.001658,-0.039948,0.102591 
2.562500,-0.001681,-0.039592,0.106919 
2.562500,-0.001438,-0.040063,0.117700 
2.578125,-0.001494,-0.038271,0.130073 
2.578125,-0.001667,-0.039112,0.139184 
2.578125,-0.001307,-0.040540,0.141365 
2.578125,-0.001346,-0.036832,0.137061 
2.593750,-0.001497,-0.031432,0.128384 
2.593750,-0.000992,-0.024018,0.117985 
2.593750,-0.000302,-0.009488,0.108137 
2.593750,-0.000308,0.006070,0.102183 
2.609375,0.000197,0.017912,0.100966 
2.609375,0.000752,0.029692,0.103682 
2.609375,0.000761,0.038869,0.109613 
2.609375,0.001011,0.041119,0.117234 
2.625000,0.000990,0.039996,0.125426 
2.625000,0.000687,0.037276,0.132770 
2.625000,0.000728,0.028267,0.138251 
2.640625,0.000297,0.015165,0.140449 
2.640625,-0.000277,0.002239,0.138050 
2.640625,-0.000633,-0.013000,0.131665 
2.640625,-0.001084,-0.026058,0.121921 
2.656250,-0.001488,-0.034366,0.112078 
2.656250,-0.001519,-0.039206,0.104747 
2.656250,-0.001643,-0.039868,0.102567 
2.656250,-0.001663,-0.039651,0.106902 
2.671875,-0.001478,-0.040150,0.117657 
2.671875,-0.001445,-0.038242,0.130035 
2.671875,-0.001638,-0.039145,0.139170 
2.671875,-0.001362,-0.040616,0.141369 
2.687500,-0.001309,-0.036853,0.137100 
2.687500,-0.001465,-0.031439,0.128421 
2.687500,-0.001044,-0.024055,0.117994 
2.703125,-0.000409,-0.009904,0.108570 
2.703125,-0.000349,0.006042,0.102190 
2.703125,0.000206,0.017810,0.100967 
2.703125,0.000788,0.029678,0.103662 
2.718750,0.000710,0.038819,0.109591 
2.718750,0.001015,0.041073,0.117206 
2.718750,0.001048,0.039982,0.125388 
2.718750,0.000635,0.037359,0.132706 
2.734375,0.000697,0.028321,0.138226 
2.734375,0.000360,0.015184,0.140470 
2.734375,-0.000258,0.002279,0.138104 
2.734375,-0.000641,-0.012991,0.131722 
2.750000,-0.001026,-0.026019,0.121944 
2.750000,-0.001529,-0.034420,0.112109 
2.750000,-0.001509,-0.039192,0.104751 
2.765625,-0.001603,-0.039866,0.102570 
2.765625,-0.001727,-0.039691,0.106899 
2.765625,-0.001437,-0.040188,0.117642 
2.765625,-0.001442,-0.038231,0.130013 
2.781250,-0.001703,-0.039178,0.139168 
2.781250,-0.001357,-0.040710,0.141383 
2.781250,-0.001302,-0.036847,0.137124 
2.781250,-0.001524,-0.031451,0.128434 
2.796875,-0.001040,-0.024221,0.118001 
2.796875,-0.000424,-0.010027,0.108551 
2.796875,-0.000395,0.006040,0.102179 
2.796875,0.000179,0.017730,0.100990 
2.812500,0.000719,0.029562,0.103658 
2.812500,0.000624,0.038862,0.109564 
2.812500,0.000995,0.041117,0.117144 
2.828125,0.001054,0.039970,0.125324 
2.828125,0.000575,0.037359,0.132657 
2.828125,0.000682,0.028365,0.138211 
2.828125,0.000286,0.014794,0.140927 
2.843750,-0.000357,0.002379,0.138159 
2.843750,-0.000633,-0.012823,0.131735 
2.843750,-0.001022,-0.026022,0.121960 
2.843750,-0.001575,-0.034497,0.112120 
2.859375,-0.001548,-0.039313,0.104763 
2.859375,-0.001573,-0.039843,0.102576 
2.859375,-0.001760,-0.039714,0.106903 
2.859375,-0.001444,-0.040323,0.117641 
2.875000,-0.001409,-0.038162,0.129990 
2.875000,-0.001738,-0.039150,0.139166 
2.875000,-0.001380,-0.040853,0.141411 
2.890625,-0.001266,-0.037006,0.137171 
2.890625,-0.001536,-0.031397,0.128438 
2.890625,-0.000955,-0.023962,0.117623 
2.890625,-0.000264,-0.009875,0.108145 
2.906250,-0.000367,0.005951,0.102227 
2.906250,0.000150,0.017679,0.101037 
2.906250,0.000761,0.029443,0.103644 
2.906250,0.000603,0.038792,0.109494 
2.921875,0.000952,0.041101,0.117051 
2.921875,0.001064,0.039939,0.125226 
2.921875,0.000535,0.037380,0.132592 
2.921875,0.000618,0.028398,0.138199 
2.937500,0.000303,0.015216,0.140531 
2.937500,-0.000382,0.002480,0.138179 
2.937500,-0.000641,-0.012783,0.131770 
2.953125,-0.001096,-0.026026,0.122005 
2.953125,-0.001589,-0.034416,0.112159 
2.953125,-0.001450,-0.039157,0.104804 
2.953125,-0.001657,-0.039896,0.102589 
2.968750,-0.001814,-0.039735,0.106893 
2.968750,-0.001349,-0.040134,0.117593 
2.968750,-0.001475,-0.038228,0.129947 
2.968750,-0.001784,-0.039259,0.139135 
2.984375,-0.001317,-0.040720,0.141393 
2.984375,-0.001328,-0.036989,0.137179 
2.984375,-0.001615,-0.031614,0.128480 
2.984375,-0.000931,-0.024005,0.117656 
3.000000,-0.000352,-0.009807,0.108185 
3.000000,-0.000504,0.005764,0.102267 
3.000000,0.000218,0.017579,0.101026 
3.015625,0.000712,0.029511,0.103557 
3.015625,0.000625,0.038702,0.109415 
3.015625,0.001012,0.041047,0.116986 
3.015625,0.000967,0.040028,0.125173 
3.031250,0.000614,0.037349,0.132578 
3.031250,0.000703,0.028316,0.138204 
3.031250,0.000261,0.015365,0.140536 
3.031250,-0.000319,0.002571,0.138168 
3.046875,-0.000607,-0.012524,0.131389 
3.046875,-0.001172,-0.025859,0.122063 
3.046875,-0.001527,-0.034400,0.112231 
3.046875,-0.001560,-0.039295,0.104851 
3.062500,-0.001725,-0.039883,0.102590 
3.062500,-0.001746,-0.039712,0.106843 
3.062500,-0.001450,-0.040310,0.117547 
3.078125,-0.001547,-0.038199,0.129887 
3.078125,-0.001717,-0.039154,0.139096 
3.078125,-0.001385,-0.040781,0.141400 
3.078125,-0.001391,-0.037029,0.137222 
3.093750,-0.001533,-0.031521,0.128550 
3.093750,-0.001080,-0.024301,0.118140 
3.093750,-0.000397,-0.009942,0.108220 
3.093750,-0.000424,0.005805,0.102258 
3.109375,0.000162,0.017566,0.101005 
3.109375,0.000679,0.029396,0.103566 
3.109375,0.000670,0.038741,0.109418 
3.109375,0.000982,0.041064,0.116978 
3.125000,0.000935,0.039918,0.125158 
3.125000,0.000608,0.037339,0.132555 
3.125000,0.000659,0.028372,0.138184 
3.140625,0.000225,0.015310,0.140539 
3.140625,-0.000364,0.002618,0.138204 
3.140625,-0.000756,-0.012753,0.131846 
3.140625,-0.001269,-0.025934,0.122114 
3.156250,-0.001621,-0.034368,0.112263 
3.156250,-0.001482,-0.039187,0.104881 
3.156250,-0.001817,-0.039956,0.102583 
3.156250,-0.001813,-0.039814,0.106839 
3.171875,-0.001446,-0.040141,0.117480 
3.171875,-0.001590,-0.038311,0.129862 
3.171875,-0.001803,-0.039298,0.139095 
3.171875,-0.001399,-0.040609,0.141423 
3.187500,-0.001415,-0.036907,0.137238 
3.187500,-0.001600,-0.031692,0.128586 
3.187500,-0.001096,-0.024388,0.118164 
3.203125,-0.000394,-0.009908,0.108237 
3.203125,-0.000504,0.005703,0.102267 
3.203125,0.000151,0.017560,0.100992 
3.203125,0.000727,0.029428,0.103497 
3.218750,0.000645,0.038614,0.109332 
3.218750,0.000917,0.040988,0.116909 
3.218750,0.000958,0.040028,0.125111 
3.218750,0.000599,0.037399,0.132500 
3.234375,0.000572,0.028319,0.138177 
3.234375,0.000222,0.015478,0.140526 
3.234375,-0.000364,0.002617,0.138212 
3.234375,-0.000744,-0.012798,0.131887 
3.250000,-0.001277,-0.025778,0.122152 
3.250000,-0.001600,-0.034296,0.112342 
3.250000,-0.001656,-0.039286,0.104921 
3.265625,-0.001753,-0.039967,0.102619 
3.265625,-0.001764,-0.039694,0.106806 
3.265625,-0.001537,-0.040230,0.117439 
3.265625,-0.001607,-0.038296,0.129803 
3.281250,-0.001804,-0.039192,0.139052 
3.281250,-0.001470,-0.040732,0.141426 
3.281250,-0.001444,-0.037057,0.137290 
3.281250,-0.001662,-0.031660,0.128640 
3.296875,-0.001157,-0.024448,0.118232 
3.296875,-0.000455,-0.009971,0.108282 
3.296875,-0.000538,0.005632,0.102294 
3.296875,0.000174,0.017478,0.100996 
3.312500,0.000664,0.029322,0.103510 
3.312500,0.000657,0.038611,0.109330 
3.312500,0.001000,0.041001,0.116903 
3.328125,0.000933,0.040006,0.125110 
3.328125,0.000577,0.037384,0.132527 
3.328125,0.000668,0.028399,0.138170 
3.328125,0.000216,0.015390,0.140536 
3.343750,-0.000425,0.002623,0.138244 
3.343750,-0.000744,-0.012700,0.131927 
3.343750,-0.001271,-0.025736,0.122213 
3.343750,-0.001588,-0.034197,0.112377 
3.359375,-0.001673,-0.039317,0.104957 
3.359375,-0.001855,-0.040035,0.102623 
3.359375,-0.001758,-0.039643,0.106754 
3.359375,-0.001554,-0.040236,0.117386 
3.375000,-0.001645,-0.038299,0.129753 
3.375000,-0.001789,-0.039077,0.139027 
3.375000,-0.001470,-0.040704,0.141443 
3.390625,-0.001450,-0.037085,0.137323 
3.390625,-0.001637,-0.031658,0.128690 
3.390625,-0.001122,-0.024393,0.118317 
3.390625,-0.000463,-0.009998,0.108351 
3.406250,-0.000685,0.005147,0.102739 
3.406250,0.000146,0.017405,0.100971 
3.406250,0.000621,0.029335,0.103486 
3.406250,0.000635,0.038527,0.109315 
3.421875,0.001004,0.040888,0.116903 
3.421875,0.000890,0.040004,0.125105 
3.421875,0.000558,0.037405,0.132470 
3.421875,0.000644,0.028454,0.138144 
3.437500,0.000123,0.015498,0.140491 
3.437500,-0.000432,0.002693,0.138242 
3.437500,-0.000673,-0.012369,0.131558 
3.453125,-0.001196,-0.025322,0.121850 
3.453125,-0.001565,-0.034211,0.112404 
3.453125,-0.001627,-0.039321,0.104980 
3.453125,-0.001848,-0.039855,0.102594 
3.468750,-0.001783,-0.039539,0.106723 
3.468750,-0.001567,-0.040264,0.117352 
3.468750,-0.001629,-0.038313,0.129721 
3.468750,-0.001754,-0.038975,0.138992 
3.484375,-0.001497,-0.040726,0.141455 
3.484375,-0.001467,-0.037118,0.137347 
3.484375,-0.001622,-0.031607,0.128712 
3.484375,-0.001160,-0.024340,0.118350 
3.500000,-0.000415,-0.009999,0.108384 
3.500000,-0.000512,0.005468,0.102331 
3.500000,-0.000007,0.017314,0.100962 
3.515625,0.000659,0.029323,0.103434 
3.515625,0.000653,0.038455,0.109255 
3.515625,0.000911,0.040874,0.116824 
3.515625,0.000986,0.039978,0.125056 
3.531250,0.000614,0.037425,0.132454 
3.531250,0.000553,0.028393,0.138129 
3.531250,0.000206,0.015607,0.140482 
3.531250,-0.000437,0.002740,0.138248 
3.546875,-0.000807,-0.012534,0.131994 
3.546875,-0.001192,-0.025434,0.122315 
3.546875,-0.001680,-0.034167,0.112452 
3.546875,-0.001661,-0.039410,0.104999 
3.562500,-0.001684,-0.039889,0.102585 
3.562500,-0.001969,-0.039562,0.106671 
3.562500,-0.001611,-0.040348,0.117284 
3.578125,-0.001472,-0.038282,0.129658 
3.578125,-0.001930,-0.038893,0.138962 
3.578125,-0.001469,-0.040771,0.141469 
3.578125,-0.001243,-0.037132,0.137401 
3.593750,-0.001736,-0.031517,0.128762 
3.593750,-0.001200,-0.024370,0.118397 
3.593750,-0.000330,-0.010559,0.108831 
3.593750,-0.000656,0.005424,0.102307 
3.609375,0.000042,0.017361,0.100987 
3.609375,0.000759,0.029174,0.103488 
3.609375,0.000487,0.038572,0.109263 
3.609375,0.000953,0.040976,0.116794 
3.625000,0.001012,0.039869,0.125008 
3.625000,0.000494,0.037387,0.132397 
3.625000,0.000654,0.028626,0.138098 
3.640625,0.000259,0.015463,0.140537 
3.640625,-0.000519,0.002866,0.138308 
3.640625,-0.000510,-0.012091,0.131591 
3.640625,-0.001168,-0.025643,0.122308 
3.656250,-0.001703,-0.034159,0.112434 
3.656250,-0.001550,-0.039158,0.104999 
3.656250,-0.001710,-0.039946,0.102603 
3.656250,-0.001969,-0.039687,0.106691 
3.671875,-0.001522,-0.040187,0.117276 
3.671875,-0.001507,-0.038228,0.129654 
3.671875,-0.001932,-0.039092,0.138985 
3.671875,-0.001336,-0.040618,0.141478 
3.687500,-0.001265,-0.036969,0.137404 
3.687500,-0.001763,-0.031643,0.128779 
3.687500,-0.001122,-0.024543,0.118397 
3.703125,-0.000343,-0.010558,0.108837 
3.703125,-0.000607,0.005366,0.102360 
3.703125,0.000097,0.017261,0.101071 
3.703125,0.000676,0.029258,0.103471 
3.718750,0.000570,0.038391,0.109218 
3.718750,0.000969,0.040955,0.116745 
3.718750,0.000979,0.039972,0.124962 
3.718750,0.000523,0.037399,0.132364 
3.734375,0.000679,0.028611,0.138078 
3.734375,0.000251,0.015715,0.140502 
3.734375,-0.000429,0.002955,0.138303 
3.734375,-0.000541,-0.012142,0.131644 
3.750000,-0.001181,-0.025548,0.122371 
3.750000,-0.001635,-0.034019,0.112488 
3.750000,-0.001669,-0.039229,0.105036 
3.765625,-0.001758,-0.039995,0.102591 
3.765625,-0.001775,-0.039547,0.106614 
3.765625,-0.001612,-0.040221,0.117210 
3.765625,-0.001510,-0.038306,0.129584 
3.781250,-0.001697,-0.038933,0.138938 
3.781250,-0.001435,-0.040541,0.141491 
3.781250,-0.001280,-0.037023,0.137462 
3.781250,-0.001551,-0.031680,0.128858 
3.796875,-0.001200,-0.024595,0.118469 
3.796875,-0.000439,-0.010558,0.108876 
3.796875,-0.000534,0.005359,0.102371 
3.796875,0.000080,0.017181,0.101063 
3.812500,0.000726,0.029254,0.103469 
3.812500,0.000588,0.038358,0.109223 
3.812500,0.000980,0.040876,0.116747 
3.828125,0.000923,0.040100,0.124940 
3.828125,0.000536,0.037438,0.132348 
3.828125,0.000713,0.028608,0.138052 
3.828125,0.000336,0.015825,0.140474 
3.843750,-0.000353,0.002945,0.138311 
3.843750,-0.000565,-0.012063,0.131715 
3.843750,-0.001135,-0.025366,0.122430 
3.843750,-0.001626,-0.034060,0.112548 
3.859375,-0.001589,-0.039283,0.105055 
3.859375,-0.001664,-0.039968,0.102579 
3.859375,-0.001855,-0.039595,0.106579 
3.859375,-0.001573,-0.040223,0.117161 
3.875000,-0.001447,-0.038277,0.129555 
3.875000,-0.001748,-0.038939,0.138929 
3.875000,-0.001362,-0.040559,0.141514 
3.890625,-0.001208,-0.037044,0.137519 
3.890625,-0.001635,-0.031737,0.128924 
3.890625,-0.001155,-0.024672,0.118506 
3.890625,-0.000278,-0.010423,0.108474 
3.906250,-0.000593,0.005350,0.102355 
3.906250,0.000080,0.017132,0.101075 
3.906250,0.000702,0.029151,0.103486 
3.906250,0.000492,0.038563,0.109222 
3.921875,0.000967,0.041000,0.116727 
3.921875,0.001029,0.040006,0.124931 
3.921875,0.000496,0.037537,0.132307 
3.921875,0.000707,0.028752,0.138042 
3.937500,0.000365,0.015776,0.140493 
3.937500,-0.000438,0.003013,0.138353 
3.937500,-0.000570,-0.011908,0.131768 
3.953125,-0.001046,-0.025465,0.122477 
3.953125,-0.001565,-0.034064,0.112563 
3.953125,-0.001503,-0.039143,0.105046 
3.953125,-0.001717,-0.039932,0.102547 
3.968750,-0.001783,-0.039654,0.106543 
3.968750,-0.001509,-0.040233,0.117090 
3.968750,-0.001471,-0.038242,0.129510 
3.968750,-0.001684,-0.038911,0.138911 
3.984375,-0.001352,-0.040596,0.141514 
3.984375,-0.001247,-0.037087,0.137554 
3.984375,-0.001543,-0.031687,0.128973 
3.984375,-0.001107,-0.024719,0.118534 
4.000000,-0.000449,-0.010905,0.108924 
4.000000,-0.000652,0.005036,0.102775 
4.000000,0.000056,0.017168,0.101077 
4.015625,0.000712,0.029091,0.103490 
4.015625,0.000557,0.038614,0.109217 
4.015625,0.000940,0.040996,0.116695 
4.015625,0.000996,0.039980,0.124864 
4.031250,0.000582,0.037651,0.132245 
4.031250,0.000701,0.028923,0.137982 
4.031250,0.000326,0.015789,0.140499 
4.031250,-0.000395,0.003125,0.138394 
4.046875,-0.000671,-0.012077,0.132223 
4.046875,-0.001127,-0.025502,0.122481 
4.046875,-0.001465,-0.034018,0.112546 
4.046875,-0.001589,-0.039102,0.105035 
4.062500,-0.001755,-0.040058,0.102512 
4.062500,-0.001703,-0.039589,0.106520 
4.062500,-0.001558,-0.040128,0.117059 
4.078125,-0.001519,-0.038383,0.129518 
4.078125,-0.001581,-0.038870,0.138913 
4.078125,-0.001423,-0.040517,0.141564 
4.078125,-0.001303,-0.037247,0.137616 
4.093750,-0.001443,-0.031772,0.129009 
4.093750,-0.001158,-0.024575,0.118590 
4.093750,-0.000497,-0.010879,0.108941 
4.093750,-0.000345,0.005102,0.102446 
4.109375,0.000014,0.017122,0.101096 
4.109375,0.000676,0.029052,0.103436 
4.109375,0.000666,0.038361,0.109139 
4.109375,0.000834,0.041052,0.116647 
4.125000,0.001049,0.040164,0.124841 
4.125000,0.000678,0.037555,0.132246 
4.125000,0.000635,0.028858,0.137999 
4.140625,0.000443,0.015993,0.140502 
4.140625,-0.000282,0.003134,0.138422 
4.140625,-0.000698,-0.012099,0.132284 
4.140625,-0.000996,-0.025384,0.122562 
4.156250,-0.001552,-0.034116,0.112653 
4.156250,-0.001526,-0.039088,0.105104 
4.156250,-0.001588,-0.039951,0.102560 
4.156250,-0.001900,-0.039696,0.106515 
4.171875,-0.001548,-0.040145,0.117006 
4.171875,-0.001380,-0.038223,0.129451 
4.171875,-0.001808,-0.038944,0.138855 
4.171875,-0.001413,-0.040637,0.141563 
4.187500,-0.001129,-0.037108,0.137604 
4.187500,-0.001597,-0.031733,0.129050 
4.187500,-0.001163,-0.024718,0.118650 
4.203125,-0.000340,-0.010948,0.108980 
4.203125,-0.000411,0.005234,0.102427 
4.203125,0.000068,0.017109,0.101096 
4.203125,0.000807,0.028966,0.103458 
4.218750,0.000628,0.038426,0.109157 
4.218750,0.000996,0.041002,0.116649 
4.218750,0.001020,0.040114,0.124807 
4.218750,0.000585,0.037624,0.132218 
4.234375,0.000780,0.028872,0.137987 
4.234375,0.000434,0.015937,0.140520 
4.234375,-0.000287,0.003239,0.138462 
4.234375,-0.000469,-0.011769,0.131905 
4.250000,-0.001070,-0.025362,0.122600 
4.250000,-0.001640,-0.034024,0.112682 
4.250000,-0.001499,-0.039035,0.105120 
4.265625,-0.001581,-0.039970,0.102546 
4.265625,-0.001920,-0.039706,0.106474 
4.265625,-0.001470,-0.040115,0.116969 
4.265625,-0.001340,-0.038189,0.129403 
4.281250,-0.001831,-0.039041,0.138839 
4.281250,-0.001313,-0.040568,0.141562 
4.281250,-0.001137,-0.037042,0.137614 
4.281250,-0.001639,-0.031772,0.129064 
4.296875,-0.001087,-0.024852,0.118696 
4.296875,-0.000374,-0.010961,0.109006 
4.296875,-0.000458,0.005191,0.102426 
4.296875,0.000150,0.016950,0.101085 
4.312500,0.000697,0.029014,0.103436 
4.312500,0.000600,0.038392,0.109134 
4.312500,0.001019,0.040941,0.116588 
4.328125,0.001038,0.040088,0.124760 
4.328125,0.000579,0.037701,0.132176 
4.328125,0.000803,0.028911,0.137947 
4.328125,0.000457,0.016005,0.140531 
4.343750,-0.000273,0.003381,0.138500 
4.343750,-0.000466,-0.011711,0.131948 
4.343750,-0.001105,-0.025274,0.122633 
4.343750,-0.001477,-0.033955,0.112702 
4.359375,-0.001337,-0.039111,0.105122 
4.359375,-0.001789,-0.039965,0.102538 
4.359375,-0.001787,-0.039607,0.106458 
4.359375,-0.001313,-0.040184,0.116920 
4.375000,-0.001563,-0.038314,0.129374 
4.375000,-0.001696,-0.038816,0.138821 
4.375000,-0.001185,-0.040591,0.141578 
4.390625,-0.001326,-0.037212,0.137688 
4.390625,-0.001543,-0.031774,0.129110 
4.390625,-0.000864,-0.024489,0.118327 
4.390625,-0.000375,-0.010776,0.108621 
4.406250,-0.000339,0.005019,0.102442 
4.406250,0.000211,0.016994,0.101080 
4.406250,0.000600,0.028946,0.103407 
4.406250,0.000658,0.038349,0.109081 
4.421875,0.000998,0.041097,0.116526 
4.421875,0.000940,0.040120,0.124695 
4.421875,0.000642,0.037601,0.132164 
4.421875,0.000820,0.028986,0.137952 
4.437500,0.000347,0.016161,0.140515 
4.437500,-0.000168,0.003238,0.138474 
4.437500,-0.000504,-0.011653,0.131969 
4.453125,-0.001135,-0.025159,0.122675 
4.453125,-0.001371,-0.033965,0.112776 
4.453125,-0.001471,-0.039131,0.105167 
4.453125,-0.001803,-0.039931,0.102545 
4.468750,-0.001636,-0.039598,0.106411 
4.468750,-0.001446,-0.040202,0.116872 
4.468750,-0.001533,-0.038255,0.129306 
4.468750,-0.001540,-0.038782,0.138786 
4.484375,-0.001334,-0.040667,0.141588 
4.484375,-0.001316,-0.037269,0.137724 
4.484375,-0.001376,-0.031720,0.129160 
4.484375,-0.001091,-0.024760,0.118797 
4.500000,-0.000380,-0.010826,0.108665 
4.500000,-0.000253,0.005022,0.102464 
4.500000,0.000165,0.016946,0.101058 
4.515625,0.000751,0.028806,0.103398 
4.515625,0.000754,0.038357,0.109034 
4.515625,0.000938,0.041096,0.116488 
4.515625,0.001014,0.040141,0.124667 
4.531250,0.000749,0.037673,0.132142 
4.531250,0.000731,0.029075,0.137949 
4.531250,0.000452,0.016144,0.140535 
4.531250,-0.000125,0.003440,0.138532 
4.546875,-0.000580,-0.011526,0.132018 
4.546875,-0.001009,-0.025197,0.122743 
4.546875,-0.001465,-0.033950,0.112817 
4.546875,-0.001614,-0.039017,0.105193 
4.562500,-0.001584,-0.039958,0.102557 
4.562500,-0.001697,-0.039649,0.106399 
4.562500,-0.001585,-0.040132,0.116830 
4.578125,-0.001343,-0.038225,0.129264 
4.578125,-0.001548,-0.038883,0.138776 
4.578125,-0.001487,-0.040648,0.141577 
4.578125,-0.001184,-0.037229,0.137743 
4.593750,-0.001365,-0.031765,0.129213 
4.593750,-0.001228,-0.024811,0.118840 
4.593750,-0.000383,-0.011112,0.109131 
4.593750,-0.000156,0.005003,0.102461 
4.609375,0.000063,0.016916,0.101073 
4.609375,0.000818,0.028800,0.103405 
4.609375,0.000768,0.038298,0.109009 
4.609375,0.000872,0.041126,0.116450 
4.625000,0.001084,0.040175,0.124611 
4.625000,0.000767,0.037636,0.132082 
4.625000,0.000671,0.029040,0.137925 
4.640625,0.000535,0.016224,0.140543 
4.640625,-0.000075,0.003358,0.138565 
4.640625,-0.000579,-0.011497,0.132048 
4.640625,-0.000894,-0.025083,0.122778 
4.656250,-0.001409,-0.033893,0.112837 
4.656250,-0.001628,-0.039029,0.105208 
4.656250,-0.001561,-0.039961,0.102549 
4.656250,-0.001679,-0.039609,0.106373 
4.671875,-0.001628,-0.040141,0.116800 
4.671875,-0.001343,-0.038286,0.129234 
4.671875,-0.001552,-0.038851,0.138756 
4.671875,-0.001517,-0.040678,0.141588 
4.687500,-0.001179,-0.037301,0.137781 
4.687500,-0.001377,-0.031870,0.129265 
4.687500,-0.001286,-0.024856,0.118879 
4.703125,-0.000355,-0.011159,0.109144 
4.703125,-0.000165,0.004928,0.102455 
4.703125,-0.000005,0.016914,0.101078 
4.703125,0.000855,0.028782,0.103387 
4.718750,0.000686,0.038325,0.108955 
4.718750,0.000842,0.041065,0.116392 
4.718750,0.001173,0.040185,0.124570 
4.718750,0.000700,0.037703,0.132028 
4.734375,0.000616,0.029187,0.137884 
4.734375,0.000608,0.016360,0.140527 
4.734375,-0.000198,0.003499,0.138571 
4.734375,-0.000617,-0.011456,0.132099 
4.750000,-0.000893,-0.024995,0.122834 
4.750000,-0.001494,-0.033886,0.112905 
4.750000,-0.001729,-0.039168,0.105245 
4.765625,-0.001475,-0.039915,0.102557 
4.765625,-0.001699,-0.039532,0.106333 
4.765625,-0.001733,-0.040192,0.116728 
4.765625,-0.001261,-0.038296,0.129182 
4.781250,-0.001555,-0.038815,0.138714 
4.781250,-0.001653,-0.040652,0.141577 
4.781250,-0.001103,-0.037431,0.137829 
4.781250,-0.001378,-0.031854,0.129313 
4.796875,-0.001369,-0.024862,0.118921 
4.796875,-0.000312,-0.011207,0.109196 
4.796875,-0.000210,0.004899,0.102476 
4.796875,0.000046,0.016858,0.101041 
4.812500,0.000955,0.028734,0.103382 
4.812500,0.000697,0.038330,0.108933 
4.812500,0.000879,0.041071,0.116367 
4.828125,0.001270,0.040177,0.124546 
4.828125,0.000700,0.037777,0.131999 
4.828125,0.000623,0.029338,0.137897 
4.828125,0.000670,0.016383,0.140551 
4.843750,-0.000196,0.003569,0.138608 
4.843750,-0.000639,-0.011281,0.132137 
4.843750,-0.000896,-0.024970,0.122867 
4.843750,-0.001462,-0.033869,0.112900 
4.859375,-0.001613,-0.039036,0.105246 
4.859375,-0.001514,-0.039984,0.102532 
4.859375,-0.001706,-0.039622,0.106298 
4.859375,-0.001653,-0.040162,0.116681 
4.875000,-0.001349,-0.038251,0.129136 
4.875000,-0.001580,-0.038906,0.138707 
4.875000,-0.001570,-0.040632,0.141588 
4.890625,-0.001152,-0.037270,0.137829 
4.890625,-0.001418,-0.031930,0.129343 
4.890625,-0.001274,-0.024948,0.118956 
4.890625,-0.000316,-0.011244,0.109236 
4.906250,-0.000340,0.004511,0.102905 
4.906250,0.000056,0.016780,0.101061 
4.906250,0.000907,0.028706,0.103393 
4.906250,0.000741,0.038382,0.108923 
4.921875,0.000909,0.041048,0.116345 
4.921875,0.001211,0.040121,0.124511 
4.921875,0.000731,0.037812,0.131967 
4.921875,0.000652,0.029389,0.137858 
4.937500,0.000596,0.016333,0.140558 
4.937500,-0.000191,0.003583,0.138637 
4.937500,-0.000604,-0.011223,0.132166 
4.953125,-0.000850,-0.024996,0.122891 
4.953125,-0.001542,-0.033757,0.112942 
4.953125,-0.001644,-0.039012,0.105280 
4.953125,-0.001447,-0.040030,0.102543 
4.968750,-0.001806,-0.039604,0.106266 
4.968750,-0.001639,-0.040197,0.116615 
4.968750,-0.001236,-0.038308,0.129045 
4.968750,-0.001720,-0.038915,0.138643 
4.984375,-0.001566,-0.040600,0.141565 
4.984375,-0.001034,-0.037327,0.137847 
4.984375,-0.001538,-0.031978,0.129378 
4.984375,-0.001280,-0.024953,0.119010 
5.000000,-0.000068,-0.010983,0.108850 
5.000000,-0.000260,0.004803,0.102503 
5.000000,0.000023,0.016809,0.101069 
5.015625,0.000941,0.028642,0.103381 
5.015625,0.000650,0.038257,0.108877 
5.015625,0.000897,0.041081,0.116305 
5.015625,0.001305,0.040092,0.124493 
5.031250,0.000635,0.037882,0.131971 
5.031250,0.000635,0.029529,0.137868 
5.031250,0.000589,0.016442,0.140532 
5.031250,-0.000252,0.003615,0.138632 
5.046875,-0.000617,-0.011403,0.132608 
5.046875,-0.000844,-0.024960,0.122970 
5.046875,-0.001538,-0.033923,0.113023 
5.046875,-0.001563,-0.038988,0.105319 
5.062500,-0.001513,-0.039973,0.102522 
5.062500,-0.001815,-0.039650,0.106220 
5.062500,-0.001573,-0.040156,0.116532 
5.078125,-0.001257,-0.038380,0.128985 
5.078125,-0.001703,-0.038929,0.138615 
5.078125,-0.001556,-0.040589,0.141579 
5.078125,-0.001060,-0.037384,0.137887 
5.093750,-0.001515,-0.032100,0.129424 
5.093750,-0.001244,-0.025068,0.119086 
5.093750,-0.000100,-0.011078,0.108897 
5.093750,-0.000362,0.004715,0.102530 
5.109375,0.000088,0.016794,0.101033 
5.109375,0.000933,0.028625,0.103352 
5.109375,0.000654,0.038229,0.108858 
5.109375,0.000986,0.041090,0.116274 
5.125000,0.001244,0.040228,0.124478 
5.125000,0.000639,0.037882,0.131961 
5.125000,0.000728,0.029580,0.137841 
5.140625,0.000604,0.016522,0.140535 
5.140625,-0.000237,0.003684,0.138619 
5.140625,-0.000595,-0.011380,0.132626 
5.140625,-0.000872,-0.024908,0.123009 
5.156250,-0.001548,-0.033851,0.113078 
5.156250,-0.001576,-0.039003,0.105341 
5.156250,-0.001513,-0.039980,0.102537 
5.156250,-0.001829,-0.039630,0.106197 
5.171875,-0.001563,-0.040196,0.116491 
5.171875,-0.001247,-0.038405,0.128938 
5.171875,-0.001679,-0.038917,0.138583 
5.171875,-0.001535,-0.040620,0.141583 
5.187500,-0.001072,-0.037434,0.137909 
5.187500,-0.001506,-0.032064,0.129463 
5.187500,-0.001260,-0.025072,0.119123 
5.203125,-0.000264,-0.011514,0.109342 
5.203125,-0.000297,0.004731,0.102555 
5.203125,0.000053,0.016739,0.101069 
5.203125,0.000918,0.028517,0.103372 
5.218750,0.000706,0.038312,0.108868 
5.218750,0.000950,0.041158,0.116268 
5.218750,0.001212,0.040182,0.124442 
5.218750,0.000690,0.037942,0.131891 
5.234375,0.000728,0.029620,0.137788 
5.234375,0.000615,0.016463,0.140526 
5.234375,-0.000215,0.003719,0.138654 
5.234375,-0.000523,-0.011051,0.132269 
5.250000,-0.000860,-0.024938,0.123037 
5.250000,-0.001458,-0.033828,0.113055 
5.250000,-0.001554,-0.038975,0.105326 
5.265625,-0.001582,-0.039948,0.102491 
5.265625,-0.001781,-0.039662,0.106149 
5.265625,-0.001513,-0.040231,0.116450 
5.265625,-0.001345,-0.038408,0.128899 
5.281250,-0.001670,-0.038905,0.138584 
5.281250,-0.001424,-0.040687,0.141619 
5.281250,-0.001161,-0.037468,0.137957 
5.281250,-0.001490,-0.032096,0.129492 
5.296875,-0.001209,-0.025113,0.119145 
5.296875,-0.000241,-0.011316,0.108935 
5.296875,-0.000341,0.004594,0.102538 
5.296875,0.000055,0.016737,0.101083 
5.312500,0.000830,0.028438,0.103379 
5.312500,0.000683,0.038193,0.108842 
5.312500,0.000913,0.041189,0.116240 
5.328125,0.001147,0.040220,0.124401 
5.328125,0.000687,0.037904,0.131865 
5.328125,0.000718,0.029664,0.137757 
5.328125,0.000542,0.016610,0.140498 
5.343750,-0.000253,0.003729,0.138664 
5.343750,-0.000548,-0.011043,0.132303 
5.343750,-0.000918,-0.024848,0.123070 
5.343750,-0.001462,-0.033772,0.113090 
5.359375,-0.001666,-0.038941,0.105328 
5.359375,-0.001567,-0.039952,0.102477 
5.359375,-0.001681,-0.039683,0.106112 
5.359375,-0.001619,-0.040172,0.116381 
5.375000,-0.001289,-0.038397,0.128846 
5.375000,-0.001576,-0.038937,0.138555 
5.375000,-0.001553,-0.040671,0.141623 
5.390625,-0.001138,-0.037474,0.137987 
5.390625,-0.001381,-0.032118,0.129552 
5.390625,-0.001286,-0.025144,0.119178 
5.390625,-0.000259,-0.011337,0.108983 
5.406250,-0.000305,0.004564,0.102593 
5.406250,0.000015,0.016657,0.101084 
5.406250,0.000894,0.028476,0.103354 
5.406250,0.000707,0.038139,0.108817 
5.421875,0.000902,0.041102,0.116203 
5.421875,0.001230,0.040282,0.124328 
5.421875,0.000694,0.037913,0.131819 
5.421875,0.000692,0.029647,0.137737 
5.437500,0.000630,0.016682,0.140507 
5.437500,-0.000243,0.003830,0.138690 
5.437500,-0.000524,-0.011024,0.132339 
5.453125,-0.000858,-0.024807,0.123126 
5.453125,-0.001590,-0.033784,0.113156 
5.453125,-0.001621,-0.038992,0.105373 
5.453125,-0.001439,-0.040033,0.102510 
5.468750,-0.001804,-0.039638,0.106085 
5.468750,-0.001594,-0.040248,0.116329 
5.468750,-0.001208,-0.038446,0.128790 
5.468750,-0.001655,-0.038897,0.138505 
5.484375,-0.001530,-0.040713,0.141593 
5.484375,-0.001052,-0.037533,0.138010 
5.484375,-0.001435,-0.032111,0.129589 
5.484375,-0.001302,-0.025141,0.119246 
5.500000,-0.000112,-0.011483,0.109035 
5.500000,-0.000286,0.004530,0.102598 
5.500000,-0.000010,0.016599,0.101097 
5.515625,0.000989,0.028319,0.103382 
5.515625,0.000639,0.038230,0.108832 
5.515625,0.000884,0.041084,0.116198 
5.515625,0.001305,0.040224,0.124309 
5.531250,0.000643,0.037945,0.131783 
5.531250,0.000679,0.029629,0.137710 
5.531250,0.000712,0.016645,0.140510 
5.531250,-0.000348,0.003890,0.138721 
5.546875,-0.000456,-0.010976,0.132389 
5.546875,-0.000784,-0.024793,0.123164 
5.546875,-0.001698,-0.033735,0.113181 
5.546875,-0.001513,-0.038997,0.105385 
5.562500,-0.001332,-0.040008,0.102483 
5.562500,-0.002046,-0.039608,0.106045 
5.562500,-0.001520,-0.040259,0.116289 
5.578125,-0.001088,-0.038519,0.128771 
5.578125,-0.001907,-0.038884,0.138504 
5.578125,-0.001459,-0.040721,0.141636 
5.578125,-0.000862,-0.037685,0.138073 
5.593750,-0.001680,-0.032189,0.129670 
5.593750,-0.001308,-0.025189,0.119307 
5.593750,0.000039,-0.011486,0.109058 
5.593750,-0.000427,0.004358,0.102605 
5.609375,0.000002,0.016575,0.101095 
5.609375,0.001037,0.028325,0.103365 
5.609375,0.000506,0.038137,0.108798 
5.609375,0.000813,0.041084,0.116160 
5.625000,0.001389,0.040248,0.124261 
5.625000,0.000625,0.037974,0.131736 
5.625000,0.000641,0.029784,0.137658 
5.640625,0.000767,0.016742,0.140510 
5.640625,-0.000413,0.003897,0.138751 
5.640625,-0.000567,-0.011108,0.132817 
5.640625,-0.000765,-0.024735,0.123179 
5.656250,-0.001589,-0.033800,0.113178 
5.656250,-0.001632,-0.038915,0.105370 
5.656250,-0.001426,-0.039950,0.102452 
5.656250,-0.001907,-0.039705,0.106025 
5.671875,-0.001610,-0.040303,0.116264 
5.671875,-0.001085,-0.038493,0.128745 
5.671875,-0.001806,-0.038836,0.138484 
5.671875,-0.001540,-0.040809,0.141646 
5.687500,-0.000890,-0.037683,0.138125 
5.687500,-0.001532,-0.032172,0.129706 
5.687500,-0.001355,-0.025218,0.119325 
5.703125,-0.000003,-0.011629,0.109039 
5.703125,-0.000413,0.004050,0.103009 
5.703125,-0.000041,0.016615,0.101112 
5.703125,0.001078,0.028120,0.103439 
5.718750,0.000741,0.038197,0.108818 
5.718750,0.000823,0.041411,0.116134 
5.718750,0.001266,0.040211,0.124246 
5.718750,0.000747,0.037923,0.131693 
5.734375,0.000650,0.029938,0.137627 
5.734375,0.000638,0.016818,0.140491 
5.734375,-0.000210,0.003917,0.138766 
5.734375,-0.000514,-0.010682,0.132459 
5.750000,-0.000753,-0.024799,0.123220 
5.750000,-0.001592,-0.033778,0.113208 
5.750000,-0.001574,-0.038681,0.105356 
5.765625,-0.001448,-0.039980,0.102413 
5.765625,-0.001897,-0.039817,0.106000 
5.765625,-0.001565,-0.040128,0.116209 
5.765625,-0.001165,-0.038402,0.128707 
5.781250,-0.001815,-0.039089,0.138491 
5.781250,-0.001531,-0.040661,0.141663 
5.781250,-0.000907,-0.037507,0.138102 
5.781250,-0.001572,-0.032309,0.129708 
5.796875,-0.001355,-0.025420,0.119325 
5.796875,-0.000104,-0.011948,0.109494 
5.796875,-0.000344,0.004310,0.102631 
5.796875,-0.000039,0.016457,0.101161 
5.812500,0.001039,0.028182,0.103373 
5.812500,0.000612,0.038024,0.108753 
5.812500,0.000825,0.041338,0.116073 
5.828125,0.001364,0.040294,0.124181 
5.828125,0.000676,0.037880,0.131668 
5.828125,0.000666,0.029920,0.137630 
5.828125,0.000742,0.016938,0.140526 
5.843750,-0.000302,0.004052,0.138813 
5.843750,-0.000460,-0.010658,0.132481 
5.843750,-0.000709,-0.024706,0.123255 
5.843750,-0.001637,-0.033702,0.113239 
5.859375,-0.001698,-0.038799,0.105389 
5.859375,-0.001365,-0.040042,0.102436 
5.859375,-0.001845,-0.039670,0.105947 
5.859375,-0.001606,-0.040172,0.116146 
5.875000,-0.001191,-0.038482,0.128633 
5.875000,-0.001798,-0.039029,0.138439 
5.875000,-0.001559,-0.040686,0.141657 
5.890625,-0.000954,-0.037593,0.138134 
5.890625,-0.001567,-0.032302,0.129735 
5.890625,-0.001377,-0.025464,0.119361 
5.890625,-0.000017,-0.011837,0.109111 
5.906250,-0.000315,0.003984,0.103013 
5.906250,-0.000036,0.016442,0.101118 
5.906250,0.001044,0.028064,0.103391 
5.906250,0.000688,0.038103,0.108754 
5.921875,0.000768,0.041306,0.116056 
5.921875,0.001297,0.040235,0.124163 
5.921875,0.000731,0.037993,0.131619 
5.921875,0.000617,0.029971,0.137592 
5.937500,0.000726,0.016953,0.140506 
5.937500,-0.000213,0.004148,0.138809 
5.937500,-0.000516,-0.010736,0.132502 
5.953125,-0.000780,-0.024782,0.123269 
5.953125,-0.001630,-0.033614,0.113245 
5.953125,-0.001546,-0.038654,0.105407 
5.953125,-0.001401,-0.040068,0.102446 
5.968750,-0.001837,-0.039766,0.105933 
5.968750,-0.001551,-0.040137,0.116107 
5.968750,-0.001190,-0.038528,0.128596 
5.968750,-0.001788,-0.039071,0.138419 
5.984375,-0.001527,-0.040669,0.141663 
5.984375,-0.000963,-0.037645,0.138156 
5.984375,-0.001573,-0.032437,0.129767 
5.984375,-0.001357,-0.025479,0.119373 
6.000000,-0.000214,-0.012194,0.109553 
6.000000,-0.000429,0.003706,0.103084 
6.000000,0.000028,0.016388,0.101128 
6.015625,0.001044,0.028068,0.103349 
6.015625,0.000614,0.038015,0.108698 
6.015625,0.000842,0.041210,0.115996 
6.015625,0.001350,0.040268,0.124116 
6.031250,0.000729,0.038002,0.131612 
6.031250,0.000689,0.029952,0.137604 
6.031250,0.000779,0.017041,0.140523 
6.031250,-0.000249,0.004126,0.138818 
6.046875,-0.000593,-0.010682,0.132518 
6.046875,-0.000823,-0.024576,0.123313 
6.046875,-0.001482,-0.033635,0.113291 
6.046875,-0.001535,-0.038795,0.105459 
6.062500,-0.001500,-0.040010,0.102475 
6.062500,-0.001737,-0.039688,0.105909 
6.062500,-0.001541,-0.040254,0.116041 
6.078125,-0.001267,-0.038477,0.128508 
6.078125,-0.001713,-0.038989,0.138338 
6.078125,-0.001492,-0.040812,0.141626 
6.078125,-0.001073,-0.037650,0.138172 
6.093750,-0.001471,-0.032328,0.129777 
6.093750,-0.001270,-0.025512,0.119429 
6.093750,-0.000251,-0.012277,0.109596 
6.093750,-0.000352,0.003663,0.103097 
6.109375,0.000022,0.016360,0.101099 
6.109375,0.000994,0.027927,0.103345 
6.109375,0.000752,0.038019,0.108675 
6.109375,0.000846,0.041331,0.115966 
6.125000,0.001331,0.040116,0.124096 
6.125000,0.000789,0.037992,0.131570 
6.125000,0.000664,0.030073,0.137586 
6.140625,0.000748,0.016884,0.140511 
6.140625,-0.000236,0.004087,0.138836 
6.140625,-0.000684,-0.010880,0.132975 
6.140625,-0.000635,-0.024390,0.122958 
6.156250,-0.001551,-0.033643,0.113324 
6.156250,-0.001598,-0.038647,0.105467 
6.156250,-0.001326,-0.039968,0.102447 
6.156250,-0.001849,-0.039763,0.105868 
6.171875,-0.001590,-0.040220,0.115993 
6.171875,-0.001139,-0.038460,0.128454 
6.171875,-0.001784,-0.039017,0.138319 
6.171875,-0.001533,-0.040816,0.141637 
6.187500,-0.000921,-0.037640,0.138201 
6.187500,-0.001526,-0.032334,0.129813 
6.187500,-0.001336,-0.025620,0.119454 
6.203125,-0.000168,-0.012319,0.109605 
6.203125,-0.000365,0.003599,0.103105 
6.203125,-0.000038,0.016356,0.101103 
6.203125,0.001026,0.027869,0.103343 
6.218750,0.000733,0.037933,0.108647 
6.218750,0.000822,0.041377,0.115923 
6.218750,0.001386,0.040190,0.124031 
6.218750,0.000831,0.037903,0.131525 
6.234375,0.000639,0.030132,0.137550 
6.234375,0.000809,0.016943,0.140487 
6.234375,-0.000249,0.004096,0.138860 
6.234375,-0.000679,-0.010755,0.132988 
6.250000,-0.000685,-0.024568,0.123372 
6.250000,-0.001571,-0.033624,0.113328 
6.250000,-0.001622,-0.038600,0.105443 
6.265625,-0.001285,-0.039942,0.102428 
6.265625,-0.001845,-0.039767,0.105832 
6.265625,-0.001619,-0.040213,0.115944 
6.265625,-0.001068,-0.038479,0.128438 
6.281250,-0.001794,-0.039014,0.138306 
6.281250,-0.001579,-0.040797,0.141671 
6.281250,-0.000917,-0.037633,0.138224 
6.281250,-0.001546,-0.032389,0.129851 
6.296875,-0.001339,-0.025662,0.119510 
6.296875,-0.000101,-0.012137,0.109203 
6.296875,-0.000353,0.003735,0.102663 
6.296875,-0.000056,0.016238,0.101104 
6.312500,0.001012,0.027923,0.103341 
6.312500,0.000679,0.037817,0.108651 
6.312500,0.000867,0.041336,0.115924 
6.328125,0.001327,0.040333,0.124011 
6.328125,0.000720,0.037941,0.131521 
6.328125,0.000732,0.030092,0.137514 
6.328125,0.000684,0.017113,0.140451 
6.343750,-0.000354,0.003990,0.138871 
6.343750,-0.000621,-0.010780,0.132984 
6.343750,-0.000778,-0.024396,0.123347 
6.343750,-0.001545,-0.033625,0.113314 
6.359375,-0.001500,-0.038640,0.105444 
6.359375,-0.001436,-0.039885,0.102403 
6.359375,-0.001805,-0.039731,0.105820 
6.359375,-0.001510,-0.040238,0.115990 
6.375000,-0.001202,-0.038453,0.128524 
6.375000,-0.001769,-0.038999,0.138390 
6.375000,-0.001479,-0.040735,0.141642 
6.390625,-0.000993,-0.037582,0.138097 
6.390625,-0.001547,-0.032311,0.129682 
6.390625,-0.001219,-0.025489,0.119330 
6.390625,-0.000135,-0.011785,0.109072 
6.406250,-0.000628,0.003729,0.103048 
6.406250,0.000033,0.016341,0.101123 
6.406250,0.001030,0.028223,0.103383 
6.406250,0.000681,0.038050,0.108794 
6.421875,0.001001,0.041177,0.116112 
6.421875,0.001299,0.040244,0.124206 
6.421875,0.000722,0.038149,0.131523 
6.421875,0.000840,0.030895,0.137230 
6.437500,0.000738,0.020343,0.140395 
6.437500,-0.000046,0.010491,0.140333 
6.437500,-0.000280,-0.002169,0.137530 
6.453125,-0.000550,-0.013248,0.131831 
6.453125,-0.001123,-0.021897,0.124682 
6.453125,-0.001119,-0.030637,0.117564 
6.453125,-0.001246,-0.036439,0.110899 
6.468750,-0.001709,-0.038928,0.105766 
6.468750,-0.001594,-0.040787,0.102894 
6.468750,-0.001516,-0.041744,0.102448 
6.468750,-0.001772,-0.040713,0.104377 
6.484375,-0.001508,-0.039265,0.108836 
6.484375,-0.001424,-0.039005,0.114846 
6.484375,-0.001485,-0.038548,0.121523 
6.484375,-0.001398,-0.038386,0.128443 
6.500000,-0.001504,-0.039362,0.134668 
6.500000,-0.001447,-0.039890,0.139302 
6.500000,-0.001293,-0.040039,0.141870 
6.515625,-0.001427,-0.040573,0.142423 
6.515625,-0.001407,-0.040029,0.140862 
6.515625,-0.001354,-0.038391,0.137494 
6.515625,-0.001425,-0.035865,0.132858 
6.531250,-0.001304,-0.032397,0.127511 
6.531250,-0.000972,-0.027562,0.122019 
6.531250,-0.000826,-0.022083,0.117087 
6.531250,-0.000695,-0.015605,0.112396 
6.546875,-0.000405,-0.009210,0.107797 
6.546875,-0.000373,-0.001703,0.104313 
6.546875,-0.000183,0.004763,0.101878 
6.546875,0.000079,0.010869,0.100825 
6.562500,0.000111,0.017257,0.100614 
6.562500,0.000335,0.022046,0.101024 
6.562500,0.000547,0.026924,0.101952 
6.578125,0.000645,0.030915,0.103444 
6.578125,0.000797,0.033755,0.105391 
6.578125,0.000889,0.036668,0.107493 
6.578125,0.001108,0.038296,0.109769 
6.593750,0.001008,0.039525,0.111876 
6.593750,0.001152,0.040721,0.113822 
6.593750,0.001244,0.041309,0.115572 
6.593750,0.001029,0.041730,0.116899 
6.609375,0.001310,0.042175,0.118117 
6.609375,0.001221,0.041971,0.119057 
6.609375,0.000956,0.041995,0.119696 
6.609375,0.001222,0.042350,0.120018 
6.625000,0.001202,0.042173,0.120237 
6.625000,0.001042,0.042035,0.120588 
6.625000,0.001201,0.042319,0.121193 
6.640625,0.001167,0.042120,0.122052 
6.640625,0.001118,0.041862,0.123285 
6.640625,0.001070,0.041765,0.124777 
6.640625,0.000964,0.041093,0.126519 
6.656250,0.001047,0.039991,0.128567 
6.656250,0.000879,0.038730,0.130687 
6.656250,0.000788,0.036702,0.133007 
6.656250,0.000958,0.034458,0.135147 
6.671875,0.000669,0.031276,0.137128 
6.671875,0.000729,0.027222,0.138778 
6.671875,0.000770,0.022931,0.139975 
6.671875,0.000344,0.017552,0.140642 
6.687500,0.000315,0.011436,0.140641 
6.687500,-0.000021,0.005331,0.139504 
6.687500,-0.000234,-0.001896,0.137728 
6.703125,-0.000433,-0.008306,0.134895 
6.703125,-0.000762,-0.014863,0.130580 
6.703125,-0.000842,-0.021798,0.126047 
6.703125,-0.001126,-0.027481,0.120790 
6.718750,-0.001205,-0.032342,0.115587 
6.718750,-0.001222,-0.036029,0.110765 
6.718750,-0.001642,-0.039054,0.106555 
6.718750,-0.001633,-0.040666,0.103492 
6.734375,-0.001459,-0.041029,0.101984 
6.734375,-0.001828,-0.041347,0.102499 
6.734375,-0.001539,-0.040643,0.104872 
6.734375,-0.001379,-0.039359,0.109391 
6.750000,-0.001687,-0.038756,0.115263 
6.750000,-0.001240,-0.038573,0.122028 
6.750000,-0.001303,-0.038552,0.129078 
6.765625,-0.001739,-0.039208,0.135415 
6.765625,-0.001232,-0.039883,0.140049 
6.765625,-0.001192,-0.040328,0.142214 
6.765625,-0.001607,-0.040201,0.141654 
6.781250,-0.001309,-0.038858,0.138345 
6.781250,-0.001200,-0.035614,0.132675 
6.781250,-0.001371,-0.030230,0.125272 
6.781250,-0.000809,-0.022889,0.117738 
6.796875,-0.000299,-0.013056,0.110259 
6.796875,-0.000476,-0.002372,0.104938 
6.796875,-0.000008,0.009358,0.101283 
6.796875,0.000433,0.020305,0.100694 
6.812500,0.000529,0.029674,0.103394 
6.812500,0.001063,0.037241,0.108925 
6.812500,0.001144,0.041148,0.116341 
6.828125,0.000880,0.040917,0.124495 
6.828125,0.000997,0.037395,0.131923 
6.828125,0.000877,0.029639,0.137593 
6.828125,0.000358,0.017682,0.140084 
6.843750,0.000071,0.003942,0.138522 
6.843750,-0.000519,-0.010369,0.132680 
6.843750,-0.001027,-0.023859,0.123772 
6.843750,-0.001123,-0.033649,0.113766 
6.859375,-0.001400,-0.038816,0.105679 
