0,0,0.1194
0,0,0.1194
0,0,0.1194
0,1e-06,0.1194
0,2e-06,0.1194
0,2e-06,0.1194
0,3e-06,0.1194
0,5e-06,0.1194
0,6e-06,0.1194
0,8e-06,0.1194
0,1e-05,0.1194
0,1.2e-05,0.1194
0,1.4e-05,0.1194
0,1.6e-05,0.1194
0,1.9e-05,0.1194
0,2.2e-05,0.1194
0,2.5e-05,0.1194
0,2.8e-05,0.1194
0,3.1e-05,0.1194
0,3.5e-05,0.1194
0,3.8e-05,0.1194
0,4.2e-05,0.1194
0,4.6e-05,0.1194
0,5.1e-05,0.1194
0,5.5e-05,0.1194
0,6e-05,0.1194
0,6.5e-05,0.1194
0,7e-05,0.1194
0,7.5e-05,0.1194
0,8e-05,0.1194
0,8.6e-05,0.1194
0,9.2e-05,0.1194
0,9.8e-05,0.1194
0,0.000104,0.1194
0,0.00011,0.1194
0,0.000117,0.1194
0,0.000124,0.1194
0,0.000131,0.1194
0,0.000138,0.1194
0,0.000145,0.1194
0,0.000152,0.1194
0,0.00016,0.1194
0,0.000168,0.1194
0,0.000176,0.1194
0,0.000184,0.1194
0,0.000193,0.1194
0,0.000201,0.1194
0,0.00021,0.1194
0,0.000219,0.1194
0,0.000228,0.1194
0,0.000238,0.1194
0,0.000247,0.1194
0,0.000257,0.1194
0,0.000267,0.1194
0,0.000277,0.1194
0,0.000287,0.1194
0,0.000298,0.1194
0,0.000308,0.1194
0,0.000319,0.1194
0,0.00033,0.1194
0,0.000342,0.1194
0,0.000353,0.1194
0,0.000365,0.1194
0,0.000376,0.1194
0,0.000388,0.1194
0,0.000401,0.1194
0,0.000413,0.1194
0,0.000426,0.1194
0,0.000438,0.1194
0,0.000451,0.1194
0,0.000464,0.1194
0,0.000478,0.1194
0,0.000491,0.1194
0,0.000505,0.1194
0,0.000519,0.1194
0,0.000533,0.1194
0,0.000547,0.1194
0,0.000562,0.1194
0,0.000576,0.1194
0,0.000591,0.1194
0,0.000606,0.1194
0,0.000621,0.1194
0,0.000637,0.1194
0,0.000652,0.1194
0,0.000668,0.1194
0,0.000684,0.1194
0,0.0007,0.1194
0,0.000717,0.1194
0,0.000733,0.1194
0,0.00075,0.1194
0,0.000767,0.1194
0,0.000784,0.11941
0,0.000801,0.11941
0,0.000819,0.11941
0,0.000837,0.11941
0,0.000854,0.11941
0,0.000873,0.11941
0,0.000891,0.11941
0,0.000909,0.11941
0,0.000928,0.11941
0,0.000947,0.11941
0,0.000966,0.11941
0,0.000985,0.11941
0,0.001005,0.11941
0,0.001024,0.11941
0,0.001044,0.11941
0,0.001064,0.11941
0,0.001084,0.11941
0,0.001105,0.11941
0,0.001125,0.11941
0,0.001146,0.11941
0,0.001167,0.11941
0,0.001188,0.11941
0,0.001209,0.11941
0,0.001231,0.11941
0,0.001253,0.11941
0,0.001275,0.11941
0,0.001297,0.11942
0,0.001319,0.11942
0,0.001342,0.11942
0,0.001364,0.11942
0,0.001387,0.11942
0,0.00141,0.11942
0,0.001434,0.11942
0,0.001457,0.11942
0,0.001481,0.11942
0,0.001505,0.11942
0,0.001529,0.11942
0,0.001553,0.11942
0,0.001577,0.11942
0,0.001602,0.11942
0,0.001627,0.11943
0,0.001652,0.11943
0,0.001677,0.11943
0,0.001702,0.11943
0,0.001728,0.11943
0,0.001754,0.11943
0,0.00178,0.11943
0,0.001806,0.11943
0,0.001832,0.11943
0,0.001859,0.11943
0,0.001885,0.11943
0,0.001912,0.11943
0,0.001939,0.11943
0,0.001966,0.11944
0,0.001994,0.11944
0,0.002022,0.11944
0,0.002049,0.11944
0,0.002077,0.11944
0,0.002106,0.11944
0,0.002134,0.11944
0,0.002162,0.11944
0,0.002191,0.11944
0,0.00222,0.11945
0,0.002249,0.11945
0,0.002279,0.11945
0,0.002308,0.11945
0,0.002338,0.11945
0,0.002368,0.11945
0,0.002398,0.11945
0,0.002428,0.11946
0,0.002458,0.11946
0,0.002489,0.11946
0,0.00252,0.11946
0,0.002551,0.11946
0,0.002582,0.11946
0,0.002613,0.11946
0,0.002645,0.11947
0,0.002676,0.11947
0,0.002708,0.11947
0,0.00274,0.11947
0,0.002772,0.11947
0,0.002805,0.11947
0,0.002837,0.11947
0,0.00287,0.11948
0,0.002903,0.11948
0,0.002936,0.11948
0,0.00297,0.11948
0,0.003003,0.11948
0,0.003037,0.11948
0,0.003071,0.11949
0,0.003105,0.11949
0,0.003139,0.11949
0,0.003173,0.11949
0,0.003208,0.1195
0,0.003242,0.1195
0,0.003277,0.1195
0,0.003312,0.1195
0,0.003348,0.1195
0,0.003383,0.11951
0,0.003419,0.11951
0,0.003454,0.11951
0,0.00349,0.11951
0,0.003527,0.11951
0,0.003563,0.11952
0,0.003599,0.11952
0,0.003636,0.11952
0,0.003673,0.11953
0,0.00371,0.11953
0,0.003747,0.11953
0,0.003785,0.11953
0,0.003822,0.11954
0,0.00386,0.11954
0,0.003898,0.11954
0,0.003936,0.11954
0,0.003974,0.11955
0,0.004012,0.11955
0,0.004051,0.11955
0,0.00409,0.11955
0,0.004129,0.11956
0,0.004168,0.11956
0,0.004207,0.11956
0,0.004247,0.11957
0,0.004286,0.11957
0,0.004326,0.11957
0,0.004366,0.11958
0,0.004406,0.11958
0,0.004447,0.11958
0,0.004487,0.11959
0,0.004528,0.11959
0,0.004569,0.11959
0,0.00461,0.1196
0,0.004651,0.1196
0,0.004692,0.11961
0,0.004734,0.11961
0,0.004776,0.11961
0,0.004818,0.11962
0,0.00486,0.11962
0,0.004902,0.11962
0,0.004944,0.11963
0,0.004987,0.11963
0,0.00503,0.11964
0,0.005073,0.11964
0,0.005116,0.11964
0,0.005159,0.11965
0,0.005203,0.11965
0,0.005246,0.11966
0,0.00529,0.11966
0,0.005334,0.11966
0,0.005378,0.11967
0,0.005423,0.11967
0,0.005467,0.11968
0,0.005512,0.11968
0,0.005557,0.11969
0,0.005602,0.11969
0,0.005647,0.1197
0,0.005692,0.1197
0,0.005738,0.11971
0,0.005783,0.11971
0,0.005829,0.11972
0,0.005875,0.11972
0,0.005922,0.11973
0,0.005968,0.11973
0,0.006015,0.11974
0,0.006061,0.11974
0,0.006108,0.11975
0,0.006155,0.11975
0,0.006202,0.11976
0,0.00625,0.11976
0,0.006297,0.11977
0,0.006345,0.11978
0,0.006393,0.11978
0,0.006441,0.11979
0,0.006489,0.11979
0,0.006538,0.1198
0,0.006586,0.11981
0,0.006635,0.11981
0,0.006684,0.11982
0,0.006733,0.11982
0,0.006782,0.11983
0,0.006832,0.11984
0,0.006881,0.11984
0,0.006931,0.11985
0,0.006981,0.11986
0,0.007031,0.11986
0,0.007081,0.11987
0,0.007132,0.11988
0,0.007182,0.11988
0,0.007233,0.11989
0,0.007284,0.1199
0,0.007335,0.1199
0,0.007386,0.11991
0,0.007438,0.11992
0,0.007489,0.11993
0,0.007541,0.11993
0,0.007593,0.11994
0,0.007645,0.11995
0,0.007697,0.11996
0,0.007749,0.11996
0,0.007802,0.11997
0,0.007854,0.11998
0,0.007907,0.11999
0,0.00796,0.11999
0,0.008013,0.12
0,0.008066,0.12001
0,0.00812,0.12002
0,0.008173,0.12003
0,0.008227,0.12004
0,0.008281,0.12004
0,0.008335,0.12005
0,0.008389,0.12006
0,0.008443,0.12007
0,0.008498,0.12008
0,0.008552,0.12009
0,0.008607,0.1201
0,0.008662,0.12011
0,0.008717,0.12011
0,0.008772,0.12012
0,0.008827,0.12013
0,0.008883,0.12014
0,0.008939,0.12015
0,0.008994,0.12016
0,0.00905,0.12017
0,0.009106,0.12018
0,0.009162,0.12019
0,0.009219,0.1202
0,0.009275,0.12021
0,0.009332,0.12022
0,0.009389,0.12023
0,0.009445,0.12024
0,0.009502,0.12025
0,0.00956,0.12026
0,0.009617,0.12027
0,0.009674,0.12028
0,0.009732,0.12029
0,0.009789,0.1203
0,0.009847,0.12032
0,0.009905,0.12033
0,0.009963,0.12034
0,0.010021,0.12035
0,0.01008,0.12036
0,0.010138,0.12037
0,0.010197,0.12038
0,0.010256,0.1204
0,0.010314,0.12041
0,0.010373,0.12042
0,0.010433,0.12043
0,0.010492,0.12044
0,0.010551,0.12046
0,0.010611,0.12047
0,0.01067,0.12048
0,0.01073,0.12049
0,0.01079,0.1205
0,0.01085,0.12052
0,0.01091,0.12053
0,0.01097,0.12054
0,0.01103,0.12055
0,0.011091,0.12057
0,0.011151,0.12058
0,0.011212,0.12059
0,0.011273,0.12061
0,0.011334,0.12062
0,0.011395,0.12064
0,0.011456,0.12065
0,0.011517,0.12066
0,0.011578,0.12068
0,0.01164,0.12069
0,0.011701,0.12071
0,0.011763,0.12072
0,0.011825,0.12073
0,0.011887,0.12075
0,0.011949,0.12076
0,0.012011,0.12078
0,0.012073,0.12079
0,0.012136,0.12081
0,0.012198,0.12082
0,0.012261,0.12084
0,0.012323,0.12085
0,0.012386,0.12087
0,0.012449,0.12088
0,0.012512,0.1209
0,0.012575,0.12091
0,0.012638,0.12093
0,0.012701,0.12095
0,0.012765,0.12096
0,0.012828,0.12098
0,0.012892,0.12099
0,0.012955,0.12101
0,0.013019,0.12103
0,0.013083,0.12104
0,0.013147,0.12106
0,0.013211,0.12108
0,0.013275,0.12109
0,0.01334,0.12111
0,0.013404,0.12113
0,0.013468,0.12115
0,0.013533,0.12116
0,0.013598,0.12118
0,0.013662,0.1212
0,0.013727,0.12122
0,0.013792,0.12123
0,0.013857,0.12125
0,0.013922,0.12127
0,0.013987,0.12129
0,0.014052,0.12131
0,0.014118,0.12133
0,0.014183,0.12135
0,0.014249,0.12137
0,0.014314,0.12138
0,0.01438,0.1214
0,0.014446,0.12142
0,0.014512,0.12144
0,0.014578,0.12146
0,0.014643,0.12148
0,0.01471,0.1215
0,0.014776,0.12152
0,0.014842,0.12154
0,0.014908,0.12156
0,0.014975,0.12158
0,0.015041,0.1216
0,0.015108,0.12162
0,0.015174,0.12164
0,0.015241,0.12166
0,0.015308,0.12169
0,0.015374,0.12171
0,0.015441,0.12173
0,0.015508,0.12175
0,0.015575,0.12177
0,0.015642,0.12179
0,0.015709,0.12181
0,0.015776,0.12184
0,0.015844,0.12186
0,0.015911,0.12188
0,0.015978,0.1219
0,0.016046,0.12193
0,0.016113,0.12195
0,0.016181,0.12197
0,0.016248,0.12199
0,0.016316,0.12202
0,0.016384,0.12204
0,0.016451,0.12206
0,0.016519,0.12209
0,0.016587,0.12211
0,0.016655,0.12213
0,0.016723,0.12216
0,0.016791,0.12218
0,0.016859,0.12221
0,0.016927,0.12223
0,0.016995,0.12226
0,0.017063,0.12228
0,0.017131,0.1223
0,0.017199,0.12233
0,0.017268,0.12235
0,0.017336,0.12238
0,0.017404,0.1224
0,0.017473,0.12243
0,0.017541,0.12246
0,0.017609,0.12248
0,0.017678,0.12251
0,0.017746,0.12253
0,0.017815,0.12256
0,0.017883,0.12259
0,0.017952,0.12261
0,0.01802,0.12264
0,0.018089,0.12267
0,0.018157,0.12269
0,0.018226,0.12272
0,0.018294,0.12275
0,0.018363,0.12277
0,0.018431,0.1228
0,0.0185,0.12283
0,0.018569,0.12286
0,0.018637,0.12289
0,0.018706,0.12291
0,0.018775,0.12294
0,0.018843,0.12297
0,0.018912,0.123
0,0.01898,0.12303
0,0.019049,0.12306
0,0.019118,0.12309
0,0.019186,0.12312
0,0.019255,0.12314
0,0.019323,0.12317
0,0.019392,0.1232
0,0.01946,0.12323
0,0.019529,0.12326
0,0.019598,0.12329
0,0.019666,0.12332
0,0.019735,0.12335
0,0.019803,0.12338
0,0.019871,0.12341
0,0.01994,0.12345
0,0.020008,0.12348
0,0.020077,0.12351
0,0.020145,0.12354
0,0.020213,0.12357
0,0.020282,0.1236
0,0.02035,0.12363
0,0.020418,0.12367
0,0.020486,0.1237
0,0.020554,0.12373
0,0.020622,0.12376
0,0.02069,0.1238
0,0.020758,0.12383
0,0.020826,0.12386
0,0.020894,0.12389
0,0.020962,0.12393
0,0.02103,0.12396
0,0.021098,0.12399
0,0.021165,0.12403
0,0.021233,0.12406
0,0.021301,0.12409
0,0.021368,0.12413
0,0.021436,0.12416
0,0.021503,0.1242
0,0.021571,0.12423
0,0.021638,0.12427
0,0.021705,0.1243
0,0.021772,0.12434
0,0.021839,0.12437
0,0.021906,0.12441
0,0.021973,0.12444
0,0.02204,0.12448
0,0.022107,0.12451
0,0.022174,0.12455
0,0.02224,0.12459
0,0.022307,0.12462
0,0.022374,0.12466
0,0.02244,0.12469
0,0.022506,0.12473
0,0.022573,0.12477
0,0.022639,0.1248
0,0.022705,0.12484
0,0.022771,0.12488
0,0.022837,0.12492
0,0.022902,0.12495
0,0.022968,0.12499
0,0.023034,0.12503
0,0.023099,0.12507
0,0.023165,0.1251
0,0.02323,0.12514
0,0.023295,0.12518
0,0.02336,0.12522
0,0.023425,0.12526
0,0.02349,0.1253
0,0.023555,0.12534
0,0.02362,0.12538
0,0.023684,0.12541
0,0.023749,0.12546
0,0.023813,0.12549
0,0.023877,0.12553
0,0.023941,0.12557
0,0.024005,0.12561
0,0.024069,0.12565
0,0.024133,0.1257
0,0.024197,0.12574
0,0.02426,0.12578
0,0.024323,0.12582
0,0.024387,0.12586
0,0.02445,0.1259
0,0.024513,0.12594
0,0.024575,0.12598
0,0.024638,0.12602
0,0.024701,0.12606
0,0.024763,0.12611
0,0.024825,0.12615
0,0.024887,0.12619
0,0.024949,0.12623
0,0.025011,0.12627
0,0.025073,0.12632
0,0.025134,0.12636
0,0.025196,0.1264
0,0.025257,0.12645
0,0.025318,0.12649
0,0.025379,0.12653
0,0.025439,0.12657
0,0.0255,0.12662
0,0.02556,0.12666
0,0.025621,0.12671
0,0.025681,0.12675
0,0.025741,0.12679
0,0.0258,0.12684
0,0.02586,0.12688
0,0.025919,0.12693
0,0.025978,0.12697
0,0.026037,0.12701
0,0.026096,0.12706
0,0.026155,0.1271
0,0.026213,0.12715
0,0.026271,0.1272
0,0.02633,0.12724
0,0.026387,0.12729
0,0.026445,0.12733
0,0.026503,0.12738
0,0.02656,0.12742
0,0.026617,0.12747
0,0.026674,0.12751
0,0.02673,0.12756
0,0.026787,0.12761
0,0.026843,0.12765
0,0.026899,0.1277
0,0.026955,0.12775
0,0.02701,0.12779
0,0.027066,0.12784
0,0.027121,0.12789
0,0.027176,0.12793
0,0.027231,0.12798
0,0.027285,0.12803
0,0.027339,0.12808
0,0.027393,0.12812
0,0.027447,0.12817
0,0.027501,0.12822
0,0.027554,0.12827
0,0.027607,0.12832
0,0.02766,0.12836
0,0.027712,0.12841
0,0.027765,0.12846
0,0.027817,0.12851
0,0.027869,0.12856
0,0.02792,0.12861
0,0.027972,0.12865
0,0.028023,0.1287
0,0.028073,0.12875
0,0.028124,0.1288
0,0.028174,0.12885
0,0.028224,0.1289
0,0.028274,0.12895
0,0.028323,0.129
0,0.028373,0.12905
0,0.028421,0.1291
0,0.02847,0.12915
0,0.028518,0.1292
0,0.028566,0.12925
0,0.028614,0.1293
0,0.028662,0.12935
0,0.028709,0.1294
0,0.028756,0.12945
0,0.028802,0.1295
0,0.028849,0.12955
0,0.028895,0.1296
0,0.02894,0.12965
0,0.028986,0.1297
0,0.029031,0.12975
0,0.029076,0.1298
0,0.02912,0.12985
0,0.029164,0.1299
0,0.029208,0.12996
0,0.029252,0.13001
0,0.029295,0.13006
0,0.029338,0.13011
0,0.029381,0.13016
0,0.029423,0.13021
0,0.029465,0.13026
0,0.029506,0.13032
0,0.029548,0.13037
0,0.029589,0.13042
0,0.029629,0.13047
0,0.029669,0.13052
0,0.029709,0.13057
0,0.029749,0.13063
0,0.029788,0.13068
0,0.029827,0.13073
0,0.029866,0.13078
0,0.029904,0.13083
0,0.029942,0.13089
0,0.029979,0.13094
0,0.030016,0.13099
0,0.030053,0.13104
0,0.03009,0.1311
0,0.030126,0.13115
0,0.030161,0.1312
0,0.030197,0.13125
0,0.030232,0.13131
0,0.030266,0.13136
0,0.0303,0.13141
0,0.030334,0.13146
0,0.030368,0.13152
0,0.030401,0.13157
0,0.030434,0.13162
0,0.030466,0.13167
0,0.030498,0.13173
0,0.03053,0.13178
0,0.030561,0.13183
0,0.030592,0.13189
0,0.030622,0.13194
0,0.030652,0.13199
0,0.030682,0.13204
0,0.030711,0.1321
0,0.03074,0.13215
0,0.030768,0.1322
0,0.030796,0.13226
0,0.030824,0.13231
0,0.030851,0.13236
0,0.030878,0.13241
0,0.030904,0.13247
0,0.03093,0.13252
0,0.030956,0.13257
0,0.030981,0.13262
0,0.031006,0.13268
0,0.03103,0.13273
0,0.031054,0.13278
0,0.031078,0.13284
0,0.031101,0.13289
0,0.031124,0.13294
0,0.031146,0.13299
0,0.031168,0.13305
0,0.031189,0.1331
0,0.03121,0.13315
0,0.031231,0.1332
0,0.031251,0.13326
0,0.031271,0.13331
0,0.03129,0.13336
0,0.031309,0.13342
0,0.031327,0.13347
0,0.031345,0.13352
0,0.031362,0.13357
0,0.031379,0.13362
0,0.031396,0.13368
0,0.031412,0.13373
0,0.031428,0.13378
0,0.031443,0.13383
0,0.031458,0.13389
0,0.031472,0.13394
0,0.031486,0.13399
0,0.031499,0.13404
0,0.031512,0.13409
0,0.031525,0.13414
0,0.031537,0.1342
0,0.031548,0.13425
0,0.031559,0.1343
0,0.03157,0.13435
0,0.03158,0.1344
0,0.03159,0.13445
0,0.031599,0.1345
0,0.031608,0.13456
0,0.031616,0.13461
0,0.031624,0.13466
0,0.031631,0.13471
0,0.031638,0.13476
0,0.031644,0.13481
0,0.03165,0.13486
0,0.031655,0.13491
0,0.03166,0.13496
0,0.031665,0.13501
0,0.031668,0.13506
0,0.031672,0.13511
0,0.031675,0.13516
0,0.031677,0.13521
0,0.031679,0.13526
0,0.03168,0.13531
0,0.031681,0.13536
0,0.031682,0.13541
0,0.031681,0.13546
0,0.031681,0.1355
0,0.03168,0.13555
0,0.031678,0.1356
0,0.031676,0.13565
0,0.031673,0.1357
0,0.03167,0.13575
0,0.031666,0.13579
0,0.031662,0.13584
0,0.031657,0.13589
0,0.031652,0.13594
0,0.031646,0.13599
0,0.03164,0.13603
0,0.031633,0.13608
0,0.031626,0.13613
0,0.031618,0.13617
0,0.03161,0.13622
0,0.031601,0.13627
0,0.031591,0.13631
0,0.031581,0.13636
0,0.031571,0.1364
0,0.03156,0.13645
0,0.031548,0.1365
0,0.031536,0.13654
0,0.031523,0.13659
0,0.03151,0.13663
0,0.031496,0.13668
0,0.031482,0.13672
0,0.031467,0.13676
0,0.031452,0.13681
0,0.031436,0.13685
0,0.03142,0.1369
0,0.031402,0.13694
0,0.031385,0.13698
0,0.031367,0.13703
0,0.031348,0.13707
0,0.031329,0.13711
0,0.031309,0.13715
0,0.031289,0.13719
0,0.031268,0.13724
0,0.031246,0.13728
0,0.031224,0.13732
0,0.031202,0.13736
0,0.031179,0.1374
0,0.031155,0.13744
0,0.031131,0.13748
0,0.031106,0.13752
0,0.031081,0.13756
0,0.031055,0.1376
0,0.031028,0.13764
0,0.031001,0.13768
0,0.030974,0.13772
0,0.030945,0.13775
0,0.030917,0.13779
0,0.030887,0.13783
0,0.030858,0.13787
0,0.030827,0.1379
0,0.030796,0.13794
0,0.030764,0.13798
0,0.030732,0.13801
0,0.0307,0.13805
0,0.030666,0.13809
0,0.030632,0.13812
0,0.030598,0.13816
0,0.030563,0.13819
0,0.030527,0.13823
0,0.030491,0.13826
0,0.030455,0.13829
0,0.030417,0.13833
0,0.030379,0.13836
0,0.030341,0.13839
0,0.030302,0.13842
0,0.030262,0.13846
0,0.030222,0.13849
0,0.030181,0.13852
0,0.03014,0.13855
0,0.030098,0.13858
0,0.030056,0.13861
0,0.030013,0.13864
0,0.029969,0.13867
0,0.029925,0.1387
0,0.02988,0.13873
0,0.029835,0.13876
0,0.029789,0.13878
0,0.029743,0.13881
0,0.029696,0.13884
0,0.029648,0.13887
0,0.0296,0.13889
0,0.029551,0.13892
0,0.029502,0.13895
0,0.029452,0.13897
0,0.029402,0.139
0,0.029351,0.13902
0,0.029299,0.13904
0,0.029247,0.13907
0,0.029194,0.13909
0,0.029141,0.13911
0,0.029087,0.13914
0,0.029033,0.13916
0,0.028978,0.13918
0,0.028922,0.1392
0,0.028866,0.13922
0,0.028809,0.13924
0,0.028752,0.13926
0,0.028694,0.13928
0,0.028636,0.1393
0,0.028577,0.13932
0,0.028518,0.13933
0,0.028458,0.13935
0,0.028397,0.13937
0,0.028336,0.13939
0,0.028274,0.1394
0,0.028212,0.13942
0,0.028149,0.13943
0,0.028086,0.13945
0,0.028022,0.13946
0,0.027957,0.13947
0,0.027892,0.13949
0,0.027827,0.1395
0,0.027761,0.13951
0,0.027694,0.13953
0,0.027627,0.13954
0,0.027559,0.13955
0,0.027491,0.13956
0,0.027422,0.13957
0,0.027353,0.13958
0,0.027283,0.13958
0,0.027212,0.13959
0,0.027141,0.1396
0,0.02707,0.13961
0,0.026998,0.13961
0,0.026925,0.13962
0,0.026852,0.13962
0,0.026778,0.13963
0,0.026704,0.13964
0,0.026629,0.13964
0,0.026554,0.13964
0,0.026478,0.13964
0,0.026402,0.13965
0,0.026325,0.13965
0,0.026248,0.13965
0,0.02617,0.13965
0,0.026091,0.13965
0,0.026013,0.13965
0,0.025933,0.13965
0,0.025853,0.13965
0,0.025773,0.13964
0,0.025692,0.13964
0,0.02561,0.13964
0,0.025528,0.13963
0,0.025446,0.13963
0,0.025363,0.13962
0,0.025279,0.13962
0,0.025195,0.13961
0,0.025111,0.1396
0,0.025026,0.1396
0,0.02494,0.13959
0,0.024854,0.13958
0,0.024768,0.13957
0,0.024681,0.13956
0,0.024594,0.13955
0,0.024506,0.13954
0,0.024417,0.13953
0,0.024328,0.13951
0,0.024239,0.1395
0,0.024149,0.13948
0,0.024059,0.13947
0,0.023968,0.13945
0,0.023877,0.13944
0,0.023785,0.13942
0,0.023693,0.13941
0,0.0236,0.13939
0,0.023507,0.13937
0,0.023414,0.13935
0,0.02332,0.13933
0,0.023225,0.13931
0,0.02313,0.13929
0,0.023035,0.13927
0,0.022939,0.13924
0,0.022843,0.13922
0,0.022746,0.1392
0,0.022649,0.13917
0,0.022551,0.13915
0,0.022453,0.13912
0,0.022355,0.1391
0,0.022256,0.13907
0,0.022157,0.13904
0,0.022057,0.13901
0,0.021957,0.13898
0,0.021856,0.13895
0,0.021755,0.13892
0,0.021654,0.13889
0,0.021552,0.13886
0,0.02145,0.13883
0,0.021347,0.13879
0,0.021244,0.13876
0,0.021141,0.13872
0,0.021037,0.13869
0,0.020933,0.13865
0,0.020828,0.13861
0,0.020723,0.13858
0,0.020618,0.13854
0,0.020512,0.1385
0,0.020406,0.13846
0,0.0203,0.13842
0,0.020193,0.13838
0,0.020085,0.13833
0,0.019978,0.13829
0,0.01987,0.13825
0,0.019762,0.1382
0,0.019653,0.13816
0,0.019544,0.13811
0,0.019435,0.13807
0,0.019325,0.13802
0,0.019215,0.13797
0,0.019105,0.13792
0,0.018994,0.13787
0,0.018883,0.13782
0,0.018772,0.13777
0,0.018661,0.13772
0,0.018549,0.13767
0,0.018436,0.13761
0,0.018324,0.13756
0,0.018211,0.1375
0,0.018098,0.13745
0,0.017985,0.13739
0,0.017871,0.13733
0,0.017757,0.13728
0,0.017643,0.13722
0,0.017528,0.13716
0,0.017413,0.1371
0,0.017298,0.13704
0,0.017183,0.13698
0,0.017067,0.13691
0,0.016952,0.13685
0,0.016836,0.13678
0,0.016719,0.13672
0,0.016603,0.13665
0,0.016486,0.13659
0,0.016369,0.13652
0,0.016252,0.13645
0,0.016134,0.13638
0,0.016016,0.13631
0,0.015899,0.13624
0,0.01578,0.13617
0,0.015662,0.1361
0,0.015544,0.13603
0,0.015425,0.13595
0,0.015306,0.13588
0,0.015187,0.1358
0,0.015068,0.13573
0,0.014948,0.13565
0,0.014829,0.13557
0,0.014709,0.1355
0,0.014589,0.13542
0,0.014469,0.13534
0,0.014349,0.13525
0,0.014228,0.13517
0,0.014108,0.13509
0,0.013987,0.13501
0,0.013866,0.13492
0,0.013745,0.13484
0,0.013624,0.13475
0,0.013503,0.13467
0,0.013382,0.13458
0,0.01326,0.13449
0,0.013139,0.1344
0,0.013017,0.13431
0,0.012896,0.13422
0,0.012774,0.13413
0,0.012652,0.13404
0,0.01253,0.13395
0,0.012408,0.13385
0,0.012286,0.13376
0,0.012164,0.13366
0,0.012042,0.13357
0,0.01192,0.13347
0,0.011798,0.13337
0,0.011675,0.13328
0,0.011553,0.13318
0,0.011431,0.13308
0,0.011308,0.13298
0,0.011186,0.13287
0,0.011064,0.13277
0,0.010941,0.13267
0,0.010819,0.13256
0,0.010697,0.13246
0,0.010574,0.13236
0,0.010452,0.13225
0,0.010329,0.13214
0,0.010207,0.13203
0,0.010085,0.13193
0,0.009963,0.13182
0,0.00984,0.13171
0,0.009718,0.13159
0,0.009596,0.13148
0,0.009474,0.13137
0,0.009352,0.13126
0,0.00923,0.13114
0,0.009108,0.13103
0,0.008987,0.13091
0,0.008865,0.1308
0,0.008743,0.13068
0,0.008622,0.13056
0,0.0085,0.13044
0,0.008379,0.13032
0,0.008258,0.1302
0,0.008137,0.13008
0,0.008016,0.12996
0,0.007895,0.12984
0,0.007774,0.12971
0,0.007654,0.12959
0,0.007534,0.12947
0,0.007413,0.12934
0,0.007293,0.12921
0,0.007173,0.12909
0,0.007054,0.12896
0,0.006934,0.12883
0,0.006815,0.1287
0,0.006695,0.12857
0,0.006576,0.12844
0,0.006457,0.12831
0,0.006339,0.12818
0,0.00622,0.12804
0,0.006102,0.12791
0,0.005984,0.12778
0,0.005866,0.12764
0,0.005749,0.12751
0,0.005632,0.12737
0,0.005514,0.12723
0,0.005398,0.1271
0,0.005281,0.12696
0,0.005165,0.12682
0,0.005049,0.12668
0,0.004933,0.12654
0,0.004817,0.1264
0,0.004702,0.12625
0,0.004587,0.12611
0,0.004472,0.12597
0,0.004358,0.12582
0,0.004244,0.12568
0,0.00413,0.12553
0,0.004017,0.12539
0,0.003904,0.12524
0,0.003791,0.12509
0,0.003678,0.12494
0,0.003566,0.1248
0,0.003454,0.12465
0,0.003343,0.1245
0,0.003232,0.12434
0,0.003121,0.12419
0,0.00301,0.12404
0,0.0029,0.12389
0,0.002791,0.12374
0,0.002681,0.12358
0,0.002572,0.12343
0,0.002464,0.12327
0,0.002356,0.12312
0,0.002248,0.12296
0,0.002141,0.1228
0,0.002034,0.12265
0,0.001927,0.12249
0,0.001821,0.12233
0,0.001716,0.12217
0,0.00161,0.12201
0,0.001506,0.12185
0,0.001401,0.12169
0,0.001297,0.12153
0,0.001194,0.12137
0,0.001091,0.1212
0,0.000989,0.12104
0,0.000887,0.12088
0,0.000785,0.12071
0,0.000684,0.12055
0,0.000583,0.12038
0,0.000483,0.12022
0,0.000384,0.12005
0,0.000285,0.11989
0,0.000186,0.11972
0,8.8e-05,0.11955
0,-9e-06,0.11938
0,-0.000106,0.11921
0,-0.000203,0.11904
0,-0.000299,0.11887
0,-0.000394,0.11871
0,-0.000489,0.11853
0,-0.000583,0.11836
0,-0.000677,0.11819
0,-0.00077,0.11802
0,-0.000863,0.11785
0,-0.000955,0.11768
0,-0.001046,0.1175
0,-0.001137,0.11733
0,-0.001227,0.11715
0,-0.001317,0.11698
0,-0.001406,0.11681
0,-0.001494,0.11663
0,-0.001582,0.11645
0,-0.001669,0.11628
0,-0.001756,0.1161
0,-0.001842,0.11593
0,-0.001927,0.11575
0,-0.002012,0.11557
0,-0.002096,0.11539
0,-0.002179,0.11521
0,-0.002262,0.11504
0,-0.002344,0.11486
0,-0.002426,0.11468
0,-0.002506,0.1145
0,-0.002587,0.11432
0,-0.002666,0.11414
0,-0.002745,0.11396
0,-0.002823,0.11378
0,-0.0029,0.1136
0,-0.002977,0.11342
0,-0.003053,0.11324
0,-0.003128,0.11305
0,-0.003203,0.11287
0,-0.003277,0.11269
0,-0.00335,0.11251
0,-0.003422,0.11232
0,-0.003494,0.11214
0,-0.003565,0.11196
0,-0.003636,0.11178
0,-0.003705,0.11159
0,-0.003774,0.11141
0,-0.003842,0.11123
0,-0.003909,0.11104
0,-0.003976,0.11086
0,-0.004042,0.11067
0,-0.004107,0.11049
0,-0.004171,0.11031
0,-0.004235,0.11012
0,-0.004298,0.10994
0,-0.00436,0.10975
0,-0.004421,0.10957
0,-0.004481,0.10938
0,-0.004541,0.1092
0,-0.0046,0.10901
0,-0.004658,0.10883
0,-0.004715,0.10864
0,-0.004772,0.10846
0,-0.004828,0.10827
0,-0.004883,0.10809
0,-0.004937,0.1079
0,-0.00499,0.10772
0,-0.005043,0.10753
0,-0.005094,0.10734
0,-0.005145,0.10716
0,-0.005195,0.10697
0,-0.005245,0.10679
0,-0.005293,0.1066
0,-0.005341,0.10642
0,-0.005387,0.10623
0,-0.005433,0.10605
0,-0.005478,0.10586
0,-0.005523,0.10568
0,-0.005566,0.10549
0,-0.005609,0.10531
0,-0.005651,0.10512
0,-0.005691,0.10494
0,-0.005732,0.10476
0,-0.005771,0.10457
0,-0.005809,0.10439
0,-0.005847,0.1042
0,-0.005883,0.10402
0,-0.005919,0.10384
0,-0.005954,0.10365
0,-0.005988,0.10347
0,-0.006022,0.10329
0,-0.006054,0.10311
0,-0.006086,0.10292
0,-0.006116,0.10274
0,-0.006146,0.10256
0,-0.006175,0.10238
0,-0.006203,0.10219
0,-0.00623,0.10201
0,-0.006257,0.10183
0,-0.006282,0.10165
0,-0.006307,0.10147
0,-0.00633,0.10129
0,-0.006353,0.10111
0,-0.006375,0.10093
0,-0.006396,0.10075
0,-0.006417,0.10058
0,-0.006436,0.1004
0,-0.006455,0.10022
0,-0.006472,0.10004
0,-0.006489,0.099866
0,-0.006505,0.099689
0,-0.00652,0.099513
0,-0.006534,0.099337
0,-0.006547,0.099162
0,-0.00656,0.098987
0,-0.006571,0.098812
0,-0.006582,0.098638
0,-0.006591,0.098465
0,-0.0066,0.098292
0,-0.006608,0.098119
0,-0.006615,0.097947
0,-0.006622,0.097776
0,-0.006627,0.097605
0,-0.006632,0.097434
0,-0.006635,0.097264
0,-0.006638,0.097095
0,-0.00664,0.096926
0,-0.006641,0.096758
0,-0.006641,0.09659
0,-0.00664,0.096423
0,-0.006639,0.096257
0,-0.006636,0.096091
0,-0.006633,0.095926
0,-0.006629,0.095761
0,-0.006624,0.095598
0,-0.006618,0.095434
0,-0.006611,0.095272
0,-0.006604,0.09511
0,-0.006595,0.094949
0,-0.006586,0.094788
0,-0.006576,0.094629
0,-0.006565,0.09447
0,-0.006553,0.094311
0,-0.00654,0.094154
0,-0.006527,0.093997
0,-0.006512,0.093841
0,-0.006497,0.093686
0,-0.006481,0.093531
0,-0.006464,0.093377
0,-0.006446,0.093224
0,-0.006428,0.093072
0,-0.006408,0.092921
0,-0.006388,0.092771
0,-0.006367,0.092621
0,-0.006345,0.092472
0,-0.006322,0.092325
0,-0.006299,0.092178
0,-0.006275,0.092031
0,-0.00625,0.091886
0,-0.006224,0.091742
0,-0.006197,0.091598
0,-0.00617,0.091456
0,-0.006141,0.091314
0,-0.006112,0.091174
0,-0.006082,0.091034
0,-0.006052,0.090895
0,-0.00602,0.090758
0,-0.005988,0.090621
0,-0.005955,0.090485
0,-0.005921,0.090351
0,-0.005887,0.090217
0,-0.005851,0.090084
0,-0.005815,0.089952
0,-0.005778,0.089822
0,-0.005741,0.089692
0,-0.005703,0.089564
0,-0.005664,0.089436
0,-0.005624,0.08931
0,-0.005583,0.089184
0,-0.005542,0.08906
0,-0.0055,0.088937
0,-0.005458,0.088815
0,-0.005414,0.088694
0,-0.00537,0.088575
0,-0.005325,0.088456
0,-0.00528,0.088339
0,-0.005234,0.088222
0,-0.005187,0.088107
0,-0.005139,0.087994
0,-0.005091,0.087881
0,-0.005042,0.087769
0,-0.004993,0.087659
0,-0.004942,0.08755
0,-0.004892,0.087442
0,-0.00484,0.087335
0,-0.004788,0.08723
0,-0.004735,0.087126
0,-0.004682,0.087023
0,-0.004628,0.086922
0,-0.004573,0.086821
0,-0.004518,0.086722
0,-0.004462,0.086624
0,-0.004405,0.086528
0,-0.004348,0.086433
0,-0.004291,0.086339
0,-0.004232,0.086247
0,-0.004174,0.086155
0,-0.004114,0.086066
0,-0.004054,0.085977
0,-0.003994,0.08589
0,-0.003933,0.085804
0,-0.003871,0.08572
0,-0.003809,0.085637
0,-0.003747,0.085556
0,-0.003684,0.085476
0,-0.00362,0.085397
0,-0.003556,0.085319
0,-0.003491,0.085244
0,-0.003426,0.085169
0,-0.003361,0.085096
0,-0.003294,0.085024
0,-0.003228,0.084954
0,-0.003161,0.084886
0,-0.003094,0.084818
0,-0.003026,0.084753
0,-0.002958,0.084688
0,-0.002889,0.084626
0,-0.00282,0.084564
0,-0.00275,0.084505
0,-0.00268,0.084446
0,-0.00261,0.084389
0,-0.002539,0.084334
0,-0.002468,0.084281
0,-0.002397,0.084228
0,-0.002325,0.084178
0,-0.002253,0.084129
0,-0.002181,0.084081
0,-0.002108,0.084035
0,-0.002035,0.083991
0,-0.001962,0.083948
0,-0.001888,0.083906
0,-0.001814,0.083867
0,-0.00174,0.083829
0,-0.001665,0.083792
0,-0.00159,0.083757
0,-0.001515,0.083724
0,-0.00144,0.083692
0,-0.001365,0.083662
0,-0.001289,0.083633
0,-0.001213,0.083606
0,-0.001137,0.083581
0,-0.00106,0.083558
0,-0.000984,0.083536
0,-0.000907,0.083515
0,-0.00083,0.083496
0,-0.000753,0.083479
0,-0.000676,0.083464
0,-0.000599,0.08345
0,-0.000522,0.083438
0,-0.000444,0.083428
0,-0.000366,0.083419
0,-0.000289,0.083412
0,-0.000211,0.083406
0,-0.000133,0.083403
0,-5.5e-05,0.083401
0,2.3e-05,0.0834
0,0.000101,0.083401
0,0.000179,0.083404
0,0.000257,0.083409
0,0.000335,0.083416
0,0.000413,0.083424
0,0.000492,0.083433
0,0.00057,0.083445
0,0.000648,0.083458
0,0.000726,0.083473
0,0.000804,0.08349
0,0.000882,0.083508
0,0.000959,0.083528
0,0.001037,0.08355
0,0.001115,0.083573
0,0.001192,0.083599
0,0.00127,0.083626
0,0.001347,0.083654
0,0.001424,0.083685
0,0.001501,0.083717
0,0.001578,0.083751
0,0.001655,0.083786
0,0.001731,0.083823
0,0.001808,0.083862
0,0.001884,0.083903
0,0.00196,0.083946
0,0.002035,0.08399
0,0.002111,0.084036
0,0.002186,0.084084
0,0.002261,0.084133
0,0.002335,0.084184
0,0.00241,0.084237
0,0.002484,0.084292
0,0.002558,0.084348
0,0.002631,0.084406
0,0.002704,0.084466
0,0.002777,0.084527
0,0.00285,0.084591
0,0.002922,0.084655
0,0.002994,0.084722
0,0.003065,0.084791
0,0.003136,0.084861
0,0.003207,0.084933
0,0.003277,0.085006
0,0.003346,0.085081
0,0.003416,0.085158
0,0.003485,0.085237
0,0.003553,0.085318
0,0.003621,0.0854
0,0.003689,0.085484
0,0.003756,0.085569
0,0.003822,0.085656
0,0.003888,0.085745
0,0.003954,0.085836
0,0.004019,0.085928
0,0.004083,0.086022
0,0.004147,0.086118
0,0.00421,0.086215
0,0.004273,0.086314
0,0.004335,0.086415
0,0.004397,0.086517
0,0.004458,0.086621
0,0.004518,0.086727
0,0.004578,0.086834
0,0.004637,0.086943
0,0.004695,0.087054
0,0.004753,0.087166
0,0.00481,0.08728
0,0.004867,0.087396
0,0.004922,0.087513
0,0.004977,0.087632
0,0.005032,0.087752
0,0.005085,0.087874
0,0.005138,0.087998
0,0.00519,0.088123
0,0.005242,0.08825
0,0.005292,0.088378
0,0.005342,0.088508
0,0.005391,0.08864
0,0.00544,0.088773
0,0.005487,0.088907
0,0.005534,0.089044
0,0.00558,0.089181
0,0.005625,0.089321
0,0.005669,0.089461
0,0.005712,0.089604
0,0.005755,0.089748
0,0.005796,0.089893
0,0.005837,0.09004
0,0.005877,0.090188
0,0.005916,0.090338
0,0.005954,0.090489
0,0.005991,0.090642
0,0.006027,0.090796
0,0.006062,0.090952
0,0.006097,0.091109
0,0.00613,0.091268
0,0.006162,0.091428
0,0.006194,0.091589
0,0.006224,0.091752
0,0.006254,0.091916
0,0.006282,0.092082
0,0.00631,0.092249
0,0.006336,0.092417
0,0.006361,0.092587
0,0.006386,0.092758
0,0.006409,0.09293
0,0.006431,0.093104
0,0.006452,0.093279
0,0.006472,0.093455
0,0.006491,0.093633
0,0.006509,0.093812
0,0.006526,0.093992
0,0.006542,0.094173
0,0.006557,0.094356
0,0.00657,0.09454
0,0.006583,0.094725
0,0.006594,0.094912
0,0.006604,0.095099
0,0.006613,0.095288
0,0.006621,0.095478
0,0.006627,0.095669
0,0.006633,0.095862
0,0.006637,0.096055
0,0.00664,0.09625
0,0.006642,0.096446
0,0.006643,0.096642
0,0.006642,0.09684
0,0.006641,0.09704
0,0.006638,0.09724
0,0.006633,0.097441
0,0.006628,0.097643
0,0.006621,0.097846
0,0.006614,0.098051
0,0.006604,0.098256
0,0.006594,0.098462
0,0.006582,0.09867
0,0.006569,0.098878
0,0.006555,0.099087
0,0.00654,0.099297
0,0.006523,0.099508
0,0.006505,0.09972
0,0.006485,0.099933
0,0.006465,0.10015
0,0.006443,0.10036
0,0.00642,0.10058
0,0.006395,0.10079
0,0.006369,0.10101
0,0.006342,0.10123
0,0.006313,0.10145
0,0.006283,0.10167
0,0.006252,0.10189
0,0.006219,0.10211
0,0.006185,0.10233
0,0.00615,0.10255
0,0.006114,0.10278
0,0.006076,0.103
0,0.006036,0.10322
0,0.005995,0.10345
0,0.005953,0.10368
0,0.00591,0.1039
0,0.005865,0.10413
0,0.005819,0.10436
0,0.005771,0.10458
0,0.005722,0.10481
0,0.005672,0.10504
0,0.00562,0.10527
0,0.005567,0.1055
0,0.005513,0.10573
0,0.005457,0.10597
0,0.005399,0.1062
0,0.005341,0.10643
0,0.005281,0.10666
0,0.005219,0.1069
0,0.005156,0.10713
0,0.005092,0.10737
0,0.005026,0.1076
0,0.004959,0.10783
0,0.004891,0.10807
0,0.004821,0.1083
0,0.00475,0.10854
0,0.004677,0.10878
0,0.004603,0.10901
0,0.004528,0.10925
0,0.004451,0.10948
0,0.004373,0.10972
0,0.004293,0.10996
0,0.004212,0.1102
0,0.00413,0.11043
0,0.004046,0.11067
0,0.003961,0.11091
0,0.003874,0.11115
0,0.003787,0.11138
0,0.003697,0.11162
0,0.003607,0.11186
0,0.003515,0.1121
0,0.003421,0.11234
0,0.003326,0.11258
0,0.00323,0.11281
0,0.003133,0.11305
0,0.003034,0.11329
0,0.002934,0.11353
0,0.002832,0.11377
0,0.002729,0.114
0,0.002625,0.11424
0,0.002519,0.11448
0,0.002412,0.11472
0,0.002304,0.11495
0,0.002194,0.11519
0,0.002084,0.11543
0,0.001971,0.11566
0,0.001858,0.1159
0,0.001743,0.11614
0,0.001627,0.11637
0,0.001509,0.11661
0,0.001391,0.11684
0,0.001271,0.11708
0,0.001149,0.11731
0,0.001027,0.11754
0,0.000903,0.11778
0,0.000778,0.11801
0,0.000652,0.11825
0,0.000524,0.11848
0,0.000396,0.11871
0,0.000266,0.11894
0,0.000134,0.11917
0,2e-06,0.1194
0,-0.000132,0.11963
0,-0.000266,0.11986
0,-0.000402,0.12009
0,-0.00054,0.12032
0,-0.000678,0.12054
0,-0.000817,0.12077
0,-0.000958,0.121
0,-0.0011,0.12122
0,-0.001243,0.12145
0,-0.001387,0.12167
0,-0.001532,0.1219
0,-0.001678,0.12212
0,-0.001826,0.12234
0,-0.001974,0.12256
0,-0.002123,0.12278
0,-0.002274,0.123
0,-0.002426,0.12322
0,-0.002578,0.12344
0,-0.002732,0.12366
0,-0.002887,0.12387
0,-0.003042,0.12409
0,-0.003199,0.1243
0,-0.003357,0.12452
0,-0.003515,0.12473
0,-0.003675,0.12494
0,-0.003836,0.12515
0,-0.003997,0.12536
0,-0.004159,0.12557
0,-0.004323,0.12578
0,-0.004487,0.12599
0,-0.004652,0.12619
0,-0.004818,0.1264
0,-0.004985,0.1266
0,-0.005153,0.1268
0,-0.005321,0.127
0,-0.00549,0.1272
0,-0.005661,0.1274
0,-0.005831,0.1276
0,-0.006003,0.1278
0,-0.006176,0.12799
0,-0.006349,0.12819
0,-0.006523,0.12838
0,-0.006698,0.12857
0,-0.006873,0.12876
0,-0.007049,0.12895
0,-0.007226,0.12914
0,-0.007403,0.12933
0,-0.007581,0.12951
0,-0.00776,0.1297
0,-0.007939,0.12988
0,-0.008119,0.13006
0,-0.0083,0.13024
0,-0.008481,0.13042
0,-0.008662,0.1306
0,-0.008844,0.13077
0,-0.009027,0.13095
0,-0.00921,0.13112
0,-0.009394,0.13129
0,-0.009578,0.13146
0,-0.009763,0.13163
0,-0.009948,0.1318
0,-0.010133,0.13196
0,-0.010319,0.13213
0,-0.010505,0.13229
0,-0.010692,0.13245
0,-0.010879,0.13261
0,-0.011066,0.13277
0,-0.011254,0.13293
0,-0.011442,0.13308
0,-0.01163,0.13324
0,-0.011818,0.13339
0,-0.012007,0.13354
0,-0.012196,0.13369
0,-0.012385,0.13383
0,-0.012574,0.13398
0,-0.012764,0.13412
0,-0.012954,0.13426
0,-0.013143,0.1344
0,-0.013333,0.13454
0,-0.013523,0.13468
0,-0.013713,0.13481
0,-0.013903,0.13495
0,-0.014094,0.13508
0,-0.014284,0.13521
0,-0.014474,0.13534
0,-0.014664,0.13547
0,-0.014854,0.13559
0,-0.015045,0.13571
0,-0.015235,0.13583
0,-0.015424,0.13595
0,-0.015614,0.13607
0,-0.015804,0.13619
0,-0.015993,0.1363
0,-0.016183,0.13641
0,-0.016372,0.13652
0,-0.016561,0.13663
0,-0.01675,0.13674
0,-0.016938,0.13684
0,-0.017126,0.13695
0,-0.017314,0.13705
0,-0.017502,0.13714
0,-0.017689,0.13724
0,-0.017876,0.13734
0,-0.018062,0.13743
0,-0.018248,0.13752
0,-0.018434,0.13761
0,-0.018619,0.1377
0,-0.018804,0.13779
0,-0.018988,0.13787
0,-0.019172,0.13795
0,-0.019355,0.13803
0,-0.019538,0.13811
0,-0.01972,0.13819
0,-0.019902,0.13826
0,-0.020083,0.13834
0,-0.020263,0.13841
0,-0.020443,0.13847
0,-0.020622,0.13854
0,-0.0208,0.13861
0,-0.020978,0.13867
0,-0.021154,0.13873
0,-0.02133,0.13879
0,-0.021506,0.13884
0,-0.02168,0.1389
0,-0.021854,0.13895
0,-0.022027,0.139
0,-0.022199,0.13905
0,-0.02237,0.1391
0,-0.02254,0.13915
0,-0.02271,0.13919
0,-0.022878,0.13923
0,-0.023045,0.13927
0,-0.023212,0.13931
0,-0.023377,0.13934
0,-0.023542,0.13938
0,-0.023705,0.13941
0,-0.023867,0.13944
0,-0.024028,0.13947
0,-0.024188,0.13949
0,-0.024347,0.13952
0,-0.024505,0.13954
0,-0.024661,0.13956
0,-0.024817,0.13957
0,-0.024971,0.13959
0,-0.025124,0.13961
0,-0.025275,0.13962
0,-0.025426,0.13963
0,-0.025575,0.13964
0,-0.025723,0.13964
0,-0.025869,0.13965
0,-0.026014,0.13965
0,-0.026158,0.13965
0,-0.0263,0.13965
0,-0.026441,0.13965
0,-0.02658,0.13964
0,-0.026718,0.13963
0,-0.026854,0.13962
0,-0.026989,0.13961
0,-0.027123,0.1396
0,-0.027255,0.13959
0,-0.027385,0.13957
0,-0.027514,0.13955
0,-0.027641,0.13953
0,-0.027766,0.13951
0,-0.02789,0.13949
0,-0.028012,0.13946
0,-0.028133,0.13944
0,-0.028252,0.13941
0,-0.028369,0.13938
0,-0.028484,0.13934
0,-0.028598,0.13931
0,-0.02871,0.13928
0,-0.02882,0.13924
0,-0.028928,0.1392
0,-0.029034,0.13916
0,-0.029139,0.13911
0,-0.029242,0.13907
0,-0.029343,0.13902
0,-0.029441,0.13898
0,-0.029539,0.13893
0,-0.029634,0.13887
0,-0.029727,0.13882
0,-0.029818,0.13877
0,-0.029907,0.13871
0,-0.029994,0.13865
0,-0.03008,0.13859
0,-0.030163,0.13853
0,-0.030244,0.13847
0,-0.030323,0.13841
0,-0.0304,0.13834
0,-0.030475,0.13827
0,-0.030548,0.1382
0,-0.030618,0.13814
0,-0.030687,0.13806
0,-0.030753,0.13799
0,-0.030818,0.13792
0,-0.03088,0.13784
0,-0.030939,0.13776
0,-0.030997,0.13768
0,-0.031053,0.1376
0,-0.031106,0.13752
0,-0.031157,0.13744
0,-0.031205,0.13735
0,-0.031252,0.13727
0,-0.031296,0.13718
0,-0.031338,0.13709
0,-0.031377,0.137
0,-0.031414,0.13691
0,-0.031449,0.13682
0,-0.031481,0.13672
0,-0.031512,0.13663
0,-0.031539,0.13653
0,-0.031565,0.13644
0,-0.031588,0.13634
0,-0.031608,0.13624
0,-0.031626,0.13614
0,-0.031642,0.13603
0,-0.031655,0.13593
0,-0.031666,0.13583
0,-0.031674,0.13572
0,-0.03168,0.13562
0,-0.031684,0.13551
0,-0.031685,0.1354
0,-0.031683,0.13529
0,-0.031679,0.13518
0,-0.031672,0.13507
0,-0.031663,0.13496
0,-0.031652,0.13484
0,-0.031638,0.13473
0,-0.031621,0.13461
0,-0.031602,0.1345
0,-0.03158,0.13438
0,-0.031556,0.13426
0,-0.031529,0.13414
0,-0.031499,0.13403
0,-0.031467,0.13391
0,-0.031433,0.13379
0,-0.031395,0.13366
0,-0.031356,0.13354
0,-0.031313,0.13342
0,-0.031268,0.1333
0,-0.031221,0.13317
0,-0.031171,0.13305
0,-0.031118,0.13292
0,-0.031062,0.1328
0,-0.031004,0.13267
0,-0.030944,0.13254
0,-0.03088,0.13242
0,-0.030815,0.13229
0,-0.030746,0.13216
0,-0.030675,0.13203
0,-0.030601,0.1319
0,-0.030525,0.13177
0,-0.030446,0.13164
0,-0.030364,0.13151
0,-0.03028,0.13138
0,-0.030193,0.13125
0,-0.030104,0.13112
0,-0.030012,0.13098
0,-0.029917,0.13085
0,-0.02982,0.13072
0,-0.02972,0.13059
0,-0.029617,0.13046
0,-0.029512,0.13032
0,-0.029404,0.13019
0,-0.029294,0.13006
0,-0.029181,0.12993
0,-0.029065,0.12979
0,-0.028947,0.12966
0,-0.028826,0.12953
0,-0.028703,0.12939
0,-0.028577,0.12926
0,-0.028448,0.12912
0,-0.028317,0.12899
0,-0.028183,0.12886
0,-0.028047,0.12873
0,-0.027908,0.12859
0,-0.027766,0.12846
0,-0.027622,0.12833
0,-0.027476,0.1282
0,-0.027326,0.12806
0,-0.027175,0.12793
0,-0.02702,0.1278
0,-0.026864,0.12767
0,-0.026704,0.12754
0,-0.026543,0.12741
0,-0.026378,0.12727
0,-0.026211,0.12715
0,-0.026042,0.12701
0,-0.02587,0.12689
0,-0.025696,0.12676
0,-0.02552,0.12663
0,-0.02534,0.1265
0,-0.025159,0.12637
0,-0.024975,0.12625
0,-0.024789,0.12612
0,-0.0246,0.12599
0,-0.024409,0.12587
0,-0.024215,0.12574
0,-0.024019,0.12562
0,-0.023821,0.1255
0,-0.02362,0.12537
0,-0.023418,0.12525
0,-0.023212,0.12513
0,-0.023005,0.12501
0,-0.022795,0.12489
0,-0.022583,0.12477
0,-0.022369,0.12465
0,-0.022153,0.12454
0,-0.021934,0.12442
0,-0.021713,0.1243
0,-0.02149,0.12419
0,-0.021265,0.12408
0,-0.021037,0.12396
0,-0.020808,0.12385
0,-0.020576,0.12374
0,-0.020343,0.12363
0,-0.020107,0.12352
0,-0.019869,0.12341
0,-0.019629,0.12331
0,-0.019387,0.1232
0,-0.019143,0.1231
0,-0.018897,0.12299
0,-0.01865,0.12289
0,-0.0184,0.12279
0,-0.018148,0.12269
0,-0.017895,0.12259
0,-0.017639,0.12249
0,-0.017382,0.1224
0,-0.017123,0.1223
0,-0.016862,0.12221
0,-0.016599,0.12211
0,-0.016335,0.12202
0,-0.016068,0.12193
0,-0.0158,0.12184
0,-0.015531,0.12176
0,-0.015259,0.12167
0,-0.014986,0.12158
0,-0.014712,0.1215
0,-0.014436,0.12142
0,-0.014158,0.12134
0,-0.013878,0.12126
0,-0.013598,0.12118
0,-0.013315,0.12111
0,-0.013031,0.12103
0,-0.012746,0.12096
0,-0.01246,0.12089
0,-0.012171,0.12082
0,-0.011882,0.12075
0,-0.011591,0.12068
0,-0.011299,0.12061
0,-0.011006,0.12055
0,-0.010711,0.12049
0,-0.010415,0.12043
0,-0.010118,0.12037
0,-0.00982,0.12031
0,-0.009521,0.12026
0,-0.00922,0.1202
0,-0.008918,0.12015
0,-0.008616,0.1201
0,-0.008312,0.12005
0,-0.008008,0.12
0,-0.007702,0.11996
0,-0.007395,0.11991
0,-0.007088,0.11987
0,-0.00678,0.11983
0,-0.00647,0.11979
0,-0.00616,0.11975
0,-0.00585,0.11972
0,-0.005538,0.11969
0,-0.005226,0.11965
0,-0.004913,0.11962
0,-0.004599,0.1196
0,-0.004285,0.11957
0,-0.00397,0.11955
0,-0.003655,0.11952
0,-0.003339,0.1195
0,-0.003022,0.11948
0,-0.002706,0.11947
0,-0.002388,0.11945
0,-0.002071,0.11944
0,-0.001752,0.11943
0,-0.001434,0.11942
0,-0.001115,0.11941
0,-0.000796,0.11941
0,-0.000477,0.1194
0,-0.000158,0.1194
0,0.000162,0.1194
0,0.000481,0.1194
0,0.000801,0.11941
0,0.001121,0.11941
0,0.00144,0.11942
0,0.00176,0.11943
0,0.002079,0.11944
0,0.002398,0.11945
0,0.002717,0.11947
0,0.003036,0.11948
0,0.003354,0.1195
0,0.003672,0.11953
0,0.00399,0.11955
0,0.004307,0.11957
0,0.004624,0.1196
0,0.00494,0.11963
0,0.005256,0.11966
0,0.005571,0.11969
0,0.005886,0.11972
0,0.0062,0.11976
0,0.006513,0.1198
0,0.006826,0.11983
0,0.007138,0.11988
0,0.007449,0.11992
0,0.00776,0.11996
0,0.008069,0.12001
0,0.008378,0.12006
0,0.008686,0.12011
0,0.008993,0.12016
0,0.009298,0.12022
0,0.009603,0.12027
0,0.009907,0.12033
0,0.010209,0.12039
0,0.010511,0.12045
0,0.010811,0.12051
0,0.01111,0.12057
0,0.011408,0.12064
0,0.011705,0.12071
0,0.012,0.12077
0,0.012294,0.12084
0,0.012587,0.12092
0,0.012878,0.12099
0,0.013168,0.12107
0,0.013456,0.12114
0,0.013743,0.12122
0,0.014029,0.1213
0,0.014312,0.12138
0,0.014595,0.12147
0,0.014875,0.12155
0,0.015154,0.12164
0,0.015431,0.12172
0,0.015707,0.12181
0,0.015981,0.1219
0,0.016253,0.122
0,0.016523,0.12209
0,0.016792,0.12218
0,0.017058,0.12228
0,0.017323,0.12237
0,0.017586,0.12247
0,0.017847,0.12257
0,0.018105,0.12267
0,0.018362,0.12278
0,0.018617,0.12288
0,0.01887,0.12298
0,0.019121,0.12309
0,0.01937,0.1232
0,0.019617,0.1233
0,0.019861,0.12341
0,0.020103,0.12352
0,0.020344,0.12363
0,0.020582,0.12375
0,0.020818,0.12386
0,0.021051,0.12397
0,0.021282,0.12409
0,0.021512,0.1242
0,0.021738,0.12432
0,0.021963,0.12444
0,0.022185,0.12456
0,0.022405,0.12468
0,0.022622,0.1248
0,0.022837,0.12492
0,0.02305,0.12504
0,0.02326,0.12516
0,0.023468,0.12529
0,0.023673,0.12541
0,0.023876,0.12554
0,0.024076,0.12566
0,0.024274,0.12579
0,0.024469,0.12591
0,0.024662,0.12604
0,0.024852,0.12617
0,0.02504,0.12629
0,0.025225,0.12642
0,0.025408,0.12655
0,0.025588,0.12668
0,0.025766,0.12681
0,0.025941,0.12694
0,0.026113,0.12707
0,0.026282,0.1272
0,0.02645,0.12734
0,0.026614,0.12747
0,0.026776,0.1276
0,0.026935,0.12773
0,0.027092,0.12786
0,0.027246,0.128
0,0.027397,0.12813
0,0.027546,0.12826
0,0.027692,0.12839
0,0.027835,0.12853
0,0.027976,0.12866
0,0.028115,0.12879
0,0.02825,0.12893
0,0.028383,0.12906
0,0.028514,0.1292
0,0.028642,0.12933
0,0.028767,0.12946
0,0.02889,0.12959
0,0.02901,0.12973
0,0.029127,0.12986
0,0.029242,0.13
0,0.029354,0.13013
0,0.029463,0.13026
0,0.02957,0.1304
0,0.029674,0.13053
0,0.029776,0.13066
0,0.029875,0.13079
0,0.029971,0.13093
0,0.030065,0.13106
0,0.030156,0.13119
0,0.030245,0.13132
0,0.030331,0.13145
0,0.030414,0.13158
0,0.030495,0.13171
0,0.030573,0.13184
0,0.030648,0.13198
0,0.030721,0.13211
0,0.030791,0.13223
0,0.030859,0.13236
0,0.030924,0.13249
0,0.030986,0.13262
0,0.031046,0.13275
0,0.031103,0.13287
0,0.031157,0.133
0,0.031209,0.13313
0,0.031258,0.13325
0,0.031305,0.13338
0,0.031349,0.1335
0,0.03139,0.13362
0,0.031429,0.13375
0,0.031465,0.13387
0,0.031498,0.13399
0,0.031529,0.13411
0,0.031557,0.13423
0,0.031583,0.13435
0,0.031605,0.13447
0,0.031626,0.13459
0,0.031643,0.13471
0,0.031658,0.13482
0,0.031671,0.13494
0,0.031681,0.13505
0,0.031688,0.13517
0,0.031692,0.13528
0,0.031694,0.13539
0,0.031693,0.1355
0,0.03169,0.13561
0,0.031684,0.13572
0,0.031675,0.13583
0,0.031664,0.13594
0,0.03165,0.13605
0,0.031633,0.13615
0,0.031614,0.13625
0,0.031592,0.13636
0,0.031568,0.13646
0,0.031541,0.13656
0,0.031511,0.13666
0,0.031479,0.13676
0,0.031444,0.13686
0,0.031406,0.13695
0,0.031366,0.13705
0,0.031323,0.13714
0,0.031278,0.13723
0,0.03123,0.13732
0,0.031179,0.13741
0,0.031125,0.1375
0,0.031069,0.13759
0,0.031011,0.13767
0,0.03095,0.13776
0,0.030886,0.13784
0,0.030819,0.13792
0,0.03075,0.138
0,0.030678,0.13808
0,0.030604,0.13816
0,0.030527,0.13823
0,0.030447,0.13831
0,0.030365,0.13838
0,0.03028,0.13845
0,0.030192,0.13852
0,0.030102,0.13858
0,0.030009,0.13865
0,0.029914,0.13871
0,0.029816,0.13877
0,0.029715,0.13883
0,0.029612,0.13889
0,0.029506,0.13895
0,0.029398,0.139
0,0.029287,0.13905
0,0.029173,0.1391
0,0.029057,0.13915
0,0.028939,0.1392
0,0.028817,0.13924
0,0.028694,0.13928
0,0.028568,0.13932
0,0.028439,0.13936
0,0.028308,0.13939
0,0.028174,0.13943
0,0.028038,0.13946
0,0.027899,0.13949
0,0.027758,0.13952
0,0.027615,0.13954
0,0.027469,0.13956
0,0.027321,0.13958
0,0.02717,0.1396
0,0.027017,0.13961
0,0.026862,0.13962
0,0.026705,0.13964
0,0.026545,0.13964
0,0.026383,0.13965
0,0.026218,0.13965
0,0.026052,0.13965
0,0.025883,0.13965
0,0.025712,0.13964
0,0.025539,0.13963
0,0.025364,0.13962
0,0.025187,0.13961
0,0.025007,0.13959
0,0.024826,0.13958
0,0.024642,0.13955
0,0.024457,0.13953
0,0.02427,0.1395
0,0.02408,0.13947
0,0.023889,0.13944
0,0.023696,0.13941
0,0.023501,0.13937
0,0.023304,0.13933
0,0.023105,0.13928
0,0.022905,0.13924
0,0.022702,0.13919
0,0.022499,0.13914
0,0.022293,0.13908
0,0.022086,0.13902
0,0.021877,0.13896
0,0.021666,0.1389
0,0.021454,0.13883
0,0.021241,0.13876
0,0.021026,0.13869
0,0.02081,0.13861
0,0.020592,0.13853
0,0.020373,0.13845
0,0.020152,0.13836
0,0.01993,0.13828
0,0.019707,0.13819
0,0.019483,0.13809
0,0.019257,0.13799
0,0.019031,0.13789
0,0.018803,0.13779
0,0.018574,0.13768
0,0.018344,0.13757
0,0.018113,0.13746
0,0.017881,0.13734
0,0.017648,0.13723
0,0.017415,0.1371
0,0.01718,0.13698
0,0.016945,0.13685
0,0.016709,0.13672
0,0.016472,0.13658
0,0.016234,0.13645
0,0.015996,0.13631
0,0.015758,0.13616
0,0.015518,0.13601
0,0.015278,0.13587
0,0.015038,0.13571
0,0.014797,0.13556
0,0.014556,0.1354
0,0.014315,0.13523
0,0.014073,0.13507
0,0.013831,0.1349
0,0.013588,0.13473
0,0.013346,0.13456
0,0.013103,0.13438
0,0.01286,0.1342
0,0.012617,0.13401
0,0.012374,0.13383
0,0.012132,0.13364
0,0.011889,0.13345
0,0.011646,0.13325
0,0.011403,0.13305
0,0.011161,0.13285
0,0.010919,0.13265
0,0.010677,0.13244
0,0.010435,0.13223
0,0.010194,0.13202
0,0.009953,0.1318
0,0.009713,0.13159
0,0.009473,0.13137
0,0.009233,0.13114
0,0.008994,0.13092
0,0.008756,0.13069
0,0.008518,0.13045
0,0.008281,0.13022
0,0.008045,0.12998
0,0.00781,0.12974
0,0.007575,0.1295
0,0.007341,0.12926
0,0.007108,0.12901
0,0.006876,0.12876
0,0.006645,0.12851
0,0.006415,0.12825
0,0.006186,0.128
0,0.005958,0.12774
0,0.005731,0.12747
0,0.005505,0.12721
0,0.00528,0.12694
0,0.005057,0.12668
0,0.004835,0.1264
0,0.004614,0.12613
0,0.004395,0.12586
0,0.004177,0.12558
0,0.00396,0.1253
0,0.003745,0.12502
0,0.003531,0.12473
0,0.003319,0.12445
0,0.003108,0.12416
0,0.002899,0.12387
0,0.002691,0.12358
0,0.002485,0.12329
0,0.002281,0.12299
0,0.002079,0.1227
0,0.001878,0.1224
0,0.001679,0.1221
0,0.001482,0.1218
0,0.001287,0.1215
0,0.001093,0.12119
0,0.000902,0.12089
0,0.000712,0.12058
0,0.000524,0.12027
0,0.000339,0.11996
0,0.000155,0.11965
0,-2.7e-05,0.11934
0,-0.000206,0.11903
0,-0.000384,0.11871
0,-0.000559,0.11839
0,-0.000732,0.11808
0,-0.000903,0.11776
0,-0.001072,0.11744
0,-0.001239,0.11712
0,-0.001403,0.1168
0,-0.001565,0.11648
0,-0.001725,0.11615
0,-0.001883,0.11583
0,-0.002038,0.11551
0,-0.002191,0.11518
0,-0.002341,0.11486
0,-0.002489,0.11453
0,-0.002635,0.11421
0,-0.002778,0.11388
0,-0.002919,0.11355
0,-0.003058,0.11322
0,-0.003194,0.1129
0,-0.003327,0.11257
0,-0.003458,0.11224
0,-0.003587,0.11191
0,-0.003712,0.11158
0,-0.003836,0.11125
0,-0.003957,0.11092
0,-0.004075,0.1106
0,-0.004191,0.11027
0,-0.004304,0.10994
0,-0.004414,0.10961
0,-0.004522,0.10928
0,-0.004627,0.10895
0,-0.00473,0.10863
0,-0.00483,0.1083
0,-0.004928,0.10797
0,-0.005022,0.10765
0,-0.005115,0.10732
0,-0.005204,0.107
0,-0.005291,0.10667
0,-0.005375,0.10635
0,-0.005457,0.10602
0,-0.005536,0.1057
0,-0.005613,0.10538
0,-0.005687,0.10506
0,-0.005758,0.10473
0,-0.005826,0.10441
0,-0.005892,0.10409
0,-0.005956,0.10378
0,-0.006016,0.10346
0,-0.006074,0.10314
0,-0.00613,0.10282
0,-0.006183,0.10251
0,-0.006233,0.10219
0,-0.00628,0.10188
0,-0.006325,0.10157
0,-0.006367,0.10126
0,-0.006407,0.10095
0,-0.006444,0.10064
0,-0.006478,0.10033
0,-0.00651,0.10002
0,-0.006539,0.099716
0,-0.006565,0.099412
0,-0.006589,0.099109
0,-0.00661,0.098807
0,-0.006629,0.098507
0,-0.006645,0.098208
0,-0.006658,0.097911
0,-0.006668,0.097616
0,-0.006676,0.097323
0,-0.006682,0.097031
0,-0.006684,0.096741
0,-0.006684,0.096453
0,-0.006682,0.096167
0,-0.006677,0.095882
0,-0.006669,0.0956
0,-0.006659,0.09532
0,-0.006646,0.095042
0,-0.006631,0.094767
0,-0.006613,0.094493
0,-0.006592,0.094222
0,-0.006569,0.093953
0,-0.006544,0.093686
0,-0.006516,0.093422
0,-0.006486,0.093161
0,-0.006453,0.092901
0,-0.006418,0.092645
0,-0.00638,0.092391
0,-0.00634,0.09214
0,-0.006297,0.091891
0,-0.006253,0.091645
0,-0.006205,0.091402
0,-0.006156,0.091162
0,-0.006104,0.090925
0,-0.00605,0.09069
0,-0.005994,0.090459
0,-0.005935,0.090231
0,-0.005875,0.090006
0,-0.005812,0.089783
0,-0.005747,0.089564
0,-0.00568,0.089349
0,-0.00561,0.089136
0,-0.005539,0.088927
0,-0.005466,0.088721
0,-0.00539,0.088519
0,-0.005313,0.088319
0,-0.005234,0.088124
0,-0.005153,0.087932
0,-0.00507,0.087743
0,-0.004985,0.087558
0,-0.004898,0.087376
0,-0.004809,0.087199
0,-0.004719,0.087024
0,-0.004627,0.086854
0,-0.004533,0.086687
0,-0.004438,0.086525
0,-0.004341,0.086365
0,-0.004242,0.08621
0,-0.004142,0.086059
0,-0.004041,0.085912
0,-0.003938,0.085768
0,-0.003833,0.085629
0,-0.003727,0.085493
0,-0.00362,0.085362
0,-0.003512,0.085235
0,-0.003402,0.085111
0,-0.003291,0.084992
0,-0.003179,0.084877
0,-0.003065,0.084767
0,-0.002951,0.08466
0,-0.002835,0.084558
0,-0.002719,0.084459
0,-0.002601,0.084365
0,-0.002483,0.084276
0,-0.002363,0.084191
0,-0.002243,0.084109
0,-0.002122,0.084033
0,-0.002,0.08396
0,-0.001878,0.083892
0,-0.001755,0.083829
0,-0.001631,0.08377
0,-0.001507,0.083715
0,-0.001382,0.083664
0,-0.001256,0.083618
0,-0.00113,0.083577
0,-0.001004,0.083539
0,-0.000878,0.083507
0,-0.000751,0.083478
0,-0.000623,0.083454
0,-0.000496,0.083435
0,-0.000368,0.08342
0,-0.000241,0.083409
0,-0.000113,0.083403
0,1.5e-05,0.083402
0,0.000143,0.083404
0,0.000271,0.083412
0,0.000398,0.083423
0,0.000526,0.083439
0,0.000653,0.08346
0,0.00078,0.083485
0,0.000907,0.083514
0,0.001033,0.083548
0,0.001159,0.083586
0,0.001285,0.083629
0,0.00141,0.083676
0,0.001535,0.083727
0,0.001659,0.083783
0,0.001782,0.083843
0,0.001905,0.083907
0,0.002027,0.083976
0,0.002148,0.084049
0,0.002269,0.084126
0,0.002388,0.084207
0,0.002507,0.084293
0,0.002625,0.084383
0,0.002742,0.084477
0,0.002858,0.084576
0,0.002972,0.084678
0,0.003086,0.084785
0,0.003199,0.084896
0,0.00331,0.085011
0,0.00342,0.08513
0,0.003529,0.085253
0,0.003637,0.085381
0,0.003743,0.085512
0,0.003848,0.085647
0,0.003952,0.085786
0,0.004054,0.085929
0,0.004155,0.086077
0,0.004254,0.086228
0,0.004351,0.086382
0,0.004447,0.086541
0,0.004542,0.086704
0,0.004634,0.08687
0,0.004725,0.08704
0,0.004815,0.087214
0,0.004902,0.087391
0,0.004988,0.087572
0,0.005072,0.087757
0,0.005154,0.087945
0,0.005234,0.088137
0,0.005313,0.088332
0,0.005389,0.088531
0,0.005463,0.088733
0,0.005536,0.088939
0,0.005606,0.089148
0,0.005675,0.08936
0,0.005741,0.089576
0,0.005805,0.089795
0,0.005867,0.090017
0,0.005927,0.090242
0,0.005985,0.090471
0,0.006041,0.090702
0,0.006094,0.090937
0,0.006145,0.091174
0,0.006194,0.091414
0,0.00624,0.091658
0,0.006285,0.091904
0,0.006327,0.092153
0,0.006366,0.092405
0,0.006403,0.092659
0,0.006438,0.092916
0,0.006471,0.093176
0,0.006501,0.093438
0,0.006528,0.093703
0,0.006553,0.09397
0,0.006576,0.09424
0,0.006596,0.094512
0,0.006614,0.094786
0,0.006629,0.095063
0,0.006642,0.095342
0,0.006652,0.095623
0,0.006659,0.095906
0,0.006664,0.096191
0,0.006666,0.096478
0,0.006666,0.096766
0,0.006663,0.097057
0,0.006658,0.09735
0,0.00665,0.097644
0,0.006639,0.09794
0,0.006626,0.098238
0,0.00661,0.098537
0,0.006592,0.098838
0,0.006571,0.09914
0,0.006547,0.099443
0,0.006521,0.099748
0,0.006492,0.10005
0,0.00646,0.10036
0,0.006426,0.10067
0,0.006389,0.10098
0,0.006349,0.10129
0,0.006307,0.1016
0,0.006262,0.10191
0,0.006215,0.10223
0,0.006165,0.10254
0,0.006112,0.10286
0,0.006057,0.10317
0,0.005999,0.10349
0,0.005939,0.10381
0,0.005876,0.10413
0,0.00581,0.10445
0,0.005741,0.10477
0,0.00567,0.10509
0,0.005597,0.10541
0,0.005521,0.10573
0,0.005442,0.10605
0,0.00536,0.10638
0,0.005276,0.1067
0,0.005189,0.10702
0,0.0051,0.10735
0,0.005008,0.10767
0,0.004914,0.108
0,0.004816,0.10833
0,0.004717,0.10865
0,0.004614,0.10898
0,0.004509,0.10931
0,0.004402,0.10963
0,0.004292,0.10996
0,0.004179,0.11029
0,0.004064,0.11062
0,0.003946,0.11094
0,0.003825,0.11127
0,0.003702,0.1116
0,0.003577,0.11193
0,0.003449,0.11225
0,0.003318,0.11258
0,0.003185,0.11291
0,0.003049,0.11324
0,0.002911,0.11356
0,0.002771,0.11389
0,0.002628,0.11422
0,0.002483,0.11454
0,0.002335,0.11487
0,0.002185,0.11519
0,0.002033,0.11552
0,0.001878,0.11584
0,0.001721,0.11617
0,0.001561,0.11649
0,0.001399,0.11681
0,0.001235,0.11713
0,0.001069,0.11745
0,0.000901,0.11777
0,0.00073,0.11809
0,0.000557,0.1184
0,0.000382,0.11872
0,0.000205,0.11904
0,2.6e-05,0.11935
0,-0.000155,0.11966
0,-0.000339,0.11997
0,-0.000524,0.12028
0,-0.000711,0.12059
0,-0.000901,0.1209
0,-0.001092,0.12121
0,-0.001285,0.12151
0,-0.00148,0.12181
0,-0.001677,0.12212
0,-0.001876,0.12242
0,-0.002076,0.12271
0,-0.002279,0.12301
0,-0.002483,0.1233
0,-0.002688,0.1236
0,-0.002896,0.12389
0,-0.003105,0.12418
0,-0.003315,0.12447
0,-0.003527,0.12475
0,-0.003741,0.12504
0,-0.003956,0.12532
0,-0.004173,0.1256
0,-0.004391,0.12587
0,-0.00461,0.12615
0,-0.004831,0.12642
0,-0.005053,0.12669
0,-0.005276,0.12696
0,-0.005501,0.12723
0,-0.005726,0.12749
0,-0.005953,0.12775
0,-0.006181,0.12801
0,-0.00641,0.12827
0,-0.00664,0.12852
0,-0.006872,0.12878
0,-0.007104,0.12902
0,-0.007337,0.12927
0,-0.007571,0.12951
0,-0.007805,0.12976
0,-0.008041,0.13
0,-0.008277,0.13023
0,-0.008515,0.13047
0,-0.008752,0.1307
0,-0.008991,0.13093
0,-0.00923,0.13115
0,-0.00947,0.13137
0,-0.00971,0.13159
0,-0.00995,0.13181
0,-0.010191,0.13203
0,-0.010433,0.13224
0,-0.010675,0.13245
0,-0.010917,0.13265
0,-0.011159,0.13286
0,-0.011402,0.13306
0,-0.011645,0.13325
0,-0.011888,0.13345
0,-0.012131,0.13364
0,-0.012374,0.13383
0,-0.012618,0.13401
0,-0.012861,0.1342
0,-0.013104,0.13438
0,-0.013347,0.13455
0,-0.01359,0.13473
0,-0.013833,0.1349
0,-0.014075,0.13507
0,-0.014318,0.13523
0,-0.014559,0.13539
0,-0.014801,0.13555
0,-0.015042,0.13571
0,-0.015283,0.13586
0,-0.015523,0.13601
0,-0.015763,0.13616
0,-0.016002,0.1363
0,-0.016241,0.13645
0,-0.016478,0.13658
0,-0.016716,0.13672
0,-0.016952,0.13685
0,-0.017188,0.13698
0,-0.017423,0.1371
0,-0.017657,0.13723
0,-0.01789,0.13734
0,-0.018122,0.13746
0,-0.018353,0.13758
0,-0.018584,0.13769
0,-0.018813,0.13779
0,-0.019041,0.1379
0,-0.019268,0.138
0,-0.019494,0.13809
0,-0.019718,0.13819
0,-0.019942,0.13828
0,-0.020164,0.13837
0,-0.020385,0.13846
0,-0.020604,0.13854
0,-0.020822,0.13862
0,-0.021039,0.13869
0,-0.021254,0.13877
0,-0.021468,0.13884
0,-0.02168,0.13891
0,-0.021891,0.13897
0,-0.0221,0.13903
0,-0.022307,0.13909
0,-0.022513,0.13914
0,-0.022717,0.1392
0,-0.02292,0.13925
0,-0.02312,0.13929
0,-0.023319,0.13934
0,-0.023516,0.13938
0,-0.023711,0.13942
0,-0.023905,0.13945
0,-0.024096,0.13948
0,-0.024286,0.13951
0,-0.024474,0.13954
0,-0.024659,0.13956
0,-0.024843,0.13958
0,-0.025024,0.1396
0,-0.025204,0.13961
0,-0.025381,0.13963
0,-0.025557,0.13964
0,-0.02573,0.13964
0,-0.025901,0.13965
0,-0.02607,0.13965
0,-0.026236,0.13965
0,-0.026401,0.13965
0,-0.026563,0.13964
0,-0.026723,0.13964
0,-0.02688,0.13962
0,-0.027036,0.13961
0,-0.027188,0.1396
0,-0.027339,0.13958
0,-0.027487,0.13956
0,-0.027633,0.13953
0,-0.027776,0.13951
0,-0.027917,0.13948
0,-0.028056,0.13945
0,-0.028192,0.13942
0,-0.028325,0.13939
0,-0.028456,0.13935
0,-0.028585,0.13931
0,-0.028711,0.13928
0,-0.028834,0.13923
0,-0.028955,0.13919
0,-0.029073,0.13914
0,-0.029189,0.13909
0,-0.029302,0.13904
0,-0.029413,0.13899
0,-0.029521,0.13894
0,-0.029626,0.13888
0,-0.029729,0.13882
0,-0.029829,0.13876
0,-0.029927,0.1387
0,-0.030022,0.13864
0,-0.030114,0.13858
0,-0.030204,0.13851
0,-0.030291,0.13844
0,-0.030375,0.13837
0,-0.030457,0.1383
0,-0.030536,0.13823
0,-0.030613,0.13815
0,-0.030686,0.13808
0,-0.030758,0.138
0,-0.030826,0.13792
0,-0.030892,0.13784
0,-0.030955,0.13775
0,-0.031016,0.13767
0,-0.031074,0.13759
0,-0.031129,0.1375
0,-0.031182,0.13741
0,-0.031232,0.13732
0,-0.03128,0.13723
0,-0.031325,0.13714
0,-0.031367,0.13705
0,-0.031407,0.13695
0,-0.031444,0.13686
0,-0.031478,0.13676
0,-0.03151,0.13666
0,-0.031539,0.13656
0,-0.031565,0.13646
0,-0.031589,0.13636
0,-0.03161,0.13625
0,-0.031629,0.13615
0,-0.031645,0.13605
0,-0.031659,0.13594
0,-0.031669,0.13583
0,-0.031677,0.13572
0,-0.031683,0.13561
0,-0.031686,0.1355
0,-0.031686,0.13539
0,-0.031684,0.13528
0,-0.031679,0.13517
0,-0.031671,0.13505
0,-0.031661,0.13494
0,-0.031649,0.13482
0,-0.031633,0.1347
0,-0.031615,0.13459
0,-0.031594,0.13447
0,-0.031571,0.13435
0,-0.031545,0.13423
0,-0.031517,0.13411
0,-0.031486,0.13398
0,-0.031452,0.13386
0,-0.031416,0.13374
0,-0.031377,0.13362
0,-0.031335,0.13349
0,-0.031291,0.13337
0,-0.031244,0.13324
0,-0.031195,0.13312
0,-0.031143,0.13299
0,-0.031088,0.13286
0,-0.031031,0.13274
0,-0.030971,0.13261
0,-0.030909,0.13248
0,-0.030844,0.13235
0,-0.030776,0.13222
0,-0.030706,0.13209
0,-0.030633,0.13196
0,-0.030557,0.13183
0,-0.030479,0.1317
0,-0.030398,0.13157
0,-0.030315,0.13144
0,-0.030229,0.13131
0,-0.03014,0.13118
0,-0.030049,0.13105
0,-0.029955,0.13091
0,-0.029859,0.13078
0,-0.02976,0.13065
0,-0.029658,0.13052
0,-0.029554,0.13039
0,-0.029447,0.13025
0,-0.029338,0.13012
0,-0.029226,0.12999
0,-0.029111,0.12985
0,-0.028994,0.12972
0,-0.028874,0.12959
0,-0.028752,0.12945
0,-0.028627,0.12932
0,-0.028499,0.12919
0,-0.028369,0.12906
0,-0.028236,0.12892
0,-0.0281,0.12879
0,-0.027962,0.12866
0,-0.027821,0.12852
0,-0.027678,0.12839
0,-0.027532,0.12826
0,-0.027384,0.12813
0,-0.027233,0.12799
0,-0.027079,0.12786
0,-0.026923,0.12773
0,-0.026764,0.1276
0,-0.026602,0.12747
0,-0.026438,0.12734
0,-0.026271,0.12721
0,-0.026102,0.12707
0,-0.02593,0.12694
0,-0.025755,0.12681
0,-0.025578,0.12668
0,-0.025398,0.12656
0,-0.025216,0.12643
0,-0.025031,0.1263
0,-0.024844,0.12617
0,-0.024654,0.12604
0,-0.024461,0.12591
0,-0.024267,0.12579
0,-0.024069,0.12566
0,-0.023869,0.12554
0,-0.023667,0.12541
0,-0.023462,0.12529
0,-0.023254,0.12516
0,-0.023045,0.12504
0,-0.022833,0.12492
0,-0.022618,0.1248
0,-0.022401,0.12468
0,-0.022182,0.12456
0,-0.02196,0.12444
0,-0.021736,0.12432
0,-0.02151,0.1242
0,-0.021281,0.12409
0,-0.02105,0.12397
0,-0.020817,0.12386
0,-0.020582,0.12374
0,-0.020344,0.12363
0,-0.020104,0.12352
0,-0.019862,0.12341
0,-0.019618,0.1233
0,-0.019372,0.12319
0,-0.019124,0.12308
0,-0.018873,0.12298
0,-0.018621,0.12287
0,-0.018366,0.12277
0,-0.01811,0.12267
0,-0.017851,0.12257
0,-0.017591,0.12247
0,-0.017329,0.12237
0,-0.017064,0.12227
0,-0.016798,0.12218
0,-0.01653,0.12208
0,-0.01626,0.12199
0,-0.015988,0.1219
0,-0.015715,0.12181
0,-0.01544,0.12172
0,-0.015163,0.12163
0,-0.014884,0.12155
0,-0.014604,0.12146
0,-0.014322,0.12138
0,-0.014039,0.1213
0,-0.013754,0.12122
0,-0.013467,0.12114
0,-0.013179,0.12106
0,-0.01289,0.12099
0,-0.012599,0.12092
0,-0.012306,0.12084
0,-0.012012,0.12077
0,-0.011717,0.12071
0,-0.011421,0.12064
0,-0.011123,0.12057
0,-0.010824,0.12051
0,-0.010524,0.12045
0,-0.010222,0.12039
0,-0.00992,0.12033
0,-0.009616,0.12027
0,-0.009311,0.12022
0,-0.009006,0.12016
0,-0.008699,0.12011
0,-0.008391,0.12006
0,-0.008082,0.12001
0,-0.007773,0.11997
0,-0.007462,0.11992
0,-0.007151,0.11988
0,-0.006839,0.11984
0,-0.006526,0.1198
0,-0.006212,0.11976
0,-0.005898,0.11973
0,-0.005583,0.11969
0,-0.005268,0.11966
0,-0.004952,0.11963
0,-0.004635,0.1196
0,-0.004318,0.11958
0,-0.004,0.11955
0,-0.003682,0.11953
0,-0.003364,0.11951
0,-0.003045,0.11949
0,-0.002726,0.11947
0,-0.002407,0.11946
0,-0.002088,0.11944
0,-0.001768,0.11943
0,-0.001448,0.11942
0,-0.001128,0.11941
0,-0.000808,0.11941
0,-0.000488,0.1194
0,-0.000168,0.1194
