0,4.6e-05,0.11964
0,0.000343,0.11964
0,0.00064,0.11964
0,0.000937,0.11965
0,0.001234,0.11965
0,0.001531,0.11966
0,0.001828,0.11967
0,0.002125,0.11969
0,0.002421,0.1197
0,0.002718,0.11972
0,0.003014,0.11973
0,0.003309,0.11975
0,0.003605,0.11978
0,0.0039,0.1198
0,0.004194,0.11982
0,0.004489,0.11985
0,0.004782,0.11988
0,0.005076,0.11991
0,0.005368,0.11994
0,0.00566,0.11998
0,0.005952,0.12001
0,0.006243,0.12005
0,0.006533,0.12009
0,0.006823,0.12013
0,0.007111,0.12017
0,0.0074,0.12022
0,0.007687,0.12026
0,0.007973,0.12031
0,0.008259,0.12036
0,0.008544,0.12042
0,0.008827,0.12047
0,0.00911,0.12052
0,0.009392,0.12058
0,0.009673,0.12064
0,0.009952,0.1207
0,0.010231,0.12076
0,0.010509,0.12083
0,0.010785,0.12089
0,0.01106,0.12096
0,0.011334,0.12103
0,0.011607,0.1211
0,0.011879,0.12117
0,0.012149,0.12124
0,0.012418,0.12132
0,0.012686,0.12139
0,0.012952,0.12147
0,0.013217,0.12155
0,0.01348,0.12163
0,0.013742,0.12171
0,0.014003,0.12179
0,0.014262,0.12188
0,0.01452,0.12197
0,0.014775,0.12205
0,0.01503,0.12214
0,0.015283,0.12223
0,0.015534,0.12232
0,0.015783,0.12242
0,0.016031,0.12251
0,0.016277,0.12261
0,0.016522,0.1227
0,0.016764,0.1228
0,0.017005,0.1229
0,0.017245,0.123
0,0.017482,0.1231
0,0.017717,0.12321
0,0.017951,0.12331
0,0.018183,0.12341
0,0.018413,0.12352
0,0.018641,0.12363
0,0.018867,0.12373
0,0.019091,0.12384
0,0.019314,0.12395
0,0.019534,0.12406
0,0.019752,0.12418
0,0.019969,0.12429
0,0.020183,0.1244
0,0.020395,0.12452
0,0.020605,0.12463
0,0.020813,0.12475
0,0.02102,0.12487
0,0.021224,0.12498
0,0.021425,0.1251
0,0.021625,0.12522
0,0.021823,0.12534
0,0.022018,0.12546
0,0.022212,0.12558
0,0.022403,0.12571
0,0.022592,0.12583
0,0.022779,0.12595
0,0.022964,0.12607
0,0.023146,0.1262
0,0.023326,0.12632
0,0.023504,0.12645
0,0.02368,0.12657
0,0.023854,0.1267
0,0.024025,0.12683
0,0.024194,0.12695
0,0.024361,0.12708
0,0.02453,0.12721
0,0.024698,0.12734
0,0.024864,0.12747
0,0.025027,0.1276
0,0.025188,0.12773
0,0.025346,0.12786
0,0.025501,0.12799
0,0.025653,0.12812
0,0.025803,0.12825
0,0.02595,0.12838
0,0.026095,0.12851
0,0.026237,0.12864
0,0.026376,0.12877
0,0.026512,0.1289
0,0.026646,0.12903
0,0.026777,0.12916
0,0.026906,0.12929
0,0.027032,0.12942
0,0.027155,0.12956
0,0.027276,0.12969
0,0.027394,0.12982
0,0.027509,0.12995
0,0.027622,0.13008
0,0.027732,0.13021
0,0.027839,0.13034
0,0.027944,0.13047
0,0.028046,0.1306
0,0.028145,0.13073
0,0.028242,0.13086
0,0.028336,0.13099
0,0.028427,0.13112
0,0.028516,0.13125
0,0.028602,0.13138
0,0.028685,0.13151
0,0.028766,0.13164
0,0.028844,0.13176
0,0.028919,0.13189
0,0.028992,0.13202
0,0.029062,0.13215
0,0.02913,0.13227
0,0.029194,0.1324
0,0.029257,0.13252
0,0.029316,0.13265
0,0.029373,0.13277
0,0.029427,0.1329
0,0.029478,0.13302
0,0.029527,0.13315
0,0.029573,0.13327
0,0.029617,0.13339
0,0.029658,0.13351
0,0.029696,0.13363
0,0.029731,0.13375
0,0.029764,0.13387
0,0.029794,0.13399
0,0.029822,0.13411
0,0.029847,0.13422
0,0.029869,0.13434
0,0.029888,0.13445
0,0.029905,0.13457
0,0.029919,0.13468
0,0.029931,0.1348
0,0.02994,0.13491
0,0.029946,0.13502
0,0.029949,0.13513
0,0.02995,0.13524
0,0.029948,0.13535
0,0.029944,0.13546
0,0.029937,0.13556
0,0.029927,0.13567
0,0.029914,0.13577
0,0.029899,0.13588
0,0.029881,0.13598
0,0.02986,0.13608
0,0.029837,0.13618
0,0.029811,0.13628
0,0.029782,0.13638
0,0.029751,0.13648
0,0.029717,0.13657
0,0.02968,0.13667
0,0.02964,0.13676
0,0.029598,0.13685
0,0.029553,0.13694
0,0.029506,0.13703
0,0.029455,0.13712
0,0.029402,0.1372
0,0.029347,0.13729
0,0.029288,0.13737
0,0.029227,0.13746
0,0.029163,0.13754
0,0.029096,0.13762
0,0.029027,0.13769
0,0.028955,0.13777
0,0.02888,0.13784
0,0.028802,0.13792
0,0.028722,0.13799
0,0.028639,0.13806
0,0.028553,0.13813
0,0.028464,0.13819
0,0.028373,0.13826
0,0.028279,0.13832
0,0.028186,0.13838
0,0.028091,0.13844
0,0.027994,0.1385
0,0.027895,0.13855
0,0.027794,0.13861
0,0.02769,0.13866
0,0.027585,0.13871
0,0.027477,0.13876
0,0.027368,0.1388
0,0.027256,0.13885
0,0.027143,0.13889
0,0.027028,0.13893
0,0.02691,0.13897
0,0.026791,0.139
0,0.026669,0.13904
0,0.026546,0.13907
0,0.026421,0.1391
0,0.026294,0.13913
0,0.026165,0.13915
0,0.026034,0.13917
0,0.025902,0.1392
0,0.025767,0.13922
0,0.025631,0.13923
0,0.025493,0.13925
0,0.025353,0.13926
0,0.025212,0.13927
0,0.025068,0.13927
0,0.024923,0.13928
0,0.024776,0.13928
0,0.024628,0.13928
0,0.024477,0.13928
0,0.024325,0.13927
0,0.024172,0.13927
0,0.024016,0.13926
0,0.023859,0.13924
0,0.023701,0.13923
0,0.023541,0.13921
0,0.023379,0.13919
0,0.023215,0.13917
0,0.02305,0.13914
0,0.022883,0.13911
0,0.022715,0.13908
0,0.022545,0.13905
0,0.022374,0.13901
0,0.022201,0.13897
0,0.022027,0.13893
0,0.021851,0.13888
0,0.021674,0.13884
0,0.021495,0.13878
0,0.021315,0.13873
0,0.021133,0.13867
0,0.02095,0.13862
0,0.020766,0.13855
0,0.02058,0.13849
0,0.020393,0.13842
0,0.020205,0.13835
0,0.020015,0.13828
0,0.019824,0.1382
0,0.019632,0.13812
0,0.019439,0.13804
0,0.019244,0.13795
0,0.019049,0.13786
0,0.018852,0.13777
0,0.018654,0.13768
0,0.018455,0.13758
0,0.018255,0.13748
0,0.018054,0.13737
0,0.017852,0.13727
0,0.01765,0.13716
0,0.017446,0.13705
0,0.017241,0.13693
0,0.017036,0.13681
0,0.016829,0.13669
0,0.016622,0.13656
0,0.016414,0.13644
0,0.016206,0.1363
0,0.015996,0.13617
0,0.015786,0.13603
0,0.015576,0.13589
0,0.015364,0.13575
0,0.015153,0.1356
0,0.01494,0.13545
0,0.014728,0.1353
0,0.014514,0.13515
0,0.014301,0.13499
0,0.014087,0.13483
0,0.013872,0.13466
0,0.013658,0.13449
0,0.013443,0.13432
0,0.013228,0.13415
0,0.013012,0.13397
0,0.012797,0.13379
0,0.012581,0.13361
0,0.012366,0.13343
0,0.01215,0.13324
0,0.011934,0.13305
0,0.011718,0.13286
0,0.011503,0.13266
0,0.011287,0.13246
0,0.011072,0.13226
0,0.010856,0.13205
0,0.010641,0.13184
0,0.010426,0.13163
0,0.010212,0.13142
0,0.009998,0.1312
0,0.009784,0.13098
0,0.00957,0.13076
0,0.009357,0.13054
0,0.009145,0.13031
0,0.008933,0.13008
0,0.008721,0.12985
0,0.00851,0.12962
0,0.0083,0.12938
0,0.00809,0.12914
0,0.007881,0.1289
0,0.007673,0.12865
0,0.007466,0.12841
0,0.007259,0.12816
0,0.007053,0.1279
0,0.006848,0.12765
0,0.006644,0.12739
0,0.006441,0.12714
0,0.006238,0.12687
0,0.006037,0.12661
0,0.005837,0.12635
0,0.005638,0.12608
0,0.00544,0.12581
0,0.005243,0.12554
0,0.005047,0.12526
0,0.004853,0.12499
0,0.004659,0.12471
0,0.004467,0.12443
0,0.004277,0.12415
0,0.004087,0.12387
0,0.003899,0.12358
0,0.003713,0.12329
0,0.003527,0.12301
0,0.003344,0.12272
0,0.003161,0.12242
0,0.00298,0.12213
0,0.002801,0.12183
0,0.002623,0.12154
0,0.002447,0.12124
0,0.002273,0.12094
0,0.0021,0.12064
0,0.001929,0.12034
0,0.001759,0.12003
0,0.001592,0.11973
0,0.001426,0.11942
0,0.001261,0.11911
0,0.001099,0.1188
0,0.000938,0.1185
0,0.00078,0.11818
0,0.000623,0.11787
0,0.000468,0.11756
0,0.000315,0.11725
0,0.000164,0.11693
0,1.5e-05,0.11662
0,-0.000133,0.1163
0,-0.000278,0.11598
0,-0.000421,0.11567
0,-0.000562,0.11535
0,-0.000701,0.11503
0,-0.000838,0.11471
0,-0.000973,0.11439
0,-0.001105,0.11407
0,-0.001236,0.11375
0,-0.001365,0.11343
0,-0.001491,0.11311
0,-0.001615,0.11278
0,-0.001737,0.11246
0,-0.001857,0.11214
0,-0.001974,0.11182
0,-0.00209,0.1115
0,-0.002203,0.11117
0,-0.002314,0.11085
0,-0.002422,0.11053
0,-0.002529,0.11021
0,-0.002633,0.10988
0,-0.002734,0.10956
0,-0.002834,0.10924
0,-0.002936,0.10892
0,-0.003036,0.10859
0,-0.003134,0.10827
0,-0.003229,0.10795
0,-0.003322,0.10763
0,-0.003412,0.1073
0,-0.003499,0.10698
0,-0.003583,0.10666
0,-0.003665,0.10634
0,-0.003744,0.10602
0,-0.00382,0.1057
0,-0.003893,0.10538
0,-0.003964,0.10507
0,-0.004032,0.10475
0,-0.004098,0.10443
0,-0.00416,0.10412
0,-0.00422,0.1038
0,-0.004277,0.10349
0,-0.004332,0.10318
0,-0.004383,0.10286
0,-0.004432,0.10255
0,-0.004478,0.10225
0,-0.004522,0.10194
0,-0.004562,0.10163
0,-0.0046,0.10132
0,-0.004635,0.10102
0,-0.004667,0.10071
0,-0.004696,0.10041
0,-0.004722,0.10011
0,-0.004744,0.099812
0,-0.004764,0.099515
0,-0.004779,0.099221
0,-0.004789,0.098931
0,-0.004794,0.098645
0,-0.004804,0.098355
0,-0.004813,0.098066
0,-0.004819,0.097778
0,-0.004823,0.097493
0,-0.004825,0.097209
0,-0.004824,0.096928
0,-0.004822,0.096648
0,-0.004817,0.09637
0,-0.00481,0.096093
0,-0.004801,0.095819
0,-0.004789,0.095547
0,-0.004776,0.095278
0,-0.004761,0.09501
0,-0.004743,0.094745
0,-0.004724,0.094481
0,-0.004703,0.09422
0,-0.00468,0.093962
0,-0.004654,0.093706
0,-0.004628,0.093452
0,-0.004599,0.093201
0,-0.004568,0.092952
0,-0.004536,0.092706
0,-0.004502,0.092462
0,-0.004466,0.092222
0,-0.004429,0.091983
0,-0.00439,0.091748
0,-0.00435,0.091515
0,-0.004308,0.091285
0,-0.004265,0.091058
0,-0.00422,0.090834
0,-0.004174,0.090613
0,-0.004126,0.090395
0,-0.004077,0.09018
0,-0.004027,0.089968
0,-0.003976,0.089759
0,-0.003923,0.089553
0,-0.00387,0.08935
0,-0.003815,0.089151
0,-0.003758,0.088954
0,-0.003701,0.088762
0,-0.003643,0.088572
0,-0.003583,0.088386
0,-0.003523,0.088203
0,-0.003461,0.088023
0,-0.003399,0.087848
0,-0.003335,0.087675
0,-0.003271,0.087506
0,-0.003205,0.087341
0,-0.003138,0.08718
0,-0.003071,0.087022
0,-0.003002,0.086867
0,-0.002932,0.086717
0,-0.002862,0.08657
0,-0.00279,0.086427
0,-0.002718,0.086288
0,-0.002645,0.086153
0,-0.002571,0.086022
0,-0.002495,0.085894
0,-0.00242,0.085771
0,-0.002343,0.085652
0,-0.002265,0.085536
0,-0.002187,0.085425
0,-0.002107,0.085318
0,-0.002028,0.085215
0,-0.001947,0.085116
0,-0.001865,0.085021
0,-0.001783,0.08493
0,-0.0017,0.084844
0,-0.001617,0.084761
0,-0.001533,0.084683
0,-0.001448,0.08461
0,-0.001363,0.08454
0,-0.001278,0.084475
0,-0.001191,0.084414
0,-0.001105,0.084357
0,-0.001018,0.084305
0,-0.00093,0.084257
0,-0.000842,0.084213
0,-0.000754,0.084174
0,-0.000666,0.084139
0,-0.000577,0.084108
0,-0.000488,0.084082
0,-0.000399,0.08406
0,-0.00031,0.084043
0,-0.00022,0.08403
0,-0.000131,0.084021
0,-4.1e-05,0.084017
0,4.8e-05,0.084017
0,0.000138,0.084022
0,0.000227,0.084031
0,0.000317,0.084044
0,0.000406,0.084062
0,0.000495,0.084084
0,0.000584,0.084111
0,0.000673,0.084142
0,0.000761,0.084177
0,0.000849,0.084217
0,0.000937,0.084261
0,0.001025,0.084309
0,0.001112,0.084362
0,0.001198,0.084419
0,0.001284,0.084481
0,0.00137,0.084546
0,0.001455,0.084616
0,0.00154,0.08469
0,0.001624,0.084769
0,0.001707,0.084851
0,0.00179,0.084938
0,0.001872,0.085029
0,0.001954,0.085124
0,0.002034,0.085224
0,0.002114,0.085327
0,0.002193,0.085435
0,0.002272,0.085547
0,0.002349,0.085662
0,0.002426,0.085782
0,0.002502,0.085906
0,0.002577,0.086033
0,0.002651,0.086165
0,0.002725,0.0863
0,0.002797,0.08644
0,0.002868,0.086583
0,0.002939,0.08673
0,0.003009,0.086881
0,0.003077,0.087035
0,0.003145,0.087193
0,0.003211,0.087355
0,0.003277,0.087521
0,0.003342,0.08769
0,0.003405,0.087863
0,0.003468,0.088039
0,0.00353,0.088218
0,0.00359,0.088401
0,0.003649,0.088588
0,0.003708,0.088778
0,0.003765,0.088971
0,0.003821,0.089167
0,0.003876,0.089367
0,0.00393,0.08957
0,0.003982,0.089776
0,0.004034,0.089985
0,0.004084,0.090198
0,0.004133,0.090413
0,0.00418,0.090631
0,0.004226,0.090853
0,0.004271,0.091077
0,0.004314,0.091304
0,0.004356,0.091534
0,0.004396,0.091767
0,0.004435,0.092003
0,0.004472,0.092241
0,0.004508,0.092482
0,0.004542,0.092726
0,0.004574,0.092972
0,0.004604,0.093221
0,0.004633,0.093472
0,0.00466,0.093726
0,0.004685,0.093982
0,0.004708,0.094241
0,0.004729,0.094502
0,0.004748,0.094765
0,0.004765,0.095031
0,0.00478,0.095298
0,0.004794,0.095568
0,0.004805,0.09584
0,0.004814,0.096114
0,0.00482,0.096391
0,0.004825,0.096669
0,0.004828,0.096949
0,0.004828,0.097231
0,0.004826,0.097514
0,0.004822,0.0978
0,0.004816,0.098087
0,0.004807,0.098376
0,0.004796,0.098666
0,0.004785,0.098957
0,0.004776,0.099245
0,0.004762,0.099538
0,0.004742,0.099835
0,0.004719,0.10013
0,0.004693,0.10043
0,0.004664,0.10074
0,0.004632,0.10104
0,0.004597,0.10135
0,0.004559,0.10165
0,0.004518,0.10196
0,0.004474,0.10227
0,0.004428,0.10258
0,0.004379,0.10289
0,0.004327,0.1032
0,0.004272,0.10351
0,0.004215,0.10383
0,0.004155,0.10414
0,0.004092,0.10446
0,0.004027,0.10477
0,0.003959,0.10509
0,0.003888,0.10541
0,0.003814,0.10573
0,0.003738,0.10605
0,0.003659,0.10637
0,0.003577,0.10669
0,0.003492,0.10701
0,0.003405,0.10733
0,0.003315,0.10765
0,0.003223,0.10797
0,0.003128,0.10829
0,0.00303,0.10862
0,0.002929,0.10894
0,0.002831,0.10926
0,0.002731,0.10958
0,0.002629,0.10991
0,0.002525,0.11023
0,0.002419,0.11055
0,0.00231,0.11087
0,0.002199,0.11119
0,0.002086,0.11152
0,0.00197,0.11184
0,0.001853,0.11216
0,0.001733,0.11248
0,0.001611,0.1128
0,0.001486,0.11312
0,0.00136,0.11345
0,0.001231,0.11377
0,0.001101,0.11409
0,0.000968,0.11441
0,0.000833,0.11473
0,0.000696,0.11505
0,0.000557,0.11536
0,0.000416,0.11568
0,0.000273,0.116
0,0.000127,0.11632
0,-2e-05,0.11663
0,-0.000169,0.11695
0,-0.00032,0.11726
0,-0.000473,0.11758
0,-0.000628,0.11789
0,-0.000785,0.1182
0,-0.000944,0.11851
0,-0.001105,0.11882
0,-0.001267,0.11913
0,-0.001431,0.11944
0,-0.001597,0.11974
0,-0.001765,0.12005
0,-0.001935,0.12035
0,-0.002106,0.12065
0,-0.002279,0.12095
0,-0.002453,0.12125
0,-0.002629,0.12155
0,-0.002807,0.12185
0,-0.002987,0.12214
0,-0.003167,0.12244
0,-0.00335,0.12273
0,-0.003533,0.12302
0,-0.003719,0.12331
0,-0.003905,0.12359
0,-0.004093,0.12388
0,-0.004283,0.12416
0,-0.004474,0.12444
0,-0.004666,0.12472
0,-0.004859,0.125
0,-0.005053,0.12527
0,-0.005249,0.12555
0,-0.005446,0.12582
0,-0.005644,0.12609
0,-0.005843,0.12636
0,-0.006043,0.12662
0,-0.006245,0.12688
0,-0.006447,0.12715
0,-0.00665,0.1274
0,-0.006854,0.12766
0,-0.007059,0.12791
0,-0.007265,0.12817
0,-0.007472,0.12842
0,-0.007679,0.12866
0,-0.007887,0.12891
0,-0.008096,0.12915
0,-0.008306,0.12939
0,-0.008516,0.12962
0,-0.008727,0.12986
0,-0.008939,0.13009
0,-0.009151,0.13032
0,-0.009363,0.13055
0,-0.009576,0.13077
0,-0.00979,0.13099
0,-0.010004,0.13121
0,-0.010218,0.13143
0,-0.010432,0.13164
0,-0.010647,0.13185
0,-0.010862,0.13206
0,-0.011077,0.13226
0,-0.011293,0.13246
0,-0.011508,0.13267
0,-0.011724,0.13286
0,-0.01194,0.13306
0,-0.012156,0.13325
0,-0.012371,0.13343
0,-0.012587,0.13362
0,-0.012803,0.1338
0,-0.013018,0.13398
0,-0.013233,0.13416
0,-0.013449,0.13433
0,-0.013663,0.1345
0,-0.013878,0.13467
0,-0.014092,0.13483
0,-0.014306,0.13499
0,-0.01452,0.13515
0,-0.014733,0.13531
0,-0.014946,0.13546
0,-0.015158,0.13561
0,-0.01537,0.13575
0,-0.015581,0.1359
0,-0.015791,0.13604
0,-0.016001,0.13617
0,-0.016211,0.13631
0,-0.016419,0.13644
0,-0.016627,0.13657
0,-0.016834,0.13669
0,-0.017041,0.13681
0,-0.017246,0.13693
0,-0.017451,0.13705
0,-0.017654,0.13716
0,-0.017857,0.13727
0,-0.018059,0.13738
0,-0.01826,0.13748
0,-0.01846,0.13758
0,-0.018659,0.13768
0,-0.018857,0.13777
0,-0.019053,0.13786
0,-0.019249,0.13795
0,-0.019443,0.13804
0,-0.019637,0.13812
0,-0.019829,0.1382
0,-0.020019,0.13828
0,-0.020209,0.13835
0,-0.020397,0.13842
0,-0.020584,0.13849
0,-0.02077,0.13856
0,-0.020954,0.13862
0,-0.021137,0.13868
0,-0.021319,0.13873
0,-0.021499,0.13879
0,-0.021677,0.13884
0,-0.021855,0.13889
0,-0.022031,0.13893
0,-0.022205,0.13897
0,-0.022378,0.13901
0,-0.022549,0.13905
0,-0.022719,0.13908
0,-0.022887,0.13911
0,-0.023053,0.13914
0,-0.023219,0.13917
0,-0.023382,0.13919
0,-0.023544,0.13921
0,-0.023704,0.13923
0,-0.023863,0.13924
0,-0.02402,0.13926
0,-0.024175,0.13927
0,-0.024328,0.13927
0,-0.02448,0.13928
0,-0.024631,0.13928
0,-0.024779,0.13928
0,-0.024926,0.13928
0,-0.025071,0.13927
0,-0.025214,0.13927
0,-0.025356,0.13926
0,-0.025495,0.13925
0,-0.025633,0.13923
0,-0.02577,0.13921
0,-0.025904,0.1392
0,-0.026037,0.13917
0,-0.026167,0.13915
0,-0.026296,0.13912
0,-0.026423,0.1391
0,-0.026548,0.13907
0,-0.026671,0.13904
0,-0.026793,0.139
0,-0.026912,0.13897
0,-0.027029,0.13893
0,-0.027145,0.13889
0,-0.027258,0.13884
0,-0.02737,0.1388
0,-0.027479,0.13875
0,-0.027586,0.13871
0,-0.027692,0.13866
0,-0.027795,0.1386
0,-0.027896,0.13855
0,-0.027995,0.1385
0,-0.028092,0.13844
0,-0.028187,0.13838
0,-0.028282,0.13832
0,-0.028377,0.13825
0,-0.028468,0.13819
0,-0.028556,0.13812
0,-0.028642,0.13806
0,-0.028725,0.13799
0,-0.028806,0.13791
0,-0.028883,0.13784
0,-0.028958,0.13777
0,-0.02903,0.13769
0,-0.029099,0.13761
0,-0.029166,0.13753
0,-0.02923,0.13745
0,-0.029291,0.13737
0,-0.029349,0.13729
0,-0.029405,0.1372
0,-0.029457,0.13711
0,-0.029508,0.13703
0,-0.029555,0.13694
0,-0.0296,0.13685
0,-0.029642,0.13675
0,-0.029681,0.13666
0,-0.029718,0.13657
0,-0.029752,0.13647
0,-0.029783,0.13637
0,-0.029812,0.13628
0,-0.029838,0.13618
0,-0.029861,0.13608
0,-0.029882,0.13598
0,-0.029899,0.13587
0,-0.029915,0.13577
0,-0.029927,0.13566
0,-0.029937,0.13556
0,-0.029944,0.13545
0,-0.029948,0.13534
0,-0.02995,0.13523
0,-0.029949,0.13513
0,-0.029945,0.13501
0,-0.029939,0.1349
0,-0.02993,0.13479
0,-0.029919,0.13468
0,-0.029904,0.13456
0,-0.029887,0.13445
0,-0.029868,0.13433
0,-0.029845,0.13422
0,-0.02982,0.1341
0,-0.029793,0.13398
0,-0.029763,0.13386
0,-0.02973,0.13375
0,-0.029694,0.13362
0,-0.029656,0.1335
0,-0.029615,0.13338
0,-0.029571,0.13326
0,-0.029525,0.13314
0,-0.029476,0.13302
0,-0.029424,0.13289
0,-0.02937,0.13277
0,-0.029313,0.13264
0,-0.029254,0.13252
0,-0.029191,0.13239
0,-0.029127,0.13227
0,-0.029059,0.13214
0,-0.028989,0.13201
0,-0.028916,0.13189
0,-0.02884,0.13176
0,-0.028762,0.13163
0,-0.028681,0.1315
0,-0.028598,0.13137
0,-0.028512,0.13125
0,-0.028423,0.13112
0,-0.028332,0.13099
0,-0.028237,0.13086
0,-0.028141,0.13073
0,-0.028041,0.1306
0,-0.027939,0.13047
0,-0.027834,0.13034
0,-0.027727,0.1302
0,-0.027617,0.13007
0,-0.027504,0.12994
0,-0.027389,0.12981
0,-0.027271,0.12968
0,-0.02715,0.12955
0,-0.027027,0.12942
0,-0.026901,0.12929
0,-0.026773,0.12916
0,-0.026641,0.12903
0,-0.026507,0.1289
0,-0.026371,0.12876
0,-0.026232,0.12863
0,-0.02609,0.1285
0,-0.025945,0.12837
0,-0.025798,0.12824
0,-0.025648,0.12811
0,-0.025496,0.12798
0,-0.025341,0.12785
0,-0.025183,0.12772
0,-0.025022,0.12759
0,-0.024859,0.12746
0,-0.024693,0.12733
0,-0.024525,0.12721
0,-0.02436,0.12708
0,-0.024193,0.12695
0,-0.024024,0.12682
0,-0.023853,0.1267
0,-0.023679,0.12657
0,-0.023503,0.12645
0,-0.023325,0.12632
0,-0.023145,0.1262
0,-0.022962,0.12607
0,-0.022778,0.12595
0,-0.022591,0.12583
0,-0.022402,0.1257
0,-0.022211,0.12558
0,-0.022017,0.12546
0,-0.021822,0.12534
0,-0.021624,0.12522
0,-0.021425,0.1251
0,-0.021223,0.12498
0,-0.021019,0.12487
0,-0.020813,0.12475
0,-0.020605,0.12463
0,-0.020394,0.12452
0,-0.020182,0.1244
0,-0.019968,0.12429
0,-0.019752,0.12417
0,-0.019533,0.12406
0,-0.019313,0.12395
0,-0.019091,0.12384
0,-0.018867,0.12373
0,-0.01864,0.12363
0,-0.018412,0.12352
0,-0.018183,0.12341
0,-0.017951,0.12331
0,-0.017717,0.1232
0,-0.017482,0.1231
0,-0.017244,0.123
0,-0.017005,0.1229
0,-0.016764,0.1228
0,-0.016522,0.1227
0,-0.016277,0.12261
0,-0.016031,0.12251
0,-0.015783,0.12242
0,-0.015534,0.12232
0,-0.015283,0.12223
0,-0.01503,0.12214
0,-0.014776,0.12205
0,-0.01452,0.12197
0,-0.014262,0.12188
0,-0.014003,0.12179
0,-0.013743,0.12171
0,-0.013481,0.12163
0,-0.013217,0.12155
0,-0.012952,0.12147
0,-0.012686,0.12139
0,-0.012419,0.12132
0,-0.01215,0.12124
0,-0.011879,0.12117
0,-0.011608,0.1211
0,-0.011335,0.12103
0,-0.011061,0.12096
0,-0.010786,0.12089
0,-0.010509,0.12083
0,-0.010232,0.12076
0,-0.009953,0.1207
0,-0.009674,0.12064
0,-0.009393,0.12058
0,-0.009111,0.12052
0,-0.008828,0.12047
0,-0.008544,0.12041
0,-0.00826,0.12036
0,-0.007974,0.12031
0,-0.007688,0.12026
0,-0.007401,0.12022
0,-0.007113,0.12017
0,-0.006824,0.12013
0,-0.006534,0.12009
0,-0.006244,0.12005
0,-0.005953,0.12001
0,-0.005662,0.11998
0,-0.00537,0.11994
0,-0.005077,0.11991
0,-0.004784,0.11988
0,-0.00449,0.11985
0,-0.004196,0.11982
0,-0.003901,0.1198
0,-0.003606,0.11977
0,-0.003311,0.11975
0,-0.003015,0.11973
0,-0.002719,0.11972
0,-0.002423,0.1197
0,-0.002126,0.11969
0,-0.00183,0.11967
0,-0.001533,0.11966
0,-0.001236,0.11965
0,-0.000939,0.11965
0,-0.000642,0.11964
0,-0.000345,0.11964
0,-9.4e-05,0.11964
0,0.000206,0.11964
0,0.000506,0.11964
0,0.000805,0.11965
0,0.001104,0.11965
0,0.001403,0.11966
0,0.001702,0.11967
0,0.002,0.11968
0,0.002298,0.1197
0,0.002596,0.11971
0,0.002893,0.11973
0,0.00319,0.11975
0,0.003486,0.11977
0,0.003782,0.11979
0,0.004078,0.11982
0,0.004373,0.11984
0,0.004667,0.11987
0,0.004961,0.1199
0,0.005254,0.11993
0,0.005547,0.11997
0,0.005838,0.12
0,0.006129,0.12004
0,0.00642,0.12008
0,0.006709,0.12012
0,0.006998,0.12016
0,0.007286,0.1202
0,0.007573,0.12025
0,0.007859,0.12029
0,0.008144,0.12034
0,0.008429,0.12039
0,0.008712,0.12045
0,0.008994,0.1205
0,0.009276,0.12055
0,0.009556,0.12061
0,0.009835,0.12067
0,0.010113,0.12073
0,0.01039,0.12079
0,0.010666,0.12086
0,0.01094,0.12092
0,0.011214,0.12099
0,0.011486,0.12106
0,0.011757,0.12112
0,0.012026,0.1212
0,0.012294,0.12127
0,0.012561,0.12134
0,0.012827,0.12142
0,0.013091,0.1215
0,0.013354,0.12157
0,0.013615,0.12165
0,0.013875,0.12173
0,0.014133,0.12182
0,0.01439,0.1219
0,0.014645,0.12198
0,0.014899,0.12207
0,0.015151,0.12216
0,0.015402,0.12225
0,0.015651,0.12234
0,0.015898,0.12243
0,0.016144,0.12252
0,0.016388,0.12262
0,0.01663,0.12271
0,0.016871,0.12281
0,0.01711,0.12291
0,0.017347,0.12301
0,0.017582,0.12311
0,0.017816,0.12321
0,0.018047,0.12331
0,0.018277,0.12341
0,0.018505,0.12352
0,0.018731,0.12362
0,0.018956,0.12373
0,0.019178,0.12384
0,0.019398,0.12394
0,0.019617,0.12405
0,0.019833,0.12416
0,0.020048,0.12427
0,0.02026,0.12439
0,0.020471,0.1245
0,0.02068,0.12461
0,0.020886,0.12473
0,0.021091,0.12484
0,0.021293,0.12496
0,0.021493,0.12508
0,0.021691,0.12519
0,0.021888,0.12531
0,0.022082,0.12543
0,0.022273,0.12555
0,0.022463,0.12567
0,0.022651,0.12579
0,0.022836,0.12591
0,0.023019,0.12604
0,0.0232,0.12616
0,0.023379,0.12628
0,0.023556,0.12641
0,0.02373,0.12653
0,0.023902,0.12666
0,0.024072,0.12678
0,0.02424,0.12691
0,0.024405,0.12704
0,0.024568,0.12716
0,0.024729,0.12729
0,0.024888,0.12742
0,0.025044,0.12754
0,0.025198,0.12767
0,0.025349,0.1278
0,0.025499,0.12793
0,0.025646,0.12806
0,0.02579,0.12819
0,0.025932,0.12832
0,0.026072,0.12845
0,0.02621,0.12858
0,0.026345,0.12871
0,0.026478,0.12884
0,0.026608,0.12897
0,0.026736,0.1291
0,0.026862,0.12923
0,0.026985,0.12936
0,0.027106,0.12949
0,0.027225,0.12962
0,0.027341,0.12975
0,0.027454,0.12988
0,0.027566,0.13001
0,0.027674,0.13014
0,0.027782,0.13027
0,0.027888,0.1304
0,0.027991,0.13053
0,0.028092,0.13066
0,0.028189,0.13079
0,0.028285,0.13092
0,0.028377,0.13105
0,0.028467,0.13118
0,0.028554,0.13131
0,0.028639,0.13143
0,0.02872,0.13156
0,0.0288,0.13169
0,0.028876,0.13182
0,0.02895,0.13194
0,0.029021,0.13207
0,0.02909,0.13219
0,0.029155,0.13232
0,0.029218,0.13244
0,0.029279,0.13257
0,0.029339,0.13269
0,0.029397,0.13281
0,0.029452,0.13294
0,0.029505,0.13306
0,0.029555,0.13318
0,0.029603,0.1333
0,0.029648,0.13342
0,0.029692,0.13354
0,0.029732,0.13366
0,0.029771,0.13378
0,0.029806,0.13389
0,0.02984,0.13401
0,0.029871,0.13413
0,0.0299,0.13424
0,0.029926,0.13436
0,0.02995,0.13447
0,0.029972,0.13458
0,0.029991,0.1347
0,0.030008,0.13481
0,0.030023,0.13492
0,0.030035,0.13503
0,0.030045,0.13513
0,0.030053,0.13524
0,0.030058,0.13535
0,0.030061,0.13545
0,0.030062,0.13556
0,0.030061,0.13566
0,0.030057,0.13576
0,0.030051,0.13586
0,0.030042,0.13596
0,0.030031,0.13606
0,0.030018,0.13616
0,0.030003,0.13625
0,0.029986,0.13635
0,0.029966,0.13645
0,0.029944,0.13654
0,0.02992,0.13663
0,0.029894,0.13672
0,0.029865,0.13681
0,0.029835,0.1369
0,0.029802,0.13698
0,0.029767,0.13707
0,0.02973,0.13715
0,0.029691,0.13724
0,0.029649,0.13732
0,0.029606,0.1374
0,0.02956,0.13748
0,0.029512,0.13756
0,0.029462,0.13763
0,0.02941,0.13771
0,0.029356,0.13778
0,0.0293,0.13785
0,0.029242,0.13792
0,0.029182,0.13799
0,0.02912,0.13806
0,0.029056,0.13812
0,0.02899,0.13819
0,0.028922,0.13825
0,0.028852,0.13831
0,0.02878,0.13837
0,0.028706,0.13843
0,0.02863,0.13849
0,0.028552,0.13854
0,0.028473,0.1386
0,0.028391,0.13865
0,0.028308,0.1387
0,0.028223,0.13875
0,0.028136,0.13879
0,0.028047,0.13884
0,0.027956,0.13888
0,0.027864,0.13892
0,0.02777,0.13896
0,0.027674,0.139
0,0.027576,0.13904
0,0.027476,0.13907
0,0.027375,0.13911
0,0.027272,0.13914
0,0.027168,0.13917
0,0.027062,0.1392
0,0.026954,0.13922
0,0.026844,0.13925
0,0.026733,0.13927
0,0.026621,0.13929
0,0.026506,0.13931
0,0.026391,0.13933
0,0.026273,0.13934
0,0.026154,0.13936
0,0.026034,0.13937
0,0.025912,0.13938
0,0.025789,0.13939
0,0.025664,0.13939
0,0.025538,0.1394
0,0.02541,0.1394
0,0.025281,0.1394
0,0.025151,0.1394
0,0.025019,0.1394
0,0.024886,0.13939
0,0.024751,0.13939
0,0.024615,0.13938
0,0.024478,0.13937
0,0.02434,0.13936
0,0.0242,0.13934
0,0.02406,0.13933
0,0.023918,0.13931
0,0.023774,0.13929
0,0.02363,0.13926
0,0.023484,0.13924
0,0.023338,0.13922
0,0.02319,0.13919
0,0.023041,0.13916
0,0.022891,0.13913
0,0.02274,0.13909
0,0.022588,0.13906
0,0.022435,0.13902
0,0.022281,0.13898
0,0.022126,0.13894
0,0.02197,0.1389
0,0.021813,0.13885
0,0.021655,0.1388
0,0.021496,0.13875
0,0.021336,0.1387
0,0.021176,0.13865
0,0.021014,0.1386
0,0.020852,0.13854
0,0.020689,0.13848
0,0.020525,0.13842
0,0.020361,0.13836
0,0.020196,0.13829
0,0.02003,0.13823
0,0.019863,0.13816
0,0.019696,0.13809
0,0.019527,0.13802
0,0.019359,0.13794
0,0.019189,0.13787
0,0.01902,0.13779
0,0.018849,0.13771
0,0.018678,0.13763
0,0.018506,0.13754
0,0.018334,0.13746
0,0.018162,0.13737
0,0.017989,0.13728
0,0.017815,0.13719
0,0.017641,0.1371
0,0.017467,0.137
0,0.017292,0.13691
0,0.017116,0.13681
0,0.016941,0.13671
0,0.016765,0.13661
0,0.016589,0.1365
0,0.016412,0.13639
0,0.016235,0.13629
0,0.016058,0.13618
0,0.015881,0.13607
0,0.015703,0.13595
0,0.015525,0.13584
0,0.015347,0.13572
0,0.015169,0.1356
0,0.014991,0.13548
0,0.014812,0.13536
0,0.014634,0.13524
0,0.014455,0.13511
0,0.014277,0.13498
0,0.014098,0.13486
0,0.013919,0.13472
0,0.01374,0.13459
0,0.013561,0.13446
0,0.013382,0.13432
0,0.013204,0.13418
0,0.013025,0.13404
0,0.012846,0.1339
0,0.012668,0.13376
0,0.012489,0.13362
0,0.012311,0.13347
0,0.012133,0.13332
0,0.011954,0.13317
0,0.011777,0.13302
0,0.011599,0.13287
0,0.011421,0.13272
0,0.011244,0.13256
0,0.011067,0.13241
0,0.010891,0.13225
0,0.010714,0.13209
0,0.010538,0.13193
0,0.010362,0.13176
0,0.010187,0.1316
0,0.010012,0.13143
0,0.009837,0.13126
0,0.009662,0.1311
0,0.009488,0.13093
0,0.009315,0.13075
0,0.009142,0.13058
0,0.008969,0.13041
0,0.008797,0.13023
0,0.008625,0.13005
0,0.008454,0.12987
0,0.008283,0.12969
0,0.008113,0.12951
0,0.007943,0.12933
0,0.007774,0.12915
0,0.007605,0.12896
0,0.007437,0.12877
0,0.00727,0.12859
0,0.007103,0.1284
0,0.006937,0.12821
0,0.006772,0.12801
0,0.006607,0.12782
0,0.006443,0.12763
0,0.006279,0.12743
0,0.006116,0.12724
0,0.005954,0.12704
0,0.005793,0.12684
0,0.005632,0.12664
0,0.005472,0.12644
0,0.005313,0.12624
0,0.005155,0.12603
0,0.004997,0.12583
0,0.004841,0.12562
0,0.004685,0.12542
0,0.00453,0.12521
0,0.004375,0.125
0,0.004222,0.1248
0,0.004069,0.12459
0,0.003918,0.12437
0,0.003767,0.12416
0,0.003617,0.12395
0,0.003468,0.12373
0,0.00332,0.12352
0,0.003173,0.1233
0,0.003027,0.12309
0,0.002882,0.12287
0,0.002737,0.12265
0,0.002594,0.12244
0,0.002452,0.12222
0,0.00231,0.122
0,0.00217,0.12177
0,0.002031,0.12155
0,0.001892,0.12133
0,0.001755,0.12111
0,0.001619,0.12088
0,0.001484,0.12066
0,0.00135,0.12044
0,0.001217,0.12021
0,0.001085,0.11998
0,0.000954,0.11976
0,0.000824,0.11953
0,0.000695,0.1193
0,0.000568,0.11907
0,0.000441,0.11884
0,0.000316,0.11861
0,0.000192,0.11838
0,6.9e-05,0.11815
0,-5.3e-05,0.11792
0,-0.000174,0.11769
0,-0.000294,0.11746
0,-0.000412,0.11723
0,-0.000529,0.117
0,-0.000645,0.11676
0,-0.00076,0.11653
0,-0.000874,0.1163
0,-0.000987,0.11606
0,-0.001098,0.11583
0,-0.001208,0.1156
0,-0.001317,0.11536
0,-0.001425,0.11513
0,-0.001531,0.11489
0,-0.001636,0.11466
0,-0.00174,0.11442
0,-0.001843,0.11418
0,-0.001944,0.11395
0,-0.002045,0.11371
0,-0.002144,0.11348
0,-0.002241,0.11324
0,-0.002338,0.11301
0,-0.002433,0.11277
0,-0.002527,0.11253
0,-0.00262,0.1123
0,-0.002711,0.11206
0,-0.002801,0.11183
0,-0.00289,0.11159
0,-0.002978,0.11135
0,-0.003064,0.11112
0,-0.003149,0.11088
0,-0.003233,0.11065
0,-0.003315,0.11041
0,-0.003396,0.11018
0,-0.003476,0.10994
0,-0.003555,0.10971
0,-0.003632,0.10947
0,-0.003708,0.10924
0,-0.003783,0.109
0,-0.003856,0.10877
0,-0.003928,0.10853
0,-0.003999,0.1083
0,-0.004068,0.10807
0,-0.004136,0.10783
0,-0.004203,0.1076
0,-0.004269,0.10737
0,-0.004333,0.10714
0,-0.004396,0.10691
0,-0.004458,0.10667
0,-0.004518,0.10644
0,-0.004577,0.10621
0,-0.004635,0.10598
0,-0.004691,0.10575
0,-0.004746,0.10552
0,-0.0048,0.1053
0,-0.004853,0.10507
0,-0.004904,0.10484
0,-0.004954,0.10461
0,-0.005002,0.10439
0,-0.00505,0.10416
0,-0.005096,0.10394
0,-0.00514,0.10371
0,-0.005184,0.10349
0,-0.005226,0.10326
0,-0.005267,0.10304
0,-0.005307,0.10282
0,-0.005345,0.1026
0,-0.005382,0.10238
0,-0.005418,0.10216
0,-0.005452,0.10194
0,-0.005486,0.10172
0,-0.005518,0.1015
0,-0.005549,0.10129
0,-0.005578,0.10107
0,-0.005606,0.10086
0,-0.005633,0.10064
0,-0.005659,0.10043
0,-0.005684,0.10021
0,-0.005707,0.1
0,-0.005729,0.099791
0,-0.00575,0.099581
0,-0.00577,0.099372
0,-0.005788,0.099164
0,-0.005805,0.098956
0,-0.005821,0.09875
0,-0.005836,0.098544
0,-0.00585,0.09834
0,-0.005862,0.098136
0,-0.005873,0.097934
0,-0.005883,0.097732
0,-0.005892,0.097532
0,-0.0059,0.097332
0,-0.005907,0.097134
0,-0.005912,0.096937
0,-0.005916,0.09674
0,-0.005919,0.096545
0,-0.005921,0.096351
0,-0.005922,0.096158
0,-0.005922,0.095966
0,-0.00592,0.095776
0,-0.005918,0.095586
0,-0.005914,0.095398
0,-0.005909,0.095211
0,-0.005904,0.095025
0,-0.005897,0.09484
0,-0.005889,0.094656
0,-0.00588,0.094474
0,-0.005869,0.094293
0,-0.005858,0.094113
0,-0.005846,0.093934
0,-0.005833,0.093757
0,-0.005818,0.093581
0,-0.005803,0.093406
0,-0.005787,0.093232
0,-0.005769,0.09306
0,-0.005751,0.092889
0,-0.005731,0.09272
0,-0.005711,0.092551
0,-0.005689,0.092384
0,-0.005667,0.092219
0,-0.005644,0.092055
0,-0.005619,0.091892
0,-0.005594,0.09173
0,-0.005568,0.09157
0,-0.005541,0.091412
0,-0.005513,0.091255
0,-0.005484,0.091099
0,-0.005454,0.090944
0,-0.005423,0.090791
0,-0.005392,0.09064
0,-0.005359,0.09049
0,-0.005326,0.090341
0,-0.005291,0.090194
0,-0.005256,0.090049
0,-0.00522,0.089905
0,-0.005184,0.089762
0,-0.005146,0.089621
0,-0.005107,0.089481
0,-0.005068,0.089343
0,-0.005028,0.089207
0,-0.004987,0.089072
0,-0.004946,0.088938
0,-0.004903,0.088806
0,-0.00486,0.088676
0,-0.004816,0.088547
0,-0.004771,0.088419
0,-0.004726,0.088294
0,-0.00468,0.08817
0,-0.004633,0.088047
0,-0.004585,0.087926
0,-0.004537,0.087807
0,-0.004488,0.087689
0,-0.004438,0.087573
0,-0.004388,0.087458
0,-0.004337,0.087345
0,-0.004286,0.087234
0,-0.004233,0.087124
0,-0.00418,0.087016
0,-0.004127,0.08691
0,-0.004073,0.086805
0,-0.004018,0.086702
0,-0.003963,0.0866
0,-0.003907,0.0865
0,-0.003851,0.086402
0,-0.003794,0.086306
0,-0.003736,0.086211
0,-0.003678,0.086118
0,-0.003619,0.086026
0,-0.00356,0.085936
0,-0.003501,0.085848
0,-0.003441,0.085762
0,-0.00338,0.085677
0,-0.003319,0.085594
0,-0.003257,0.085512
0,-0.003195,0.085433
0,-0.003133,0.085354
0,-0.00307,0.085278
0,-0.003007,0.085203
0,-0.002943,0.085131
0,-0.002879,0.085059
0,-0.002814,0.08499
0,-0.002749,0.084922
0,-0.002684,0.084856
0,-0.002619,0.084791
0,-0.002553,0.084729
0,-0.002486,0.084668
0,-0.00242,0.084608
0,-0.002353,0.084551
0,-0.002285,0.084495
0,-0.002218,0.084441
0,-0.00215,0.084388
0,-0.002082,0.084338
0,-0.002013,0.084289
0,-0.001945,0.084241
0,-0.001876,0.084196
0,-0.001807,0.084152
0,-0.001737,0.08411
0,-0.001668,0.08407
0,-0.001598,0.084031
0,-0.001528,0.083994
0,-0.001458,0.083959
0,-0.001387,0.083925
0,-0.001317,0.083893
0,-0.001246,0.083863
0,-0.001175,0.083835
0,-0.001104,0.083808
0,-0.001033,0.083783
0,-0.000962,0.08376
0,-0.00089,0.083738
0,-0.000819,0.083719
0,-0.000747,0.0837
0,-0.000676,0.083684
0,-0.000604,0.083669
0,-0.000533,0.083656
0,-0.000461,0.083645
0,-0.000389,0.083635
0,-0.000317,0.083627
0,-0.000245,0.083621
0,-0.000173,0.083616
0,-0.000102,0.083613
0,-3e-05,0.083612
0,4.2e-05,0.083612
0,0.000114,0.083614
0,0.000185,0.083618
0,0.000257,0.083624
0,0.000329,0.083631
0,0.0004,0.083639
0,0.000472,0.08365
0,0.000543,0.083662
0,0.000614,0.083676
0,0.000685,0.083691
0,0.000756,0.083708
0,0.000827,0.083727
0,0.000898,0.083747
0,0.000969,0.083769
0,0.001039,0.083792
0,0.001109,0.083817
0,0.00118,0.083844
0,0.001249,0.083872
0,0.001319,0.083902
0,0.001389,0.083934
0,0.001458,0.083967
0,0.001527,0.084002
0,0.001596,0.084038
0,0.001665,0.084076
0,0.001733,0.084115
0,0.001801,0.084156
0,0.001869,0.084199
0,0.001937,0.084243
0,0.002004,0.084289
0,0.002071,0.084336
0,0.002138,0.084385
0,0.002204,0.084435
0,0.00227,0.084487
0,0.002336,0.08454
0,0.002401,0.084595
0,0.002467,0.084651
0,0.002531,0.084709
0,0.002596,0.084769
0,0.00266,0.084829
0,0.002723,0.084892
0,0.002787,0.084956
0,0.00285,0.085021
0,0.002912,0.085088
0,0.002974,0.085156
0,0.003036,0.085225
0,0.003097,0.085297
0,0.003158,0.085369
0,0.003218,0.085443
0,0.003278,0.085518
0,0.003338,0.085595
0,0.003397,0.085673
0,0.003456,0.085753
0,0.003514,0.085834
0,0.003571,0.085916
0,0.003629,0.086
0,0.003685,0.086085
0,0.003741,0.086171
0,0.003797,0.086259
0,0.003852,0.086348
0,0.003907,0.086439
0,0.003961,0.086531
0,0.004015,0.086624
0,0.004068,0.086718
0,0.00412,0.086814
0,0.004172,0.086911
0,0.004223,0.087009
0,0.004274,0.087109
0,0.004325,0.08721
0,0.004374,0.087312
0,0.004423,0.087415
0,0.004472,0.08752
0,0.00452,0.087626
0,0.004567,0.087733
0,0.004614,0.087841
0,0.00466,0.08795
0,0.004705,0.088061
0,0.00475,0.088173
0,0.004794,0.088286
0,0.004838,0.0884
0,0.004881,0.088516
0,0.004923,0.088632
0,0.004965,0.08875
0,0.005006,0.088869
0,0.005046,0.088989
0,0.005086,0.08911
0,0.005125,0.089232
0,0.005163,0.089355
0,0.005201,0.08948
0,0.005238,0.089605
0,0.005274,0.089732
0,0.00531,0.089859
0,0.005344,0.089988
0,0.005379,0.090117
0,0.005412,0.090248
0,0.005445,0.09038
0,0.005477,0.090513
0,0.005508,0.090646
0,0.005539,0.090781
0,0.005569,0.090917
0,0.005598,0.091054
0,0.005626,0.091191
0,0.005654,0.09133
0,0.005681,0.09147
0,0.005707,0.09161
0,0.005732,0.091751
0,0.005757,0.091894
0,0.005781,0.092037
0,0.005804,0.092181
0,0.005826,0.092326
0,0.005848,0.092472
0,0.005869,0.092619
0,0.005889,0.092767
0,0.005908,0.092915
0,0.005927,0.093065
0,0.005944,0.093215
0,0.005961,0.093366
0,0.005977,0.093518
0,0.005993,0.09367
0,0.006007,0.093823
0,0.006021,0.093978
0,0.006034,0.094133
0,0.006046,0.094288
0,0.006058,0.094445
0,0.006068,0.094602
0,0.006078,0.09476
0,0.006087,0.094918
0,0.006095,0.095078
0,0.006102,0.095238
0,0.006109,0.095398
0,0.006114,0.09556
0,0.006119,0.095722
0,0.006123,0.095884
0,0.006127,0.096048
0,0.006129,0.096212
0,0.006131,0.096376
0,0.006131,0.096542
0,0.006131,0.096707
0,0.00613,0.096874
0,0.006129,0.097041
0,0.006126,0.097208
0,0.006123,0.097377
0,0.006118,0.097545
0,0.006113,0.097715
0,0.006108,0.097884
0,0.006101,0.098055
0,0.006093,0.098225
0,0.006085,0.098397
0,0.006076,0.098569
0,0.006066,0.098741
0,0.006055,0.098914
0,0.006043,0.099087
0,0.00603,0.099261
0,0.006017,0.099435
0,0.006003,0.099609
0,0.005988,0.099784
0,0.005972,0.09996
0,0.005955,0.10014
0,0.005937,0.10031
0,0.005919,0.10049
0,0.0059,0.10067
0,0.005879,0.10084
0,0.005859,0.10102
0,0.005837,0.1012
0,0.005814,0.10138
0,0.005791,0.10156
0,0.005766,0.10174
0,0.005741,0.10191
0,0.005715,0.10209
0,0.005689,0.10227
0,0.005661,0.10245
0,0.005633,0.10263
0,0.005603,0.10282
0,0.005573,0.103
0,0.005542,0.10318
0,0.005511,0.10336
0,0.005478,0.10354
0,0.005445,0.10372
0,0.00541,0.1039
0,0.005375,0.10409
0,0.00534,0.10427
0,0.005303,0.10445
0,0.005265,0.10463
0,0.005227,0.10482
0,0.005188,0.105
0,0.005148,0.10518
0,0.005107,0.10537
0,0.005066,0.10555
0,0.005024,0.10573
0,0.004981,0.10592
0,0.004937,0.1061
0,0.004892,0.10629
0,0.004846,0.10647
0,0.0048,0.10665
0,0.004753,0.10684
0,0.004705,0.10702
0,0.004657,0.1072
0,0.004607,0.10739
0,0.004557,0.10757
0,0.004506,0.10776
0,0.004454,0.10794
0,0.004402,0.10812
0,0.004348,0.10831
0,0.004294,0.10849
0,0.004239,0.10868
0,0.004184,0.10886
0,0.004127,0.10905
0,0.00407,0.10923
0,0.004012,0.10941
0,0.003954,0.1096
0,0.003895,0.10978
0,0.003834,0.10996
0,0.003774,0.11015
0,0.003712,0.11033
0,0.00365,0.11051
0,0.003587,0.1107
0,0.003523,0.11088
0,0.003458,0.11106
0,0.003393,0.11124
0,0.003327,0.11143
0,0.003261,0.11161
0,0.003193,0.11179
0,0.003125,0.11197
0,0.003057,0.11216
0,0.002987,0.11234
0,0.002917,0.11252
0,0.002846,0.1127
0,0.002775,0.11288
0,0.002703,0.11306
0,0.00263,0.11324
0,0.002556,0.11342
0,0.002482,0.1136
0,0.002407,0.11378
0,0.002331,0.11396
0,0.002255,0.11414
0,0.002178,0.11432
0,0.002101,0.1145
0,0.002023,0.11468
0,0.001944,0.11485
0,0.001865,0.11503
0,0.001785,0.11521
0,0.001704,0.11539
0,0.001623,0.11556
0,0.001541,0.11574
0,0.001458,0.11592
0,0.001375,0.11609
0,0.001291,0.11627
0,0.001207,0.11644
0,0.001122,0.11662
0,0.001036,0.11679
0,0.00095,0.11696
0,0.000863,0.11714
0,0.000776,0.11731
0,0.000688,0.11748
0,0.0006,0.11765
0,0.000511,0.11783
0,0.000421,0.118
0,0.000331,0.11817
0,0.00024,0.11834
0,0.000149,0.11851
0,5.7e-05,0.11868
0,-3.5e-05,0.11885
0,-0.000128,0.11902
0,-0.000221,0.11918
0,-0.000315,0.11935
0,-0.000409,0.11952
0,-0.000504,0.11969
0,-0.0006,0.11985
0,-0.000696,0.12002
0,-0.000792,0.12018
0,-0.000889,0.12035
0,-0.000986,0.12051
0,-0.001084,0.12068
0,-0.001182,0.12084
0,-0.001281,0.121
0,-0.001381,0.12116
0,-0.00148,0.12133
0,-0.001581,0.12149
0,-0.001681,0.12165
0,-0.001782,0.12181
0,-0.001884,0.12197
0,-0.001986,0.12213
0,-0.002088,0.12229
0,-0.002191,0.12244
0,-0.002294,0.1226
0,-0.002398,0.12276
0,-0.002502,0.12291
0,-0.002606,0.12307
0,-0.002711,0.12322
0,-0.002816,0.12338
0,-0.002922,0.12353
0,-0.003028,0.12368
0,-0.003134,0.12384
0,-0.003241,0.12399
0,-0.003348,0.12414
0,-0.003456,0.12429
0,-0.003564,0.12444
0,-0.003672,0.12459
0,-0.00378,0.12474
0,-0.003889,0.12489
0,-0.003998,0.12503
0,-0.004108,0.12518
0,-0.004218,0.12533
0,-0.004328,0.12547
0,-0.004438,0.12562
0,-0.004549,0.12576
0,-0.00466,0.1259
0,-0.004772,0.12605
0,-0.004883,0.12619
0,-0.004995,0.12633
0,-0.005107,0.12647
0,-0.00522,0.12661
0,-0.005333,0.12675
0,-0.005446,0.12689
0,-0.005559,0.12703
0,-0.005673,0.12716
0,-0.005786,0.1273
0,-0.0059,0.12744
0,-0.006015,0.12757
0,-0.006129,0.12771
0,-0.006244,0.12784
0,-0.006359,0.12797
0,-0.006474,0.1281
0,-0.006589,0.12824
0,-0.006705,0.12837
0,-0.00682,0.1285
0,-0.006936,0.12863
0,-0.007052,0.12876
0,-0.007169,0.12888
0,-0.007285,0.12901
0,-0.007402,0.12914
0,-0.007519,0.12926
0,-0.007635,0.12939
0,-0.007753,0.12951
0,-0.00787,0.12964
0,-0.007987,0.12976
0,-0.008105,0.12988
0,-0.008222,0.13
0,-0.00834,0.13012
0,-0.008458,0.13024
0,-0.008576,0.13036
0,-0.008694,0.13048
0,-0.008812,0.1306
0,-0.008931,0.13071
0,-0.009049,0.13083
0,-0.009168,0.13095
0,-0.009286,0.13106
0,-0.009405,0.13117
0,-0.009523,0.13129
0,-0.009642,0.1314
0,-0.009761,0.13151
0,-0.00988,0.13162
0,-0.009999,0.13173
0,-0.010118,0.13184
0,-0.010237,0.13195
0,-0.010356,0.13206
0,-0.010475,0.13216
0,-0.010594,0.13227
0,-0.010713,0.13237
0,-0.010833,0.13248
0,-0.010952,0.13258
0,-0.011071,0.13268
0,-0.01119,0.13279
0,-0.011309,0.13289
0,-0.011428,0.13299
0,-0.011548,0.13309
0,-0.011667,0.13319
0,-0.011786,0.13328
0,-0.011905,0.13338
0,-0.012024,0.13348
0,-0.012143,0.13357
0,-0.012262,0.13367
0,-0.012381,0.13376
0,-0.012499,0.13386
0,-0.012618,0.13395
0,-0.012737,0.13404
0,-0.012855,0.13413
0,-0.012974,0.13422
0,-0.013092,0.13431
0,-0.013211,0.1344
0,-0.013329,0.13449
0,-0.013447,0.13457
0,-0.013565,0.13466
0,-0.013683,0.13475
0,-0.013801,0.13483
0,-0.013919,0.13491
0,-0.014036,0.135
0,-0.014154,0.13508
0,-0.014271,0.13516
0,-0.014388,0.13524
0,-0.014506,0.13532
0,-0.014623,0.1354
0,-0.014739,0.13548
0,-0.014856,0.13556
0,-0.014972,0.13563
0,-0.015089,0.13571
0,-0.015205,0.13578
0,-0.015321,0.13586
0,-0.015437,0.13593
0,-0.015552,0.136
0,-0.015668,0.13608
0,-0.015783,0.13615
0,-0.015898,0.13622
0,-0.016013,0.13629
0,-0.016128,0.13636
0,-0.016242,0.13643
0,-0.016356,0.13649
0,-0.01647,0.13656
0,-0.016584,0.13662
0,-0.016698,0.13669
0,-0.016811,0.13675
0,-0.016924,0.13682
0,-0.017037,0.13688
0,-0.01715,0.13694
0,-0.017262,0.137
0,-0.017374,0.13706
0,-0.017486,0.13712
0,-0.017598,0.13718
0,-0.017709,0.13724
0,-0.01782,0.1373
0,-0.017931,0.13735
0,-0.018042,0.13741
0,-0.018152,0.13747
0,-0.018262,0.13752
0,-0.018372,0.13757
0,-0.018481,0.13762
0,-0.01859,0.13768
0,-0.018699,0.13773
0,-0.018808,0.13778
0,-0.018916,0.13783
0,-0.019024,0.13788
0,-0.019132,0.13793
0,-0.019239,0.13797
0,-0.019346,0.13802
0,-0.019453,0.13807
0,-0.019559,0.13811
0,-0.019665,0.13816
0,-0.019771,0.1382
0,-0.019876,0.13824
0,-0.019981,0.13829
0,-0.020086,0.13833
0,-0.02019,0.13837
0,-0.020294,0.13841
0,-0.020398,0.13845
0,-0.020501,0.13849
0,-0.020604,0.13852
0,-0.020707,0.13856
0,-0.020809,0.1386
0,-0.020911,0.13863
0,-0.021012,0.13867
0,-0.021113,0.1387
0,-0.021214,0.13874
0,-0.021314,0.13877
0,-0.021414,0.1388
0,-0.021514,0.13883
0,-0.021613,0.13886
0,-0.021712,0.1389
0,-0.02181,0.13892
0,-0.021908,0.13895
0,-0.022006,0.13898
0,-0.022103,0.13901
0,-0.0222,0.13904
0,-0.022296,0.13906
0,-0.022392,0.13909
0,-0.022487,0.13911
0,-0.022583,0.13914
0,-0.022677,0.13916
0,-0.022771,0.13918
0,-0.022865,0.1392
0,-0.022959,0.13923
0,-0.023052,0.13925
0,-0.023144,0.13927
0,-0.023236,0.13929
0,-0.023328,0.13931
0,-0.023419,0.13932
0,-0.02351,0.13934
0,-0.0236,0.13936
0,-0.02369,0.13937
0,-0.02378,0.13939
0,-0.023868,0.13941
0,-0.023957,0.13942
0,-0.024045,0.13943
0,-0.024133,0.13945
0,-0.02422,0.13946
0,-0.024306,0.13947
0,-0.024393,0.13948
0,-0.024478,0.13949
0,-0.024564,0.1395
0,-0.024648,0.13951
0,-0.024733,0.13952
0,-0.024816,0.13953
0,-0.0249,0.13953
0,-0.024983,0.13954
0,-0.025065,0.13955
0,-0.025147,0.13955
0,-0.025228,0.13956
0,-0.025309,0.13956
0,-0.02539,0.13957
0,-0.025469,0.13957
0,-0.025549,0.13957
0,-0.025628,0.13958
0,-0.025706,0.13958
0,-0.025784,0.13958
0,-0.025862,0.13958
0,-0.025939,0.13958
0,-0.026015,0.13958
0,-0.026091,0.13958
0,-0.026166,0.13958
0,-0.026241,0.13957
0,-0.026316,0.13957
0,-0.026389,0.13957
0,-0.026463,0.13956
0,-0.026536,0.13956
0,-0.026608,0.13955
0,-0.02668,0.13955
0,-0.026751,0.13954
0,-0.026822,0.13954
0,-0.026892,0.13953
0,-0.026962,0.13952
0,-0.027031,0.13951
0,-0.027099,0.1395
0,-0.027168,0.1395
0,-0.027235,0.13948
0,-0.027302,0.13947
0,-0.027369,0.13946
0,-0.027435,0.13945
0,-0.0275,0.13944
0,-0.027565,0.13943
0,-0.02763,0.13942
0,-0.027693,0.1394
0,-0.027757,0.13939
0,-0.02782,0.13937
0,-0.027882,0.13936
0,-0.027944,0.13934
0,-0.028005,0.13933
0,-0.028065,0.13931
0,-0.028125,0.1393
0,-0.028185,0.13928
0,-0.028244,0.13926
0,-0.028302,0.13925
0,-0.02836,0.13923
0,-0.028418,0.13921
0,-0.028474,0.13919
0,-0.028531,0.13917
0,-0.028586,0.13915
0,-0.028642,0.13913
0,-0.028696,0.13911
0,-0.02875,0.13909
0,-0.028804,0.13906
0,-0.028857,0.13904
0,-0.028909,0.13902
0,-0.028961,0.139
0,-0.029012,0.13897
0,-0.029063,0.13895
0,-0.029113,0.13892
0,-0.029163,0.1389
0,-0.029212,0.13887
0,-0.029261,0.13885
0,-0.029309,0.13882
0,-0.029356,0.1388
0,-0.029403,0.13877
0,-0.029449,0.13874
0,-0.029495,0.13872
0,-0.02954,0.13869
0,-0.029585,0.13866
0,-0.029629,0.13863
0,-0.029673,0.1386
0,-0.029716,0.13857
0,-0.029758,0.13854
0,-0.0298,0.13851
0,-0.029841,0.13848
0,-0.029882,0.13845
0,-0.029922,0.13842
0,-0.029962,0.13839
0,-0.030001,0.13836
0,-0.03004,0.13832
0,-0.030078,0.13829
0,-0.030115,0.13826
0,-0.030152,0.13823
0,-0.030188,0.13819
0,-0.030224,0.13816
0,-0.030259,0.13812
0,-0.030294,0.13809
0,-0.030328,0.13806
0,-0.030362,0.13802
0,-0.030395,0.13798
0,-0.030427,0.13795
0,-0.030459,0.13791
0,-0.030491,0.13788
0,-0.030521,0.13784
0,-0.030552,0.1378
0,-0.030581,0.13777
0,-0.030611,0.13773
0,-0.030639,0.13769
0,-0.030667,0.13765
0,-0.030695,0.13761
0,-0.030722,0.13758
0,-0.030748,0.13754
0,-0.030774,0.1375
0,-0.030799,0.13746
0,-0.030824,0.13742
0,-0.030849,0.13738
0,-0.030872,0.13734
0,-0.030895,0.1373
0,-0.030918,0.13726
0,-0.03094,0.13722
0,-0.030962,0.13717
0,-0.030983,0.13713
0,-0.031003,0.13709
0,-0.031023,0.13705
0,-0.031042,0.13701
0,-0.031061,0.13697
0,-0.03108,0.13692
0,-0.031097,0.13688
0,-0.031115,0.13684
0,-0.031131,0.13679
0,-0.031147,0.13675
0,-0.031163,0.13671
0,-0.031178,0.13666
0,-0.031193,0.13662
0,-0.031207,0.13657
0,-0.03122,0.13653
0,-0.031233,0.13648
0,-0.031246,0.13644
0,-0.031258,0.13639
0,-0.031269,0.13635
0,-0.03128,0.1363
0,-0.03129,0.13626
0,-0.0313,0.13621
0,-0.03131,0.13617
0,-0.031318,0.13612
0,-0.031327,0.13607
0,-0.031335,0.13603
0,-0.031342,0.13598
0,-0.031349,0.13593
0,-0.031355,0.13589
0,-0.031361,0.13584
0,-0.031366,0.13579
0,-0.031371,0.13574
0,-0.031375,0.1357
0,-0.031378,0.13565
0,-0.031382,0.1356
0,-0.031384,0.13555
0,-0.031387,0.1355
0,-0.031388,0.13545
0,-0.031389,0.13541
0,-0.03139,0.13536
0,-0.03139,0.13531
0,-0.03139,0.13526
0,-0.031389,0.13521
0,-0.031388,0.13516
0,-0.031386,0.13511
0,-0.031384,0.13506
0,-0.031381,0.13501
0,-0.031378,0.13496
0,-0.031374,0.13491
0,-0.03137,0.13486
0,-0.031365,0.13481
0,-0.03136,0.13476
0,-0.031354,0.13471
0,-0.031348,0.13466
0,-0.031342,0.13461
0,-0.031334,0.13456
0,-0.031327,0.13451
0,-0.031319,0.13446
0,-0.03131,0.13441
0,-0.031301,0.13436
0,-0.031292,0.13431
0,-0.031282,0.13426
0,-0.031272,0.13421
0,-0.031261,0.13415
0,-0.031249,0.1341
0,-0.031238,0.13405
0,-0.031225,0.134
0,-0.031213,0.13395
0,-0.0312,0.1339
0,-0.031186,0.13385
0,-0.031172,0.13379
0,-0.031157,0.13374
0,-0.031143,0.13369
0,-0.031127,0.13364
0,-0.031111,0.13359
0,-0.031095,0.13353
0,-0.031078,0.13348
0,-0.031061,0.13343
0,-0.031044,0.13338
0,-0.031026,0.13333
0,-0.031007,0.13327
0,-0.030988,0.13322
0,-0.030969,0.13317
0,-0.030949,0.13312
0,-0.030929,0.13306
0,-0.030908,0.13301
0,-0.030887,0.13296
0,-0.030866,0.13291
0,-0.030844,0.13286
0,-0.030822,0.1328
0,-0.030799,0.13275
0,-0.030776,0.1327
0,-0.030752,0.13265
0,-0.030728,0.13259
0,-0.030704,0.13254
0,-0.030679,0.13249
0,-0.030654,0.13244
0,-0.030629,0.13238
0,-0.030603,0.13233
0,-0.030576,0.13228
0,-0.030549,0.13223
0,-0.030522,0.13217
0,-0.030495,0.13212
0,-0.030467,0.13207
0,-0.030438,0.13202
0,-0.03041,0.13196
0,-0.030381,0.13191
0,-0.030351,0.13186
0,-0.030321,0.13181
0,-0.030291,0.13175
0,-0.03026,0.1317
0,-0.030229,0.13165
0,-0.030198,0.1316
0,-0.030166,0.13154
0,-0.030134,0.13149
0,-0.030101,0.13144
0,-0.030068,0.13139
0,-0.030035,0.13134
0,-0.030002,0.13128
0,-0.029968,0.13123
0,-0.029933,0.13118
0,-0.029899,0.13113
0,-0.029864,0.13107
0,-0.029828,0.13102
0,-0.029792,0.13097
0,-0.029756,0.13092
0,-0.02972,0.13087
0,-0.029683,0.13081
0,-0.029646,0.13076
0,-0.029608,0.13071
0,-0.029571,0.13066
0,-0.029533,0.13061
0,-0.029494,0.13056
0,-0.029455,0.13051
0,-0.029416,0.13045
0,-0.029377,0.1304
0,-0.029337,0.13035
0,-0.029297,0.1303
0,-0.029256,0.13025
0,-0.029215,0.1302
0,-0.029174,0.13015
0,-0.029133,0.13009
0,-0.029091,0.13004
0,-0.029049,0.12999
0,-0.029007,0.12994
0,-0.028964,0.12989
0,-0.028921,0.12984
0,-0.028878,0.12979
0,-0.028834,0.12974
0,-0.02879,0.12969
0,-0.028746,0.12964
0,-0.028702,0.12959
0,-0.028657,0.12954
0,-0.028612,0.12949
0,-0.028566,0.12944
0,-0.028521,0.12939
0,-0.028475,0.12934
0,-0.028429,0.12929
0,-0.028382,0.12924
0,-0.028335,0.12919
0,-0.028288,0.12914
0,-0.028241,0.12909
0,-0.028193,0.12904
0,-0.028145,0.12899
0,-0.028097,0.12894
0,-0.028049,0.12889
0,-0.028,0.12884
0,-0.027951,0.12879
0,-0.027902,0.12875
0,-0.027852,0.1287
0,-0.027803,0.12865
0,-0.027753,0.1286
0,-0.027702,0.12855
0,-0.027652,0.1285
0,-0.027601,0.12846
0,-0.02755,0.12841
0,-0.027499,0.12836
0,-0.027447,0.12831
0,-0.027396,0.12826
0,-0.027344,0.12822
0,-0.027291,0.12817
0,-0.027239,0.12812
0,-0.027186,0.12807
0,-0.027133,0.12803
0,-0.02708,0.12798
0,-0.027027,0.12793
0,-0.026973,0.12788
0,-0.026919,0.12784
0,-0.026865,0.12779
0,-0.026811,0.12774
0,-0.026756,0.1277
0,-0.026702,0.12765
0,-0.026647,0.12761
0,-0.026591,0.12756
0,-0.026536,0.12751
0,-0.026481,0.12747
0,-0.026425,0.12742
0,-0.026369,0.12738
0,-0.026313,0.12733
0,-0.026256,0.12729
0,-0.0262,0.12724
0,-0.026143,0.1272
0,-0.026086,0.12715
0,-0.026029,0.12711
0,-0.025971,0.12706
0,-0.025914,0.12702
0,-0.025856,0.12697
0,-0.025798,0.12693
0,-0.02574,0.12688
0,-0.025682,0.12684
0,-0.025623,0.1268
0,-0.025565,0.12675
0,-0.025506,0.12671
0,-0.025447,0.12667
0,-0.025387,0.12662
0,-0.025328,0.12658
0,-0.025269,0.12654
0,-0.025209,0.12649
0,-0.025149,0.12645
0,-0.025089,0.12641
0,-0.025029,0.12637
0,-0.024969,0.12632
0,-0.024908,0.12628
0,-0.024847,0.12624
0,-0.024787,0.1262
0,-0.024726,0.12615
0,-0.024665,0.12611
0,-0.024603,0.12607
0,-0.024542,0.12603
0,-0.02448,0.12599
0,-0.024419,0.12595
0,-0.024357,0.12591
0,-0.024295,0.12587
0,-0.024233,0.12582
0,-0.024171,0.12578
0,-0.024108,0.12574
0,-0.024046,0.1257
0,-0.023983,0.12566
0,-0.02392,0.12562
0,-0.023858,0.12558
0,-0.023795,0.12554
0,-0.023731,0.1255
0,-0.023668,0.12546
0,-0.023605,0.12543
0,-0.023541,0.12539
0,-0.023478,0.12535
0,-0.023414,0.12531
0,-0.02335,0.12527
0,-0.023286,0.12523
0,-0.023222,0.12519
0,-0.023158,0.12515
0,-0.023094,0.12512
0,-0.02303,0.12508
0,-0.022965,0.12504
0,-0.022901,0.125
0,-0.022836,0.12497
0,-0.022771,0.12493
0,-0.022706,0.12489
0,-0.022641,0.12485
0,-0.022576,0.12482
0,-0.022511,0.12478
0,-0.022446,0.12474
0,-0.022381,0.12471
0,-0.022315,0.12467
0,-0.02225,0.12463
0,-0.022184,0.1246
0,-0.022119,0.12456
0,-0.022053,0.12453
0,-0.021987,0.12449
0,-0.021921,0.12445
0,-0.021856,0.12442
0,-0.02179,0.12438
0,-0.021724,0.12435
0,-0.021657,0.12431
0,-0.021591,0.12428
0,-0.021525,0.12424
0,-0.021459,0.12421
0,-0.021392,0.12418
0,-0.021326,0.12414
0,-0.021259,0.12411
0,-0.021193,0.12408
0,-0.021126,0.12404
0,-0.02106,0.12401
0,-0.020993,0.12398
0,-0.020926,0.12394
0,-0.020859,0.12391
0,-0.020793,0.12388
0,-0.020726,0.12384
0,-0.020659,0.12381
0,-0.020592,0.12378
0,-0.020525,0.12375
0,-0.020458,0.12371
0,-0.020391,0.12368
0,-0.020323,0.12365
0,-0.020256,0.12362
0,-0.020189,0.12359
0,-0.020122,0.12355
0,-0.020055,0.12352
0,-0.019987,0.12349
0,-0.01992,0.12346
0,-0.019853,0.12343
0,-0.019785,0.1234
0,-0.019718,0.12337
0,-0.01965,0.12334
0,-0.019583,0.12331
0,-0.019516,0.12328
0,-0.019448,0.12325
0,-0.019381,0.12322
0,-0.019313,0.12319
0,-0.019246,0.12316
0,-0.019178,0.12313
0,-0.019111,0.1231
0,-0.019043,0.12307
0,-0.018976,0.12305
0,-0.018908,0.12302
0,-0.01884,0.12299
0,-0.018773,0.12296
0,-0.018705,0.12293
0,-0.018638,0.1229
0,-0.01857,0.12287
0,-0.018503,0.12285
0,-0.018435,0.12282
0,-0.018368,0.12279
0,-0.0183,0.12276
0,-0.018233,0.12274
0,-0.018165,0.12271
0,-0.018097,0.12268
0,-0.01803,0.12266
0,-0.017963,0.12263
0,-0.017895,0.1226
0,-0.017828,0.12258
0,-0.01776,0.12255
0,-0.017693,0.12253
0,-0.017625,0.1225
0,-0.017558,0.12247
0,-0.017491,0.12245
0,-0.017423,0.12242
0,-0.017356,0.1224
0,-0.017289,0.12237
0,-0.017221,0.12235
0,-0.017154,0.12232
0,-0.017087,0.1223
0,-0.01702,0.12227
0,-0.016953,0.12225
0,-0.016886,0.12223
0,-0.016819,0.1222
0,-0.016752,0.12218
0,-0.016685,0.12215
0,-0.016618,0.12213
0,-0.016551,0.12211
0,-0.016484,0.12208
0,-0.016417,0.12206
0,-0.01635,0.12204
0,-0.016283,0.12201
0,-0.016217,0.12199
0,-0.01615,0.12197
0,-0.016083,0.12194
0,-0.016017,0.12192
0,-0.01595,0.1219
0,-0.015884,0.12188
0,-0.015818,0.12186
0,-0.015751,0.12183
0,-0.015685,0.12181
0,-0.015619,0.12179
0,-0.015552,0.12177
0,-0.015486,0.12175
0,-0.01542,0.12172
0,-0.015354,0.1217
0,-0.015288,0.12168
0,-0.015222,0.12166
0,-0.015157,0.12164
0,-0.015091,0.12162
0,-0.015025,0.1216
0,-0.014959,0.12158
0,-0.014894,0.12156
0,-0.014828,0.12154
0,-0.014763,0.12152
0,-0.014698,0.1215
0,-0.014632,0.12148
0,-0.014567,0.12146
0,-0.014502,0.12144
0,-0.014437,0.12142
0,-0.014372,0.1214
0,-0.014307,0.12138
0,-0.014242,0.12137
0,-0.014177,0.12135
0,-0.014113,0.12133
0,-0.014048,0.12131
0,-0.013983,0.12129
0,-0.013919,0.12127
0,-0.013855,0.12125
0,-0.01379,0.12124
0,-0.013726,0.12122
0,-0.013662,0.1212
0,-0.013598,0.12118
0,-0.013534,0.12116
0,-0.01347,0.12115
0,-0.013406,0.12113
0,-0.013343,0.12111
0,-0.013279,0.1211
0,-0.013216,0.12108
0,-0.013152,0.12106
0,-0.013089,0.12105
0,-0.013026,0.12103
0,-0.012963,0.12101
0,-0.012899,0.121
0,-0.012837,0.12098
0,-0.012774,0.12096
0,-0.012711,0.12095
0,-0.012648,0.12093
0,-0.012586,0.12092
0,-0.012523,0.1209
0,-0.012461,0.12089
0,-0.012399,0.12087
0,-0.012337,0.12086
0,-0.012275,0.12084
0,-0.012213,0.12082
0,-0.012151,0.12081
0,-0.012089,0.12079
0,-0.012028,0.12078
0,-0.011966,0.12076
0,-0.011905,0.12075
0,-0.011843,0.12074
0,-0.011782,0.12072
0,-0.011721,0.12071
0,-0.01166,0.12069
0,-0.011599,0.12068
0,-0.011539,0.12067
0,-0.011478,0.12065
0,-0.011418,0.12064
0,-0.011357,0.12062
0,-0.011297,0.12061
0,-0.011237,0.1206
0,-0.011177,0.12058
0,-0.011117,0.12057
0,-0.011057,0.12056
0,-0.010997,0.12055
0,-0.010938,0.12053
0,-0.010878,0.12052
0,-0.010819,0.12051
0,-0.01076,0.1205
0,-0.010701,0.12048
0,-0.010642,0.12047
0,-0.010583,0.12046
0,-0.010524,0.12045
0,-0.010466,0.12044
0,-0.010407,0.12042
0,-0.010349,0.12041
0,-0.010291,0.1204
0,-0.010233,0.12039
0,-0.010175,0.12038
0,-0.010117,0.12036
0,-0.010059,0.12035
0,-0.010002,0.12034
0,-0.009944,0.12033
0,-0.009887,0.12032
0,-0.00983,0.12031
0,-0.009773,0.1203
0,-0.009716,0.12029
0,-0.009659,0.12028
0,-0.009602,0.12027
0,-0.009546,0.12026
0,-0.00949,0.12025
0,-0.009433,0.12024
0,-0.009377,0.12023
0,-0.009321,0.12022
0,-0.009266,0.12021
0,-0.00921,0.1202
0,-0.009154,0.12019
0,-0.009099,0.12018
0,-0.009044,0.12017
0,-0.008989,0.12016
0,-0.008934,0.12015
0,-0.008879,0.12014
0,-0.008824,0.12013
0,-0.008769,0.12012
0,-0.008715,0.12011
0,-0.008661,0.1201
0,-0.008607,0.12009
0,-0.008553,0.12008
0,-0.008499,0.12008
0,-0.008445,0.12007
0,-0.008392,0.12006
0,-0.008338,0.12005
0,-0.008285,0.12004
0,-0.008232,0.12003
0,-0.008179,0.12002
0,-0.008126,0.12002
0,-0.008074,0.12001
0,-0.008021,0.12
0,-0.007969,0.11999
0,-0.007916,0.11998
0,-0.007864,0.11998
0,-0.007813,0.11997
0,-0.007761,0.11996
0,-0.007709,0.11995
0,-0.007658,0.11995
0,-0.007606,0.11994
0,-0.007555,0.11993
0,-0.007504,0.11992
0,-0.007453,0.11992
0,-0.007403,0.11991
0,-0.007352,0.1199
0,-0.007302,0.1199
0,-0.007252,0.11989
0,-0.007202,0.11988
0,-0.007152,0.11987
0,-0.007102,0.11987
0,-0.007052,0.11986
0,-0.007003,0.11986
0,-0.006954,0.11985
0,-0.006904,0.11984
0,-0.006855,0.11984
0,-0.006807,0.11983
0,-0.006758,0.11982
0,-0.00671,0.11982
0,-0.006661,0.11981
0,-0.006613,0.1198
0,-0.006565,0.1198
0,-0.006517,0.11979
0,-0.00647,0.11979
0,-0.006422,0.11978
0,-0.006375,0.11978
0,-0.006327,0.11977
0,-0.00628,0.11976
0,-0.006234,0.11976
0,-0.006187,0.11975
0,-0.00614,0.11975
0,-0.006094,0.11974
0,-0.006048,0.11974
0,-0.006002,0.11973
0,-0.005956,0.11973
0,-0.00591,0.11972
0,-0.005864,0.11972
0,-0.005819,0.11971
0,-0.005774,0.11971
0,-0.005729,0.1197
0,-0.005684,0.1197
0,-0.005639,0.11969
0,-0.005595,0.11969
0,-0.00555,0.11968
0,-0.005506,0.11968
0,-0.005462,0.11968
0,-0.005418,0.11967
0,-0.005374,0.11967
0,-0.005331,0.11966
0,-0.005287,0.11966
0,-0.005244,0.11965
0,-0.005201,0.11965
0,-0.005158,0.11965
0,-0.005115,0.11964
0,-0.005073,0.11964
0,-0.005031,0.11963
0,-0.004988,0.11963
0,-0.004946,0.11962
0,-0.004904,0.11962
0,-0.004863,0.11962
0,-0.004821,0.11961
0,-0.00478,0.11961
0,-0.004739,0.11961
0,-0.004698,0.1196
0,-0.004657,0.1196
0,-0.004616,0.1196
0,-0.004576,0.11959
0,-0.004536,0.11959
0,-0.004495,0.11958
0,-0.004455,0.11958
0,-0.004416,0.11958
0,-0.004376,0.11958
0,-0.004337,0.11957
0,-0.004297,0.11957
0,-0.004258,0.11957
0,-0.004219,0.11956
0,-0.004181,0.11956
0,-0.004142,0.11956
0,-0.004104,0.11955
0,-0.004065,0.11955
0,-0.004027,0.11955
0,-0.00399,0.11954
0,-0.003952,0.11954
0,-0.003914,0.11954
0,-0.003877,0.11954
0,-0.00384,0.11953
0,-0.003803,0.11953
0,-0.003766,0.11953
0,-0.00373,0.11953
0,-0.003693,0.11952
0,-0.003657,0.11952
0,-0.003621,0.11952
0,-0.003585,0.11952
0,-0.003549,0.11951
0,-0.003514,0.11951
0,-0.003478,0.11951
0,-0.003443,0.11951
0,-0.003408,0.11951
0,-0.003373,0.1195
0,-0.003338,0.1195
0,-0.003304,0.1195
0,-0.00327,0.1195
0,-0.003236,0.1195
0,-0.003202,0.11949
0,-0.003168,0.11949
0,-0.003134,0.11949
0,-0.003101,0.11949
0,-0.003068,0.11948
0,-0.003035,0.11948
0,-0.003002,0.11948
0,-0.002969,0.11948
0,-0.002937,0.11948
0,-0.002904,0.11948
0,-0.002872,0.11947
0,-0.00284,0.11947
0,-0.002808,0.11947
0,-0.002777,0.11947
0,-0.002745,0.11947
0,-0.002714,0.11947
0,-0.002683,0.11947
0,-0.002652,0.11946
0,-0.002622,0.11946
0,-0.002591,0.11946
0,-0.002561,0.11946
0,-0.002531,0.11946
0,-0.002501,0.11946
0,-0.002471,0.11946
0,-0.002441,0.11945
0,-0.002412,0.11945
0,-0.002383,0.11945
0,-0.002354,0.11945
0,-0.002325,0.11945
0,-0.002296,0.11945
0,-0.002268,0.11945
0,-0.002239,0.11944
0,-0.002211,0.11944
0,-0.002183,0.11944
0,-0.002155,0.11944
0,-0.002128,0.11944
0,-0.002101,0.11944
0,-0.002073,0.11944
0,-0.002046,0.11944
0,-0.002019,0.11944
0,-0.001993,0.11943
0,-0.001966,0.11943
0,-0.00194,0.11943
0,-0.001914,0.11943
0,-0.001888,0.11943
0,-0.001862,0.11943
0,-0.001837,0.11943
0,-0.001811,0.11943
0,-0.001786,0.11943
0,-0.001761,0.11943
0,-0.001736,0.11943
0,-0.001712,0.11943
0,-0.001687,0.11943
0,-0.001663,0.11942
0,-0.001639,0.11942
0,-0.001615,0.11942
0,-0.001592,0.11942
0,-0.001568,0.11942
0,-0.001545,0.11942
0,-0.001522,0.11942
0,-0.001499,0.11942
0,-0.001476,0.11942
0,-0.001453,0.11942
0,-0.001431,0.11942
0,-0.001409,0.11942
0,-0.001387,0.11942
0,-0.001365,0.11942
0,-0.001343,0.11942
0,-0.001322,0.11941
0,-0.0013,0.11941
0,-0.001279,0.11941
0,-0.001259,0.11941
0,-0.001238,0.11941
0,-0.001217,0.11941
0,-0.001197,0.11941
0,-0.001177,0.11941
0,-0.001157,0.11941
0,-0.001137,0.11941
0,-0.001117,0.11941
0,-0.001098,0.11941
0,-0.001079,0.11941
0,-0.00106,0.11941
0,-0.001041,0.11941
0,-0.001022,0.11941
0,-0.001004,0.11941
0,-0.000986,0.11941
0,-0.000967,0.11941
0,-0.00095,0.11941
0,-0.000932,0.11941
0,-0.000914,0.11941
0,-0.000897,0.11941
0,-0.00088,0.11941
0,-0.000863,0.11941
0,-0.000846,0.11941
0,-0.00083,0.11941
0,-0.000813,0.11941
0,-0.000797,0.1194
0,-0.000781,0.1194
0,-0.000765,0.1194
0,-0.000749,0.1194
0,-0.000734,0.1194
0,-0.000719,0.1194
0,-0.000704,0.1194
0,-0.000689,0.1194
0,-0.000674,0.1194
0,-0.000659,0.1194
0,-0.000645,0.1194
0,-0.000631,0.1194
0,-0.000617,0.1194
0,-0.000603,0.1194
0,-0.00059,0.1194
0,-0.000576,0.1194
0,-0.000563,0.1194
0,-0.00055,0.1194
0,-0.000537,0.1194
0,-0.000525,0.1194
0,-0.000512,0.1194
0,-0.0005,0.1194
0,-0.000488,0.1194
0,-0.000476,0.1194
0,-0.000464,0.1194
0,-0.000453,0.1194
0,-0.000442,0.1194
0,-0.00043,0.1194
0,-0.00042,0.1194
0,-0.000409,0.1194
0,-0.000398,0.1194
0,-0.000388,0.1194
0,-0.000378,0.1194
0,-0.000368,0.1194
0,-0.000358,0.1194
0,-0.000348,0.1194
0,-0.000339,0.1194
0,-0.00033,0.1194
0,-0.000321,0.1194
0,-0.000312,0.1194
0,-0.000303,0.1194
0,-0.000295,0.1194
0,-0.000286,0.1194
0,-0.000278,0.1194
0,-0.00027,0.1194
0,-0.000263,0.1194
0,-0.000255,0.1194
0,-0.000248,0.1194
0,-0.000241,0.1194
0,-0.000234,0.1194
0,-0.000227,0.1194
0,-0.000221,0.1194
0,-0.000214,0.1194
0,-0.000208,0.1194
0,-0.000202,0.1194
0,-0.000196,0.1194
0,-0.000191,0.1194
0,-0.000185,0.1194
0,-0.00018,0.1194
0,-0.000175,0.1194
0,-0.00017,0.1194
0,-0.000165,0.1194
0,-0.000161,0.1194
0,-0.000157,0.1194
0,-0.000153,0.1194
0,-0.000149,0.1194
0,-0.000145,0.1194
0,-0.000141,0.1194
0,-0.000138,0.1194
0,-0.000135,0.1194
0,-0.000132,0.1194
0,-0.000129,0.1194
0,-0.000127,0.1194
0,-0.000124,0.1194
0,-0.000122,0.1194
0,-0.00012,0.1194
0,-0.000118,0.1194
0,-0.000117,0.1194
0,-0.000115,0.1194
0,-0.000114,0.1194
0,-0.000113,0.1194
0,-0.000112,0.1194
0,-0.000112,0.1194
0,-0.000111,0.1194
0,-0.000111,0.1194
