timestamp, bead_x, bead_y, bead_z
0.000000,-0.000255,0.001797,0.129660 
0.000000,-0.000250,0.001805,0.129658 
0.000000,-0.000235,0.001816,0.129667 
0.015625,-0.000233,0.001792,0.129670 
0.015625,-0.000258,0.001826,0.129659 
0.015625,-0.000256,0.001820,0.129662 
0.015625,-0.000253,0.001829,0.129659 
0.031250,-0.000232,0.001817,0.129670 
0.031250,-0.000261,0.001819,0.129656 
0.031250,-0.000249,0.001826,0.129689 
0.046875,-0.000135,0.002136,0.129347 
0.046875,-0.000118,0.002170,0.129488 
0.046875,-0.000117,0.002210,0.129768 
0.046875,-0.000117,0.002357,0.130236 
0.062500,-0.000089,0.002552,0.130919 
0.062500,-0.000048,0.002751,0.131783 
0.062500,-0.000051,0.003101,0.133004 
0.062500,-0.000089,0.004136,0.134504 
0.078125,0.000041,0.005534,0.136029 
0.078125,0.000199,0.006923,0.137791 
0.078125,0.000141,0.009438,0.139309 
0.078125,0.000257,0.011967,0.140445 
0.093750,0.000394,0.015372,0.140765 
0.093750,0.000605,0.018541,0.140435 
0.093750,0.000757,0.022146,0.138932 
0.109375,0.000612,0.025763,0.136239 
0.109375,0.000899,0.027816,0.132768 
0.109375,0.000819,0.029104,0.128454 
0.109375,0.000631,0.028950,0.123706 
0.125000,0.000854,0.026653,0.118892 
0.125000,0.000735,0.022869,0.114368 
0.125000,0.000403,0.018176,0.110165 
0.125000,0.000421,0.013380,0.105365 
0.140625,0.000034,0.008561,0.100856 
0.140625,-0.000026,0.004017,0.097311 
0.140625,0.000012,0.002427,0.094174 
0.140625,-0.000150,0.001899,0.092172 
0.156250,0.000035,0.001368,0.091977 
0.156250,0.000026,0.000929,0.093526 
0.156250,-0.000187,-0.001533,0.097359 
0.171875,-0.000293,-0.005698,0.102519 
0.171875,-0.000630,-0.011980,0.108564 
0.171875,-0.000604,-0.018452,0.114593 
0.171875,-0.000697,-0.022863,0.121345 
0.187500,-0.001019,-0.024730,0.128907 
0.187500,-0.000807,-0.022301,0.136091 
0.187500,-0.000430,-0.015487,0.141000 
0.187500,-0.000391,-0.008183,0.141145 
0.203125,-0.000090,-0.002209,0.136227 
0.203125,-0.000038,0.001313,0.130511 
0.203125,-0.000041,0.002248,0.130783 
0.203125,0.000079,0.006929,0.135839 
0.218750,0.000288,0.012179,0.140288 
0.218750,0.000683,0.019838,0.139169 
0.218750,0.000760,0.026204,0.133782 
0.234375,0.000682,0.029301,0.126883 
0.234375,0.000712,0.026299,0.119483 
0.234375,0.000711,0.019230,0.111719 
0.234375,0.000116,0.012062,0.103502 
0.250000,0.000067,0.005891,0.096499 
0.250000,0.000287,0.001556,0.092324 
0.250000,-0.000232,0.001179,0.093151 
0.250000,-0.000258,-0.003919,0.099247 
0.265625,-0.000336,-0.009538,0.105967 
0.265625,-0.000892,-0.017430,0.114356 
0.265625,-0.000462,-0.023351,0.122308 
0.265625,-0.000985,-0.025070,0.130243 
0.281250,-0.001021,-0.021175,0.137263 
0.281250,-0.000089,-0.013469,0.141535 
0.281250,-0.000425,-0.006638,0.140046 
0.296875,-0.000092,-0.000947,0.133987 
0.296875,0.000224,0.002300,0.129804 
0.296875,-0.000317,0.002632,0.131607 
0.296875,0.000138,0.007491,0.136475 
0.312500,0.000530,0.012753,0.140113 
0.312500,0.000372,0.019112,0.139501 
0.312500,0.000937,0.025977,0.134887 
0.312500,0.000845,0.028884,0.128360 
0.328125,0.000542,0.026885,0.121547 
0.328125,0.000912,0.022277,0.114182 
0.328125,0.000386,0.015252,0.106786 
0.328125,-0.000133,0.008502,0.099841 
0.343750,0.000368,0.003747,0.094899 
0.343750,-0.000100,0.001495,0.092864 
0.343750,-0.000313,0.000631,0.093151 
0.359375,0.000167,-0.002934,0.097659 
0.359375,-0.000734,-0.008503,0.104878 
0.359375,-0.000563,-0.015357,0.112173 
0.359375,-0.000306,-0.021963,0.120278 
0.375000,-0.001191,-0.024350,0.127171 
0.375000,-0.000934,-0.023472,0.133708 
0.375000,-0.000290,-0.018316,0.139023 
0.375000,-0.000690,-0.010816,0.141352 
0.390625,-0.000070,-0.004683,0.138723 
0.390625,0.000139,0.000094,0.133368 
0.390625,-0.000304,0.001844,0.129517 
0.390625,0.000178,0.003043,0.131154 
0.406250,-0.000044,0.007297,0.136563 
0.406250,0.000318,0.012457,0.140521 
0.406250,0.000822,0.019421,0.139591 
0.421875,0.000546,0.025854,0.134657 
0.421875,0.000808,0.028756,0.128080 
0.421875,0.000904,0.027204,0.121442 
0.421875,0.000560,0.022236,0.114387 
0.437500,0.000496,0.015225,0.107082 
0.437500,0.000021,0.008702,0.099799 
0.437500,-0.000136,0.003238,0.095110 
0.437500,0.000272,0.001878,0.092393 
0.453125,-0.000493,0.000423,0.093790 
0.453125,-0.000061,-0.003022,0.097741 
0.453125,-0.000432,-0.008464,0.104712 
0.453125,-0.000839,-0.015648,0.112369 
0.468750,-0.000409,-0.022002,0.120212 
0.468750,-0.000947,-0.024282,0.127261 
0.468750,-0.001104,-0.023483,0.133821 
0.484375,-0.000321,-0.018358,0.139048 
0.484375,-0.000508,-0.010856,0.141267 
0.484375,-0.000356,-0.005001,0.139059 
0.484375,0.000205,0.000075,0.133429 
0.500000,-0.000261,0.001840,0.129632 
0.500000,0.000017,0.002976,0.131137 
0.500000,0.000068,0.007331,0.136460 
0.500000,0.000242,0.012416,0.140491 
0.515625,0.000773,0.019370,0.139673 
0.515625,0.000652,0.025831,0.134766 
0.515625,0.000705,0.028697,0.128109 
0.515625,0.000906,0.027235,0.121402 
0.531250,0.000656,0.022259,0.114368 
0.531250,0.000406,0.015205,0.107128 
0.531250,0.000059,0.008762,0.099875 
0.546875,-0.000112,0.003268,0.095125 
0.546875,0.000148,0.001832,0.092356 
0.546875,-0.000296,0.000781,0.093321 
0.546875,-0.000068,-0.003014,0.097739 
0.562500,-0.000476,-0.008456,0.104704 
0.562500,-0.000766,-0.015628,0.112326 
0.562500,-0.000492,-0.022000,0.120147 
0.562500,-0.000992,-0.024321,0.127192 
0.578125,-0.001033,-0.023467,0.133797 
0.578125,-0.000388,-0.018404,0.139066 
0.578125,-0.000513,-0.010891,0.141283 
0.578125,-0.000300,-0.005019,0.139057 
0.593750,0.000120,0.000033,0.133432 
0.593750,-0.000227,0.001807,0.129658 
0.593750,0.000023,0.002975,0.131134 
0.609375,-0.000081,0.006974,0.136829 
0.609375,0.000284,0.012401,0.140470 
0.609375,0.000737,0.019346,0.139680 
0.609375,0.000620,0.025814,0.134794 
0.625000,0.000714,0.028698,0.128124 
0.625000,0.000867,0.027177,0.121438 
0.625000,0.000647,0.022273,0.114402 
0.625000,0.000411,0.015260,0.107151 
0.640625,0.000052,0.008766,0.099896 
0.640625,0.000078,0.003669,0.094682 
0.640625,0.000156,0.001888,0.092349 
0.640625,-0.000275,0.000750,0.093335 
0.656250,-0.000054,-0.002990,0.097730 
0.656250,-0.000486,-0.008394,0.104685 
0.656250,-0.000751,-0.015661,0.112293 
0.671875,-0.000523,-0.021980,0.120109 
0.671875,-0.000998,-0.024297,0.127161 
0.671875,-0.001038,-0.023569,0.133775 
0.671875,-0.000423,-0.018472,0.139041 
0.687500,-0.000508,-0.010893,0.141279 
0.687500,-0.000206,-0.004758,0.138668 
0.687500,0.000095,0.000016,0.133463 
0.687500,-0.000214,0.001818,0.129668 
0.703125,0.000024,0.002927,0.131116 
0.703125,-0.000090,0.006968,0.136806 
0.703125,0.000287,0.012361,0.140467 
0.703125,0.000728,0.019287,0.139698 
0.718750,0.000616,0.025829,0.134822 
0.718750,0.000699,0.028699,0.128135 
0.718750,0.000855,0.027170,0.121457 
0.734375,0.000652,0.022303,0.114428 
0.734375,0.000393,0.015283,0.107203 
0.734375,-0.000104,0.008430,0.100370 
0.734375,0.000082,0.003691,0.094680 
0.750000,0.000150,0.001900,0.092331 
0.750000,-0.000278,0.000762,0.093333 
0.750000,-0.000047,-0.002991,0.097713 
0.750000,-0.000384,-0.008064,0.104217 
0.765625,-0.000756,-0.015643,0.112257 
0.765625,-0.000504,-0.021985,0.120078 
0.765625,-0.001001,-0.024306,0.127138 
0.765625,-0.001050,-0.023579,0.133762 
0.781250,-0.000416,-0.018522,0.139042 
0.781250,-0.000520,-0.010904,0.141281 
0.781250,-0.000207,-0.004774,0.138676 
0.796875,0.000096,-0.000013,0.133486 
0.796875,-0.000317,0.001529,0.130092 
0.796875,0.000036,0.002909,0.131108 
0.796875,-0.000097,0.006949,0.136788 
0.812500,0.000281,0.012329,0.140458 
0.812500,0.000736,0.019250,0.139707 
0.812500,0.000603,0.025800,0.134848 
0.812500,0.000695,0.028705,0.128169 
0.828125,0.000853,0.027181,0.121481 
0.828125,0.000628,0.022308,0.114472 
0.828125,0.000377,0.015364,0.107234 
0.828125,-0.000115,0.008448,0.100380 
0.843750,0.000067,0.003697,0.094678 
0.843750,0.000137,0.001854,0.092348 
0.843750,-0.000306,0.000770,0.093342 
0.859375,-0.000057,-0.002979,0.097692 
0.859375,-0.000388,-0.008038,0.104156 
0.859375,-0.000641,-0.015289,0.111792 
0.859375,-0.000468,-0.022012,0.120069 
0.875000,-0.001011,-0.024291,0.127143 
0.875000,-0.001057,-0.023577,0.133749 
0.875000,-0.000391,-0.018576,0.139022 
0.875000,-0.000544,-0.010971,0.141266 
0.890625,-0.000196,-0.004789,0.138694 
0.890625,0.000106,-0.000058,0.133531 
0.890625,-0.000331,0.001539,0.130102 
0.890625,-0.000037,0.002573,0.131493 
0.906250,-0.000116,0.006925,0.136758 
0.906250,0.000274,0.012338,0.140462 
0.906250,0.000761,0.019215,0.139737 
0.921875,0.000582,0.025752,0.134870 
0.921875,0.000695,0.028726,0.128177 
0.921875,0.000856,0.027181,0.121491 
0.921875,0.000594,0.022301,0.114498 
0.937500,0.000373,0.015389,0.107292 
0.937500,0.000012,0.008835,0.099990 
0.937500,0.000026,0.003678,0.094688 
0.937500,0.000162,0.001885,0.092325 
0.953125,-0.000329,0.000772,0.093348 
0.953125,-0.000076,-0.002985,0.097698 
0.953125,-0.000369,-0.008002,0.104136 
0.953125,-0.000751,-0.015570,0.112163 
0.968750,-0.000359,-0.021674,0.119601 
0.968750,-0.000993,-0.024270,0.127116 
0.968750,-0.001039,-0.023622,0.133743 
0.984375,-0.000386,-0.018589,0.139024 
0.984375,-0.000533,-0.010985,0.141264 
0.984375,-0.000207,-0.004827,0.138697 
0.984375,0.000122,-0.000050,0.133553 
1.000000,-0.000323,0.001526,0.130118 
1.000000,-0.000044,0.002558,0.131491 
1.000000,-0.000031,0.007219,0.136320 
1.000000,0.000256,0.012296,0.140451 
1.015625,0.000766,0.019188,0.139752 
1.015625,0.000587,0.025726,0.134907 
1.015625,0.000697,0.028697,0.128215 
1.015625,0.000861,0.027187,0.121512 
1.031250,0.000597,0.022312,0.114522 
1.031250,0.000356,0.015399,0.107336 
1.031250,0.000023,0.008857,0.100022 
1.046875,0.000011,0.003684,0.094721 
1.046875,0.000142,0.001877,0.092339 
1.046875,-0.000280,0.000830,0.093325 
1.046875,-0.000083,-0.002954,0.097666 
1.062500,-0.000366,-0.008023,0.104111 
1.062500,-0.000733,-0.015507,0.112123 
1.062500,-0.000479,-0.021911,0.119977 
1.062500,-0.000959,-0.024318,0.127092 
1.078125,-0.001033,-0.023614,0.133710 
1.078125,-0.000404,-0.018590,0.138994 
1.078125,-0.000514,-0.011026,0.141272 
1.078125,-0.000218,-0.004825,0.138721 
1.093750,0.000134,-0.000062,0.133574 
1.093750,-0.000310,0.001513,0.130115 
1.093750,-0.000062,0.002579,0.131470 
1.109375,-0.000022,0.007199,0.136316 
1.109375,0.000247,0.012257,0.140455 
1.109375,0.000755,0.019195,0.139749 
1.109375,0.000602,0.025683,0.134921 
1.125000,0.000695,0.028681,0.128241 
1.125000,0.000847,0.027225,0.121558 
1.125000,0.000621,0.022310,0.114567 
1.125000,0.000345,0.015407,0.107355 
1.140625,0.000020,0.008884,0.100020 
1.140625,0.000018,0.003674,0.094725 
1.140625,0.000135,0.001853,0.092365 
1.140625,-0.000282,0.000852,0.093334 
1.156250,-0.000199,-0.003280,0.098061 
1.156250,-0.000506,-0.008333,0.104492 
1.156250,-0.000727,-0.015468,0.112096 
1.171875,-0.000454,-0.021905,0.119962 
1.171875,-0.000972,-0.024357,0.127091 
1.171875,-0.001049,-0.023590,0.133709 
1.171875,-0.000383,-0.018612,0.138965 
1.187500,-0.000526,-0.011059,0.141242 
1.187500,-0.000223,-0.004805,0.138721 
1.187500,0.000146,-0.000082,0.133622 
1.187500,-0.000323,0.001512,0.130133 
1.203125,0.000049,0.002941,0.131030 
1.203125,-0.000031,0.007166,0.136279 
1.203125,0.000235,0.012220,0.140453 
1.203125,0.000759,0.019171,0.139775 
1.218750,0.000597,0.025625,0.134957 
1.218750,0.000706,0.028698,0.128263 
1.218750,0.000853,0.027248,0.121569 
1.234375,0.000601,0.022328,0.114599 
1.234375,0.000364,0.015460,0.107407 
1.234375,-0.000097,0.008582,0.100511 
1.234375,0.000013,0.003671,0.094734 
1.250000,0.000171,0.001862,0.092354 
1.250000,-0.000265,0.000858,0.093335 
1.250000,-0.000064,-0.002939,0.097635 
1.250000,-0.000473,-0.008284,0.104453 
1.265625,-0.000733,-0.015470,0.112074 
1.265625,-0.000418,-0.021938,0.119931 
1.265625,-0.000972,-0.024340,0.127065 
1.265625,-0.001054,-0.023605,0.133675 
1.281250,-0.000362,-0.018668,0.138956 
1.281250,-0.000525,-0.011066,0.141247 
1.281250,-0.000236,-0.004807,0.138732 
1.296875,0.000166,-0.000122,0.133653 
1.296875,-0.000331,0.001527,0.130145 
1.296875,0.000042,0.002929,0.131008 
1.296875,-0.000119,0.006794,0.136659 
1.312500,0.000217,0.012196,0.140449 
1.312500,0.000748,0.019106,0.139794 
1.312500,0.000598,0.025592,0.134984 
1.312500,0.000712,0.028713,0.128282 
1.328125,0.000855,0.027232,0.121593 
1.328125,0.000613,0.022316,0.114635 
1.328125,0.000367,0.015495,0.107430 
1.328125,-0.000096,0.008591,0.100529 
1.343750,0.000008,0.003695,0.094745 
1.343750,0.000177,0.001849,0.092368 
1.343750,-0.000276,0.000831,0.093336 
1.359375,-0.000060,-0.002901,0.097607 
1.359375,-0.000466,-0.008266,0.104419 
1.359375,-0.000761,-0.015454,0.112043 
1.359375,-0.000405,-0.021929,0.119915 
1.375000,-0.000965,-0.024325,0.127056 
1.375000,-0.001078,-0.023617,0.133651 
1.375000,-0.000362,-0.018742,0.138925 
1.375000,-0.000525,-0.011079,0.141241 
1.390625,-0.000246,-0.004826,0.138761 
1.390625,0.000181,-0.000136,0.133688 
1.390625,-0.000337,0.001537,0.130154 
1.390625,0.000023,0.002902,0.130985 
1.406250,-0.000118,0.006787,0.136631 
1.406250,0.000209,0.012170,0.140436 
1.406250,0.000724,0.019074,0.139800 
1.421875,0.000616,0.025555,0.135011 
1.421875,0.000711,0.028704,0.128315 
1.421875,0.000835,0.027276,0.121618 
1.421875,0.000626,0.022341,0.114675 
1.437500,0.000371,0.015514,0.107464 
1.437500,0.000041,0.008923,0.100116 
1.437500,0.000009,0.003724,0.094764 
1.437500,0.000154,0.001861,0.092389 
1.453125,-0.000293,0.000829,0.093328 
1.453125,-0.000063,-0.002878,0.097571 
1.453125,-0.000461,-0.008260,0.104398 
1.453125,-0.000758,-0.015422,0.112014 
1.468750,-0.000412,-0.021908,0.119900 
1.468750,-0.000952,-0.024279,0.127022 
1.468750,-0.001091,-0.023635,0.133623 
1.484375,-0.000376,-0.018762,0.138897 
1.484375,-0.000518,-0.011102,0.141228 
1.484375,-0.000262,-0.004874,0.138791 
1.484375,0.000186,-0.000147,0.133727 
1.500000,-0.000331,0.001547,0.130159 
1.500000,0.000002,0.002859,0.130945 
1.500000,-0.000027,0.007118,0.136196 
1.500000,0.000204,0.012160,0.140445 
1.515625,0.000708,0.019016,0.139827 
1.515625,0.000622,0.025539,0.135031 
1.515625,0.000714,0.028725,0.128321 
1.515625,0.000862,0.027213,0.121652 
1.531250,0.000628,0.022371,0.114705 
1.531250,0.000377,0.015523,0.107510 
1.531250,0.000017,0.008994,0.100134 
1.546875,-0.000007,0.003787,0.094755 
1.546875,0.000151,0.001873,0.092397 
1.546875,-0.000297,0.000805,0.093329 
1.546875,-0.000072,-0.002839,0.097540 
1.562500,-0.000336,-0.007925,0.103933 
1.562500,-0.000752,-0.015342,0.111971 
1.562500,-0.000424,-0.021855,0.119886 
1.562500,-0.000960,-0.024341,0.127034 
1.578125,-0.001090,-0.023653,0.133604 
1.578125,-0.000397,-0.018743,0.138868 
1.578125,-0.000512,-0.011144,0.141220 
1.578125,-0.000267,-0.004910,0.138813 
1.593750,0.000175,-0.000138,0.133755 
1.593750,-0.000232,0.001808,0.129766 
1.593750,-0.000009,0.002867,0.130918 
1.609375,-0.000018,0.007100,0.136162 
1.609375,0.000200,0.012144,0.140441 
1.609375,0.000679,0.018998,0.139856 
1.609375,0.000626,0.025514,0.135060 
1.625000,0.000723,0.028712,0.128339 
1.625000,0.000859,0.027232,0.121668 
1.625000,0.000647,0.022387,0.114743 
1.625000,0.000385,0.015528,0.107556 
1.640625,0.000013,0.009004,0.100167 
1.640625,0.000025,0.003759,0.094768 
1.640625,0.000166,0.001871,0.092406 
1.640625,-0.000309,0.000827,0.093324 
1.656250,-0.000068,-0.002817,0.097518 
1.656250,-0.000352,-0.007891,0.103910 
1.656250,-0.000765,-0.015322,0.111935 
1.671875,-0.000455,-0.021812,0.119847 
1.671875,-0.000974,-0.024306,0.126995 
1.671875,-0.001086,-0.023664,0.133583 
1.671875,-0.000395,-0.018779,0.138855 
1.687500,-0.000520,-0.011162,0.141219 
1.687500,-0.000263,-0.004926,0.138827 
1.687500,0.000173,-0.000160,0.133791 
1.687500,-0.000247,0.001792,0.129774 
1.703125,-0.000017,0.002861,0.130904 
1.703125,-0.000019,0.007082,0.136154 
1.703125,0.000191,0.012105,0.140454 
1.703125,0.000670,0.018979,0.139863 
1.718750,0.000635,0.025485,0.135070 
1.718750,0.000728,0.028656,0.128361 
1.718750,0.000868,0.027254,0.121678 
1.734375,0.000648,0.022418,0.114776 
1.734375,0.000381,0.015530,0.107609 
1.734375,0.000015,0.009027,0.100213 
1.734375,0.000002,0.003811,0.094772 
1.750000,0.000168,0.001863,0.092415 
1.750000,-0.000302,0.000850,0.093328 
1.750000,-0.000074,-0.002795,0.097507 
1.750000,-0.000343,-0.007881,0.103876 
1.765625,-0.000770,-0.015308,0.111879 
1.765625,-0.000470,-0.021802,0.119823 
1.765625,-0.000971,-0.024305,0.126984 
1.765625,-0.001085,-0.023736,0.133558 
1.781250,-0.000416,-0.018814,0.138839 
1.781250,-0.000507,-0.011181,0.141210 
1.781250,-0.000350,-0.005241,0.139253 
1.796875,0.000158,-0.000179,0.133831 
1.796875,-0.000239,0.001808,0.129793 
1.796875,-0.000041,0.002828,0.130877 
1.796875,-0.000013,0.007052,0.136120 
1.812500,0.000198,0.012095,0.140459 
1.812500,0.000660,0.018932,0.139897 
1.812500,0.000637,0.025446,0.135094 
1.812500,0.000729,0.028640,0.128364 
1.828125,0.000862,0.027257,0.121689 
1.828125,0.000640,0.022468,0.114806 
1.828125,0.000382,0.015541,0.107661 
1.828125,0.000011,0.009040,0.100248 
1.843750,0.000004,0.003825,0.094762 
1.843750,0.000158,0.001858,0.092405 
1.843750,-0.000302,0.000846,0.093345 
1.859375,-0.000075,-0.002782,0.097518 
1.859375,-0.000472,-0.008163,0.104252 
1.859375,-0.000790,-0.015281,0.111823 
1.859375,-0.000458,-0.021766,0.119758 
1.875000,-0.000969,-0.024324,0.126980 
1.875000,-0.001113,-0.023736,0.133571 
1.875000,-0.000382,-0.018859,0.138834 
1.875000,-0.000520,-0.011254,0.141181 
1.890625,-0.000307,-0.004940,0.138828 
1.890625,0.000161,-0.000207,0.133867 
1.890625,-0.000253,0.001808,0.129831 
1.890625,-0.000057,0.002851,0.130865 
1.906250,0.000005,0.006996,0.136080 
1.906250,0.000174,0.012068,0.140444 
1.906250,0.000677,0.018942,0.139925 
1.921875,0.000634,0.025407,0.135142 
1.921875,0.000693,0.028605,0.128400 
1.921875,0.000873,0.027293,0.121689 
1.921875,0.000640,0.022482,0.114820 
1.937500,0.000366,0.015573,0.107731 
1.937500,0.000038,0.009090,0.100291 
1.937500,-0.000008,0.003818,0.094767 
1.937500,0.000131,0.001854,0.092388 
1.953125,-0.000279,0.000882,0.093344 
1.953125,-0.000088,-0.002793,0.097522 
1.953125,-0.000501,-0.008124,0.104223 
1.953125,-0.000794,-0.015253,0.111785 
1.968750,-0.000448,-0.021796,0.119708 
1.968750,-0.000975,-0.024325,0.126956 
1.968750,-0.001117,-0.023726,0.133559 
1.984375,-0.000311,-0.018679,0.138455 
1.984375,-0.000531,-0.011317,0.141209 
1.984375,-0.000316,-0.004932,0.138828 
1.984375,0.000157,-0.000245,0.133881 
2.000000,-0.000289,0.001850,0.129849 
2.000000,-0.000063,0.002864,0.130862 
2.000000,-0.000002,0.006958,0.136062 
2.000000,0.000163,0.012058,0.140428 
2.015625,0.000681,0.018911,0.139943 
2.015625,0.000657,0.025384,0.135192 
2.015625,0.000663,0.028578,0.128430 
2.015625,0.000868,0.027298,0.121702 
2.031250,0.000655,0.022488,0.114840 
2.031250,0.000345,0.015613,0.107763 
2.031250,0.000048,0.009124,0.100336 
2.046875,0.000008,0.003818,0.094771 
2.046875,-0.000027,0.001497,0.092820 
2.046875,-0.000257,0.000927,0.093346 
2.046875,-0.000084,-0.002790,0.097531 
2.062500,-0.000527,-0.008100,0.104185 
2.062500,-0.000760,-0.015179,0.111726 
2.062500,-0.000467,-0.021782,0.119674 
2.062500,-0.000997,-0.024326,0.126954 
2.078125,-0.001087,-0.023746,0.133567 
2.078125,-0.000332,-0.018718,0.138456 
2.078125,-0.000472,-0.011043,0.140782 
2.078125,-0.000290,-0.004948,0.138817 
2.093750,0.000125,-0.000269,0.133907 
2.093750,-0.000288,0.001854,0.129883 
2.093750,-0.000059,0.002865,0.130853 
2.109375,-0.000021,0.006925,0.136023 
2.109375,0.000175,0.012031,0.140406 
2.109375,0.000673,0.018876,0.139975 
2.109375,0.000664,0.025371,0.135250 
2.125000,0.000689,0.028615,0.128451 
2.125000,0.000807,0.027389,0.121692 
2.125000,0.000667,0.022501,0.114842 
2.125000,0.000359,0.015632,0.107802 
2.140625,0.000023,0.009150,0.100391 
2.140625,0.000018,0.003818,0.094783 
2.140625,0.000120,0.001851,0.092359 
2.140625,-0.000274,0.000943,0.093335 
2.156250,-0.000087,-0.002777,0.097532 
2.156250,-0.000529,-0.008076,0.104171 
2.156250,-0.000762,-0.015159,0.111686 
2.171875,-0.000489,-0.021775,0.119633 
2.171875,-0.001009,-0.024303,0.126919 
2.171875,-0.001074,-0.023752,0.133556 
2.171875,-0.000434,-0.019040,0.138861 
2.187500,-0.000557,-0.011397,0.141187 
2.187500,-0.000272,-0.004970,0.138815 
2.187500,0.000098,-0.000305,0.133930 
2.187500,-0.000279,0.001851,0.129899 
2.203125,-0.000060,0.002857,0.130841 
2.203125,-0.000024,0.006847,0.135988 
2.203125,0.000191,0.012025,0.140392 
2.203125,0.000664,0.018833,0.140007 
2.218750,0.000658,0.025333,0.135299 
2.218750,0.000721,0.028645,0.128485 
2.218750,0.000781,0.027412,0.121692 
2.234375,0.000655,0.022529,0.114847 
2.234375,0.000381,0.015649,0.107845 
2.234375,-0.000003,0.009161,0.100446 
2.234375,0.000024,0.003848,0.094793 
2.250000,0.000130,0.001840,0.092338 
2.250000,-0.000314,0.000903,0.093335 
2.250000,-0.000076,-0.002765,0.097529 
2.250000,-0.000526,-0.008063,0.104153 
2.265625,-0.000799,-0.015133,0.111637 
2.265625,-0.000491,-0.021768,0.119588 
2.265625,-0.001016,-0.024297,0.126884 
2.265625,-0.001092,-0.023751,0.133528 
2.281250,-0.000432,-0.019070,0.138845 
2.281250,-0.000563,-0.011429,0.141202 
2.281250,-0.000359,-0.005257,0.139240 
2.296875,0.000093,-0.000328,0.133935 
2.296875,-0.000292,0.001836,0.129907 
2.296875,-0.000062,0.002846,0.130838 
2.296875,-0.000033,0.006808,0.135966 
2.312500,0.000186,0.011994,0.140374 
2.312500,0.000659,0.018821,0.140010 
2.312500,0.000640,0.025323,0.135319 
2.312500,0.000726,0.028610,0.128528 
2.328125,0.000777,0.027426,0.121714 
2.328125,0.000635,0.022591,0.114878 
2.328125,0.000388,0.015674,0.107871 
2.328125,-0.000015,0.009168,0.100469 
2.343750,0.000006,0.003873,0.094796 
2.343750,0.000138,0.001840,0.092333 
2.343750,-0.000335,0.000905,0.093340 
2.359375,-0.000079,-0.002744,0.097527 
2.359375,-0.000395,-0.007729,0.103690 
2.359375,-0.000832,-0.015096,0.111581 
2.359375,-0.000491,-0.021754,0.119557 
2.375000,-0.001027,-0.024305,0.126867 
2.375000,-0.001120,-0.023754,0.133518 
2.375000,-0.000426,-0.019090,0.138847 
2.375000,-0.000559,-0.011454,0.141199 
2.390625,-0.000310,-0.005016,0.138825 
2.390625,0.000115,-0.000340,0.133946 
2.390625,-0.000301,0.001841,0.129946 
2.390625,-0.000066,0.002827,0.130837 
2.406250,-0.000024,0.006795,0.135921 
2.406250,0.000160,0.011967,0.140345 
2.406250,0.000654,0.018794,0.140024 
2.421875,0.000642,0.025288,0.135364 
2.421875,0.000715,0.028611,0.128560 
2.421875,0.000781,0.027448,0.121713 
2.421875,0.000627,0.022632,0.114884 
2.437500,0.000384,0.015680,0.107917 
2.437500,-0.000008,0.009189,0.100523 
2.437500,-0.000149,0.003530,0.095258 
2.437500,0.000129,0.001842,0.092312 
2.453125,-0.000330,0.000921,0.093319 
2.453125,-0.000089,-0.002733,0.097523 
2.453125,-0.000400,-0.007723,0.103678 
2.453125,-0.000839,-0.015076,0.111555 
2.468750,-0.000505,-0.021742,0.119525 
2.468750,-0.001031,-0.024300,0.126831 
2.468750,-0.001122,-0.023766,0.133497 
2.484375,-0.000442,-0.019128,0.138828 
2.484375,-0.000565,-0.011476,0.141206 
2.484375,-0.000400,-0.005370,0.139250 
2.484375,0.000122,-0.000358,0.133962 
2.500000,-0.000308,0.001834,0.129947 
2.500000,-0.000078,0.002814,0.130822 
2.500000,-0.000013,0.006787,0.135892 
2.500000,0.000147,0.011944,0.140337 
2.515625,0.000639,0.018756,0.140041 
2.515625,0.000637,0.025277,0.135388 
2.515625,0.000712,0.028601,0.128586 
2.515625,0.000790,0.027468,0.121738 
2.531250,0.000625,0.022666,0.114920 
2.531250,0.000386,0.015701,0.107941 
2.531250,-0.000013,0.009221,0.100545 
2.546875,-0.000162,0.003543,0.095258 
2.546875,0.000130,0.001835,0.092311 
2.546875,-0.000341,0.000936,0.093319 
2.546875,-0.000091,-0.002723,0.097514 
2.562500,-0.000407,-0.007711,0.103648 
2.562500,-0.000862,-0.015042,0.111513 
2.562500,-0.000494,-0.021730,0.119492 
2.562500,-0.001032,-0.024365,0.126813 
2.578125,-0.001148,-0.023771,0.133491 
2.578125,-0.000445,-0.019134,0.138815 
2.578125,-0.000567,-0.011504,0.141191 
2.578125,-0.000427,-0.005391,0.139250 
2.593750,0.000126,-0.000371,0.133984 
2.593750,-0.000331,0.001821,0.129974 
2.593750,-0.000087,0.002807,0.130805 
2.609375,-0.000003,0.006774,0.135856 
2.609375,0.000111,0.011918,0.140316 
2.609375,0.000638,0.018741,0.140067 
2.609375,0.000637,0.025256,0.135421 
2.625000,0.000680,0.028579,0.128608 
2.625000,0.000789,0.027483,0.121746 
2.625000,0.000624,0.022700,0.114936 
2.625000,0.000361,0.015740,0.107992 
2.640625,-0.000012,0.009233,0.100586 
2.640625,-0.000026,0.003925,0.094820 
2.640625,0.000122,0.001823,0.092300 
2.640625,-0.000346,0.000942,0.093315 
2.656250,-0.000085,-0.002696,0.097506 
2.656250,-0.000422,-0.007678,0.103615 
2.656250,-0.000869,-0.014955,0.111460 
2.671875,-0.000501,-0.021702,0.119421 
2.671875,-0.001044,-0.024385,0.126791 
2.671875,-0.001171,-0.023774,0.133487 
2.671875,-0.000441,-0.019146,0.138824 
2.687500,-0.000577,-0.011589,0.141196 
2.687500,-0.000464,-0.005389,0.139242 
2.687500,0.000135,-0.000370,0.134004 
2.687500,-0.000452,0.001465,0.130407 
2.703125,-0.000105,0.002815,0.130798 
2.703125,-0.000004,0.006755,0.135824 
2.703125,0.000074,0.011844,0.140304 
2.703125,0.000650,0.018725,0.140081 
2.718750,0.000628,0.025240,0.135449 
2.718750,0.000642,0.028547,0.128635 
2.718750,0.000799,0.027517,0.121758 
2.734375,0.000618,0.022742,0.114957 
2.734375,0.000347,0.015770,0.108029 
2.734375,0.000018,0.009262,0.100639 
2.734375,-0.000189,0.003567,0.095258 
2.750000,0.000108,0.001819,0.092304 
2.750000,-0.000340,0.000955,0.093313 
2.750000,-0.000100,-0.002696,0.097492 
2.750000,-0.000442,-0.007663,0.103574 
2.765625,-0.000874,-0.014920,0.111396 
2.765625,-0.000501,-0.021652,0.119399 
2.765625,-0.001054,-0.024410,0.126787 
2.765625,-0.001199,-0.023775,0.133484 
2.781250,-0.000436,-0.019149,0.138812 
2.781250,-0.000574,-0.011634,0.141179 
2.781250,-0.000420,-0.005130,0.138847 
2.796875,0.000137,-0.000372,0.134033 
2.796875,-0.000357,0.001774,0.130031 
2.796875,-0.000102,0.002803,0.130778 
2.796875,-0.000032,0.006718,0.135786 
2.812500,0.000071,0.011815,0.140296 
2.812500,0.000662,0.018688,0.140110 
2.812500,0.000616,0.025212,0.135476 
2.812500,0.000636,0.028540,0.128651 
2.828125,0.000805,0.027516,0.121767 
2.828125,0.000609,0.022756,0.114973 
2.828125,0.000362,0.015792,0.108060 
2.828125,0.000025,0.009263,0.100684 
2.843750,-0.000066,0.003944,0.094833 
2.843750,0.000118,0.001823,0.092290 
2.843750,-0.000350,0.000942,0.093306 
2.859375,-0.000127,-0.002623,0.097460 
2.859375,-0.000571,-0.007954,0.103978 
2.859375,-0.000889,-0.014909,0.111361 
2.859375,-0.000514,-0.021668,0.119349 
2.875000,-0.001054,-0.024431,0.126764 
2.875000,-0.001213,-0.023766,0.133481 
2.875000,-0.000433,-0.019150,0.138822 
2.875000,-0.000545,-0.011707,0.141181 
2.890625,-0.000423,-0.005157,0.138844 
2.890625,0.000147,-0.000379,0.134048 
2.890625,-0.000367,0.001750,0.130058 
2.890625,-0.000104,0.002810,0.130781 
2.906250,-0.000034,0.006730,0.135761 
2.906250,0.000055,0.011794,0.140284 
2.906250,0.000665,0.018665,0.140114 
2.921875,0.000627,0.025186,0.135507 
2.921875,0.000614,0.028536,0.128682 
2.921875,0.000807,0.027516,0.121773 
2.921875,0.000614,0.022775,0.114980 
2.937500,0.000352,0.015811,0.108092 
2.937500,0.000023,0.009266,0.100738 
2.937500,-0.000083,0.003936,0.094855 
2.937500,0.000083,0.001843,0.092255 
2.953125,-0.000331,0.001000,0.093281 
2.953125,-0.000147,-0.002655,0.097479 
2.953125,-0.000581,-0.007948,0.103962 
2.953125,-0.000872,-0.014878,0.111331 
2.968750,-0.000560,-0.021684,0.119308 
2.968750,-0.001026,-0.024412,0.126726 
2.968750,-0.001178,-0.023726,0.133453 
2.984375,-0.000494,-0.019186,0.138821 
2.984375,-0.000541,-0.011721,0.141203 
2.984375,-0.000394,-0.005186,0.138873 
2.984375,0.000113,-0.000444,0.134054 
3.000000,-0.000335,0.001748,0.130054 
3.000000,-0.000135,0.002771,0.130788 
3.000000,-0.000047,0.006705,0.135760 
3.000000,0.000080,0.011768,0.140279 
3.015625,0.000615,0.018629,0.140107 
3.015625,0.000641,0.025144,0.135520 
3.015625,0.000642,0.028540,0.128707 
3.015625,0.000772,0.027504,0.121824 
3.031250,0.000621,0.022777,0.115032 
3.031250,0.000344,0.015841,0.108101 
3.031250,-0.000036,0.009314,0.100746 
3.046875,-0.000073,0.003971,0.094871 
3.046875,0.000117,0.001833,0.092278 
3.046875,-0.000382,0.000930,0.093289 
3.046875,-0.000318,-0.002853,0.097841 
3.062500,-0.000539,-0.007935,0.103927 
3.062500,-0.000915,-0.014866,0.111290 
3.062500,-0.000527,-0.021637,0.119293 
3.062500,-0.001006,-0.024384,0.126723 
3.078125,-0.001243,-0.023762,0.133443 
3.078125,-0.000460,-0.019183,0.138790 
3.078125,-0.000548,-0.011738,0.141191 
3.078125,-0.000511,-0.005515,0.139296 
3.093750,0.000161,-0.000455,0.134095 
3.093750,-0.000363,0.001724,0.130074 
3.093750,-0.000143,0.002742,0.130774 
3.109375,-0.000109,0.006409,0.136139 
3.109375,0.000036,0.011734,0.140273 
3.109375,0.000634,0.018597,0.140128 
3.109375,0.000654,0.025146,0.135543 
3.125000,0.000607,0.028512,0.128721 
3.125000,0.000797,0.027510,0.121832 
3.125000,0.000623,0.022827,0.115056 
3.125000,0.000291,0.015877,0.108169 
3.140625,0.000005,0.009364,0.100780 
3.140625,-0.000090,0.004010,0.094863 
3.140625,0.000087,0.001871,0.092247 
3.140625,-0.000359,0.000953,0.093286 
3.156250,-0.000333,-0.002836,0.097837 
3.156250,-0.000530,-0.007898,0.103907 
3.156250,-0.000755,-0.014567,0.110842 
3.171875,-0.000539,-0.021637,0.119253 
3.171875,-0.001026,-0.024320,0.126701 
3.171875,-0.001200,-0.023820,0.133421 
3.171875,-0.000499,-0.019284,0.138792 
3.187500,-0.000551,-0.011731,0.141182 
3.187500,-0.000482,-0.005555,0.139310 
3.187500,0.000114,-0.000487,0.134120 
3.187500,-0.000350,0.001777,0.130095 
3.203125,-0.000125,0.002716,0.130757 
3.203125,-0.000146,0.006404,0.136108 
3.203125,0.000076,0.011730,0.140251 
3.203125,0.000632,0.018549,0.140144 
3.218750,0.000629,0.025139,0.135575 
3.218750,0.000653,0.028496,0.128748 
3.218750,0.000775,0.027480,0.121865 
3.234375,0.000599,0.022857,0.115073 
3.234375,0.000314,0.015915,0.108196 
3.234375,-0.000037,0.009369,0.100797 
3.234375,-0.000079,0.004020,0.094867 
3.250000,0.000099,0.001879,0.092253 
3.250000,-0.000396,0.000961,0.093283 
3.250000,-0.000315,-0.002818,0.097819 
3.250000,-0.000509,-0.007901,0.103890 
3.265625,-0.000887,-0.014828,0.111220 
3.265625,-0.000515,-0.021499,0.119207 
3.265625,-0.000909,-0.024114,0.126273 
3.265625,-0.001219,-0.023835,0.133418 
3.281250,-0.000499,-0.019255,0.138777 
3.281250,-0.000555,-0.011769,0.141183 
3.281250,-0.000501,-0.005574,0.139328 
3.296875,0.000108,-0.000456,0.134136 
3.296875,-0.000315,0.001733,0.130129 
3.296875,-0.000141,0.002707,0.130749 
3.296875,-0.000052,0.006713,0.135671 
3.312500,0.000131,0.011598,0.140243 
3.312500,0.000613,0.018521,0.140157 
3.312500,0.000651,0.025165,0.135608 
3.312500,0.000660,0.028454,0.128772 
3.328125,0.000760,0.027490,0.121882 
3.328125,0.000619,0.022908,0.115091 
3.328125,0.000318,0.015906,0.108232 
3.328125,-0.000053,0.009416,0.100830 
3.343750,-0.000059,0.004077,0.094884 
3.343750,0.000094,0.001834,0.092246 
3.343750,-0.000397,0.000985,0.093257 
3.359375,-0.000292,-0.002811,0.097813 
3.359375,-0.000512,-0.007930,0.103886 
3.359375,-0.000885,-0.014743,0.111168 
3.359375,-0.000500,-0.021565,0.119165 
3.375000,-0.001026,-0.024412,0.126656 
3.375000,-0.001228,-0.023781,0.133389 
3.375000,-0.000488,-0.019284,0.138771 
3.375000,-0.000512,-0.011603,0.140801 
3.390625,-0.000507,-0.005546,0.139337 
3.390625,0.000107,-0.000493,0.134150 
3.390625,-0.000435,0.001357,0.130549 
3.390625,-0.000128,0.002738,0.130743 
3.406250,-0.000150,0.006377,0.136073 
3.406250,0.000090,0.011623,0.140232 
3.406250,0.000617,0.018495,0.140151 
3.421875,0.000638,0.025109,0.135623 
3.421875,0.000663,0.028465,0.128814 
3.421875,0.000761,0.027497,0.121916 
3.421875,0.000626,0.022880,0.115147 
3.437500,0.000323,0.015958,0.108257 
3.437500,-0.000062,0.009439,0.100857 
3.437500,-0.000064,0.004054,0.094898 
3.437500,0.000095,0.001854,0.092240 
3.453125,-0.000398,0.000968,0.093259 
3.453125,-0.000143,-0.002484,0.097369 
3.453125,-0.000393,-0.007528,0.103419 
3.453125,-0.000885,-0.014753,0.111144 
3.468750,-0.000501,-0.021585,0.119134 
3.468750,-0.001012,-0.024327,0.126620 
3.468750,-0.001224,-0.023800,0.133377 
3.484375,-0.000496,-0.019354,0.138777 
3.484375,-0.000518,-0.011579,0.140806 
3.484375,-0.000512,-0.005563,0.139342 
3.484375,0.000104,-0.000543,0.134166 
3.500000,-0.000353,0.001758,0.130149 
3.500000,-0.000131,0.002695,0.130742 
3.500000,-0.000079,0.006625,0.135638 
3.500000,0.000079,0.011641,0.140216 
3.515625,0.000619,0.018436,0.140167 
3.515625,0.000610,0.025077,0.135652 
3.515625,0.000653,0.028481,0.128844 
3.515625,0.000775,0.027496,0.121941 
3.531250,0.000601,0.022891,0.115175 
3.531250,0.000333,0.016011,0.108287 
3.531250,-0.000036,0.009500,0.100892 
3.546875,-0.000075,0.004065,0.094901 
3.546875,0.000095,0.001844,0.092223 
3.546875,-0.000406,0.000965,0.093259 
3.546875,-0.000154,-0.002456,0.097372 
3.562500,-0.000388,-0.007512,0.103399 
3.562500,-0.000904,-0.014751,0.111101 
3.562500,-0.000521,-0.021558,0.119078 
3.562500,-0.000999,-0.024312,0.126600 
3.578125,-0.001238,-0.023817,0.133371 
3.578125,-0.000499,-0.019380,0.138776 
3.578125,-0.000503,-0.011597,0.140807 
3.578125,-0.000444,-0.005333,0.138949 
3.593750,0.000109,-0.000543,0.134180 
3.593750,-0.000353,0.001752,0.130174 
3.593750,-0.000144,0.002665,0.130740 
3.609375,-0.000074,0.006618,0.135610 
3.609375,0.000058,0.011628,0.140187 
3.609375,0.000611,0.018381,0.140178 
3.609375,0.000614,0.025068,0.135701 
3.625000,0.000637,0.028486,0.128892 
3.625000,0.000785,0.027497,0.121953 
3.625000,0.000618,0.022918,0.115188 
3.625000,0.000337,0.016052,0.108294 
3.640625,-0.000028,0.009513,0.100945 
3.640625,-0.000217,0.003744,0.095379 
3.640625,-0.000045,0.001528,0.092636 
3.640625,-0.000386,0.000967,0.093234 
3.656250,-0.000176,-0.002417,0.097341 
3.656250,-0.000401,-0.007495,0.103376 
3.656250,-0.000897,-0.014742,0.111088 
3.671875,-0.000537,-0.021526,0.119052 
3.671875,-0.001007,-0.024299,0.126570 
3.671875,-0.001221,-0.023896,0.133341 
3.671875,-0.000515,-0.019394,0.138760 
3.687500,-0.000500,-0.011616,0.140815 
3.687500,-0.000495,-0.005665,0.139379 
3.687500,0.000104,-0.000550,0.134209 
3.687500,-0.000334,0.001746,0.130174 
3.703125,-0.000135,0.002620,0.130734 
3.703125,-0.000084,0.006607,0.135593 
3.703125,0.000088,0.011578,0.140171 
3.703125,0.000598,0.018332,0.140188 
3.718750,0.000610,0.025029,0.135724 
3.718750,0.000653,0.028497,0.128931 
3.718750,0.000770,0.027490,0.121974 
3.734375,0.000625,0.022939,0.115209 
3.734375,0.000360,0.016076,0.108328 
3.734375,-0.000183,0.009114,0.101428 
3.734375,-0.000216,0.003762,0.095386 
3.750000,0.000091,0.001866,0.092198 
3.750000,-0.000393,0.000957,0.093220 
3.750000,-0.000180,-0.002392,0.097320 
3.750000,-0.000531,-0.007781,0.103761 
3.765625,-0.000884,-0.014747,0.111058 
3.765625,-0.000544,-0.021488,0.119021 
3.765625,-0.001028,-0.024275,0.126534 
3.765625,-0.001202,-0.023938,0.133317 
3.781250,-0.000521,-0.019419,0.138742 
3.781250,-0.000501,-0.011644,0.140810 
3.781250,-0.000393,-0.005451,0.138989 
3.796875,0.000098,-0.000559,0.134231 
3.796875,-0.000312,0.001727,0.130188 
3.796875,-0.000114,0.002599,0.130724 
3.796875,-0.000172,0.006256,0.135969 
3.812500,0.000108,0.011554,0.140154 
3.812500,0.000600,0.018297,0.140203 
3.812500,0.000604,0.025011,0.135745 
3.812500,0.000680,0.028501,0.128975 
3.828125,0.000757,0.027488,0.121987 
3.828125,0.000617,0.022959,0.115224 
3.828125,0.000389,0.016105,0.108359 
3.828125,-0.000060,0.009498,0.101042 
3.843750,-0.000215,0.003778,0.095399 
3.843750,-0.000034,0.001543,0.092606 
3.843750,-0.000415,0.000962,0.093202 
3.859375,-0.000174,-0.002379,0.097316 
3.859375,-0.000513,-0.007790,0.103754 
3.859375,-0.000783,-0.014407,0.110601 
3.859375,-0.000530,-0.021387,0.118952 
3.875000,-0.001021,-0.024322,0.126491 
3.875000,-0.001225,-0.023973,0.133300 
3.875000,-0.000513,-0.019407,0.138748 
3.875000,-0.000570,-0.011957,0.141218 
3.890625,-0.000391,-0.005507,0.138983 
3.890625,0.000115,-0.000563,0.134238 
3.890625,-0.000311,0.001695,0.130212 
3.890625,-0.000108,0.002576,0.130731 
3.906250,-0.000164,0.006249,0.135942 
3.906250,0.000112,0.011505,0.140129 
3.906250,0.000611,0.018279,0.140208 
3.921875,0.000609,0.024996,0.135791 
3.921875,0.000689,0.028470,0.129015 
3.921875,0.000762,0.027506,0.122001 
3.921875,0.000581,0.023049,0.115233 
3.937500,0.000409,0.016104,0.108384 
3.937500,-0.000183,0.009209,0.101513 
3.937500,-0.000228,0.003794,0.095421 
3.937500,-0.000019,0.001530,0.092591 
3.953125,-0.000416,0.000963,0.093182 
3.953125,-0.000168,-0.002393,0.097308 
3.953125,-0.000481,-0.007763,0.103746 
3.953125,-0.000896,-0.014623,0.110987 
3.968750,-0.000543,-0.021414,0.118920 
3.968750,-0.001002,-0.024320,0.126462 
3.968750,-0.001238,-0.023964,0.133276 
3.984375,-0.000506,-0.019453,0.138742 
3.984375,-0.000555,-0.011981,0.141219 
3.984375,-0.000401,-0.005504,0.138989 
3.984375,0.000126,-0.000608,0.134259 
4.000000,-0.000300,0.001704,0.130226 
4.000000,-0.000114,0.002572,0.130726 
4.000000,-0.000054,0.006538,0.135505 
4.000000,0.000117,0.011486,0.140122 
4.015625,0.000606,0.018257,0.140219 
4.015625,0.000618,0.024973,0.135818 
4.015625,0.000687,0.028474,0.129047 
4.015625,0.000763,0.027522,0.122030 
4.031250,0.000595,0.023093,0.115266 
4.031250,0.000405,0.016141,0.108401 
4.031250,-0.000037,0.009522,0.101118 
4.046875,-0.000207,0.003793,0.095436 
4.046875,-0.000027,0.001553,0.092593 
4.046875,-0.000389,0.000967,0.093172 
4.046875,-0.000135,-0.002401,0.097290 
4.062500,-0.000500,-0.007708,0.103714 
4.062500,-0.000891,-0.014619,0.110963 
4.062500,-0.000526,-0.021405,0.118902 
4.062500,-0.001008,-0.024303,0.126451 
4.078125,-0.001207,-0.024005,0.133258 
4.078125,-0.000477,-0.019537,0.138718 
4.078125,-0.000558,-0.011996,0.141213 
4.078125,-0.000404,-0.005549,0.139003 
4.093750,0.000125,-0.000612,0.134292 
4.093750,-0.000293,0.001700,0.130244 
4.093750,-0.000113,0.002551,0.130711 
4.109375,-0.000056,0.006514,0.135479 
4.109375,0.000124,0.011456,0.140114 
4.109375,0.000595,0.018218,0.140242 
4.109375,0.000624,0.024974,0.135848 
4.125000,0.000684,0.028455,0.129070 
4.125000,0.000748,0.027533,0.122031 
4.125000,0.000602,0.023121,0.115273 
4.125000,0.000415,0.016124,0.108453 
4.140625,-0.000027,0.009523,0.101167 
4.140625,-0.000054,0.004186,0.095007 
4.140625,-0.000042,0.001557,0.092571 
4.140625,-0.000371,0.000972,0.093165 
4.156250,-0.000130,-0.002369,0.097287 
4.156250,-0.000520,-0.007701,0.103702 
4.156250,-0.000882,-0.014599,0.110920 
4.171875,-0.000533,-0.021395,0.118862 
4.171875,-0.001013,-0.024296,0.126426 
4.171875,-0.001096,-0.023738,0.132839 
4.171875,-0.000494,-0.019586,0.138727 
4.187500,-0.000559,-0.012032,0.141216 
4.187500,-0.000401,-0.005558,0.139010 
4.187500,0.000106,-0.000647,0.134312 
4.187500,-0.000280,0.001696,0.130263 
4.203125,-0.000133,0.002538,0.130703 
4.203125,-0.000048,0.006477,0.135456 
4.203125,0.000122,0.011427,0.140101 
4.203125,0.000562,0.018201,0.140259 
4.218750,0.000644,0.024940,0.135880 
4.218750,0.000678,0.028464,0.129103 
4.218750,0.000725,0.027558,0.122046 
4.234375,0.000625,0.023138,0.115289 
4.234375,0.000411,0.016142,0.108482 
4.234375,-0.000038,0.009544,0.101206 
4.234375,-0.000022,0.004195,0.095031 
4.250000,-0.000065,0.001567,0.092567 
4.250000,-0.000508,0.000648,0.093582 
4.250000,-0.000115,-0.002349,0.097272 
4.250000,-0.000556,-0.007682,0.103675 
4.265625,-0.000865,-0.014584,0.110890 
4.265625,-0.000514,-0.021388,0.118831 
4.265625,-0.001038,-0.024287,0.126407 
4.265625,-0.001085,-0.023728,0.132831 
4.281250,-0.000478,-0.019603,0.138719 
4.281250,-0.000588,-0.012061,0.141216 
4.281250,-0.000379,-0.005549,0.139019 
4.296875,0.000100,-0.000660,0.134341 
4.296875,-0.000303,0.001672,0.130278 
4.296875,-0.000099,0.002549,0.130688 
4.296875,-0.000068,0.006457,0.135428 
4.312500,0.000117,0.011393,0.140109 
4.312500,0.000565,0.018180,0.140285 
4.312500,0.000630,0.024911,0.135901 
4.312500,0.000686,0.028457,0.129119 
4.328125,0.000731,0.027584,0.122052 
4.328125,0.000596,0.023128,0.115327 
4.328125,0.000413,0.016152,0.108541 
4.328125,-0.000027,0.009592,0.101245 
4.343750,-0.000045,0.004191,0.095045 
4.343750,0.000101,0.001902,0.092113 
4.343750,-0.000514,0.000656,0.093576 
4.359375,-0.000139,-0.002350,0.097274 
4.359375,-0.000530,-0.007668,0.103662 
4.359375,-0.000883,-0.014550,0.110847 
4.359375,-0.000507,-0.021395,0.118797 
4.375000,-0.001029,-0.024209,0.126362 
4.375000,-0.001096,-0.023712,0.132816 
4.375000,-0.000458,-0.019658,0.138717 
4.375000,-0.000596,-0.012067,0.141215 
4.390625,-0.000392,-0.005580,0.139030 
4.390625,0.000114,-0.000689,0.134361 
4.390625,-0.000322,0.001703,0.130295 
4.390625,-0.000088,0.002515,0.130682 
4.406250,-0.000068,0.006434,0.135401 
4.406250,0.000100,0.011386,0.140091 
4.406250,0.000575,0.018129,0.140306 
4.421875,0.000637,0.024886,0.135933 
4.421875,0.000686,0.028434,0.129166 
4.421875,0.000744,0.027571,0.122064 
4.421875,0.000615,0.023161,0.115347 
4.437500,0.000417,0.016182,0.108572 
4.437500,-0.000013,0.009613,0.101288 
4.437500,-0.000029,0.004222,0.095065 
4.437500,0.000112,0.001866,0.092102 
4.453125,-0.000502,0.000673,0.093561 
4.453125,-0.000262,-0.002669,0.097687 
4.453125,-0.000516,-0.007673,0.103652 
4.453125,-0.000876,-0.014516,0.110823 
4.468750,-0.000514,-0.021339,0.118765 
4.468750,-0.001039,-0.024199,0.126339 
4.468750,-0.001165,-0.023979,0.133195 
4.484375,-0.000471,-0.019649,0.138711 
4.484375,-0.000599,-0.012072,0.141222 
4.484375,-0.000451,-0.005943,0.139434 
4.484375,0.000098,-0.000675,0.134371 
4.500000,-0.000320,0.001691,0.130312 
4.500000,-0.000063,0.002441,0.130674 
4.500000,-0.000082,0.006450,0.135377 
4.500000,0.000111,0.011339,0.140088 
4.515625,0.000573,0.018087,0.140323 
4.515625,0.000638,0.024883,0.135954 
4.515625,0.000701,0.028404,0.129184 
4.515625,0.000746,0.027580,0.122084 
4.531250,0.000614,0.023207,0.115358 
4.531250,0.000411,0.016243,0.108593 
4.531250,-0.000005,0.009632,0.101320 
4.546875,-0.000146,0.003918,0.095528 
4.546875,0.000120,0.001851,0.092110 
4.546875,-0.000494,0.000660,0.093561 
4.546875,-0.000109,-0.002299,0.097246 
4.562500,-0.000366,-0.007314,0.103186 
4.562500,-0.000871,-0.014418,0.110777 
4.562500,-0.000514,-0.021258,0.118711 
4.562500,-0.001016,-0.024226,0.126320 
4.578125,-0.001178,-0.024038,0.133191 
4.578125,-0.000480,-0.019630,0.138703 
4.578125,-0.000582,-0.012112,0.141230 
4.578125,-0.000389,-0.005657,0.139047 
4.593750,0.000112,-0.000664,0.134388 
4.593750,-0.000310,0.001670,0.130326 
4.593750,-0.000076,0.002449,0.130665 
4.609375,-0.000070,0.006436,0.135355 
4.609375,0.000097,0.011294,0.140077 
4.609375,0.000571,0.018059,0.140329 
4.609375,0.000663,0.024847,0.135972 
4.625000,0.000686,0.028375,0.129214 
4.625000,0.000747,0.027590,0.122109 
4.625000,0.000625,0.023207,0.115396 
4.625000,0.000386,0.016280,0.108636 
4.640625,-0.000014,0.009672,0.101350 
4.640625,-0.000145,0.003922,0.095539 
4.640625,0.000116,0.001894,0.092111 
4.640625,-0.000480,0.000679,0.093560 
4.656250,-0.000240,-0.002649,0.097659 
4.656250,-0.000487,-0.007496,0.103574 
4.656250,-0.000876,-0.014382,0.110741 
4.671875,-0.000497,-0.021275,0.118689 
4.671875,-0.001008,-0.024197,0.126307 
4.671875,-0.001186,-0.023978,0.133161 
4.671875,-0.000461,-0.019715,0.138683 
4.687500,-0.000583,-0.012125,0.141223 
4.687500,-0.000402,-0.005649,0.139058 
4.687500,0.000129,-0.000685,0.134409 
4.687500,-0.000312,0.001690,0.130336 
4.703125,-0.000072,0.002441,0.130663 
4.703125,-0.000032,0.006348,0.135338 
4.703125,0.000086,0.011293,0.140057 
4.703125,0.000576,0.018028,0.140332 
4.718750,0.000664,0.024805,0.135990 
4.718750,0.000678,0.028372,0.129243 
4.718750,0.000754,0.027586,0.122128 
4.734375,0.000625,0.023222,0.115417 
4.734375,0.000368,0.016311,0.108664 
4.734375,-0.000041,0.009727,0.101391 
4.734375,-0.000146,0.003928,0.095558 
4.750000,0.000114,0.001923,0.092106 
4.750000,-0.000473,0.000684,0.093552 
4.750000,-0.000253,-0.002631,0.097639 
4.750000,-0.000375,-0.007209,0.103122 
4.765625,-0.000857,-0.014394,0.110703 
4.765625,-0.000528,-0.021236,0.118648 
4.765625,-0.001020,-0.024167,0.126284 
4.765625,-0.001169,-0.024050,0.133129 
4.781250,-0.000482,-0.019729,0.138675 
4.781250,-0.000588,-0.012133,0.141230 
4.781250,-0.000371,-0.005686,0.139073 
4.796875,0.000115,-0.000700,0.134418 
4.796875,-0.000301,0.001701,0.130361 
4.796875,-0.000062,0.002434,0.130654 
4.796875,-0.000063,0.006352,0.135281 
4.812500,0.000096,0.011269,0.140043 
4.812500,0.000571,0.017995,0.140351 
4.812500,0.000641,0.024776,0.136034 
4.812500,0.000718,0.028375,0.129284 
4.828125,0.000733,0.027627,0.122142 
4.828125,0.000610,0.023228,0.115441 
4.828125,0.000383,0.016356,0.108684 
4.828125,-0.000060,0.009754,0.101451 
4.843750,-0.000155,0.003937,0.095580 
4.843750,0.000125,0.001918,0.092087 
4.843750,-0.000490,0.000692,0.093543 
4.859375,-0.000130,-0.002254,0.097210 
4.859375,-0.000346,-0.007188,0.103116 
4.859375,-0.000875,-0.014342,0.110675 
4.859375,-0.000528,-0.021205,0.118597 
4.875000,-0.000987,-0.024179,0.126248 
4.875000,-0.001189,-0.024050,0.133126 
4.875000,-0.000481,-0.019741,0.138680 
4.875000,-0.000576,-0.012157,0.141235 
4.890625,-0.000398,-0.005700,0.139066 
4.890625,0.000129,-0.000699,0.134417 
4.890625,-0.000291,0.001701,0.130391 
4.890625,-0.000095,0.002484,0.130679 
4.906250,-0.000040,0.006330,0.135260 
4.906250,0.000079,0.011234,0.140004 
4.906250,0.000568,0.017973,0.140345 
4.921875,0.000650,0.024743,0.136081 
4.921875,0.000663,0.028376,0.129338 
4.921875,0.000762,0.027595,0.122179 
4.921875,0.000617,0.023244,0.115461 
4.937500,0.000379,0.016383,0.108714 
4.937500,-0.000182,0.009421,0.101924 
4.937500,-0.000041,0.004323,0.095165 
4.937500,0.000117,0.001908,0.092059 
4.953125,-0.000338,0.001058,0.093089 
4.953125,-0.000137,-0.002234,0.097208 
4.953125,-0.000337,-0.007162,0.103103 
4.953125,-0.000749,-0.013991,0.110219 
4.968750,-0.000530,-0.021194,0.118545 
4.968750,-0.000956,-0.024182,0.126207 
4.968750,-0.001195,-0.024033,0.133094 
4.984375,-0.000482,-0.019761,0.138689 
4.984375,-0.000557,-0.012180,0.141252 
4.984375,-0.000411,-0.005701,0.139073 
4.984375,0.000135,-0.000718,0.134423 
5.000000,-0.000279,0.001702,0.130406 
5.000000,-0.000108,0.002478,0.130685 
5.000000,-0.000026,0.006315,0.135250 
5.000000,0.000078,0.011220,0.139982 
5.015625,0.000558,0.017960,0.140346 
5.015625,0.000654,0.024709,0.136120 
5.015625,0.000644,0.028393,0.129386 
5.015625,0.000766,0.027605,0.122208 
5.031250,0.000620,0.023246,0.115476 
5.031250,0.000382,0.016424,0.108720 
5.031250,-0.000029,0.009820,0.101554 
5.046875,-0.000045,0.004346,0.095205 
5.046875,0.000118,0.001927,0.092050 
5.046875,-0.000324,0.001067,0.093052 
5.046875,-0.000136,-0.002231,0.097190 
5.062500,-0.000329,-0.007136,0.103104 
5.062500,-0.000853,-0.014243,0.110611 
5.062500,-0.000406,-0.020880,0.118088 
5.062500,-0.000945,-0.024125,0.126169 
5.078125,-0.001189,-0.024027,0.133067 
5.078125,-0.000443,-0.019797,0.138666 
5.078125,-0.000556,-0.012194,0.141253 
5.078125,-0.000403,-0.005731,0.139101 
5.093750,0.000139,-0.000741,0.134451 
5.093750,-0.000288,0.001704,0.130410 
5.093750,-0.000092,0.002477,0.130676 
5.109375,-0.000027,0.006297,0.135236 
5.109375,0.000072,0.011209,0.139973 
5.109375,0.000572,0.017934,0.140359 
5.109375,0.000643,0.024683,0.136141 
5.125000,0.000646,0.028408,0.129428 
5.125000,0.000771,0.027631,0.122230 
5.125000,0.000608,0.023273,0.115499 
5.125000,0.000387,0.016461,0.108750 
5.140625,-0.000142,0.009525,0.102022 
5.140625,-0.000055,0.004369,0.095219 
5.140625,0.000125,0.001939,0.092033 
5.140625,-0.000322,0.001085,0.093034 
5.156250,-0.000148,-0.002227,0.097194 
5.156250,-0.000306,-0.007085,0.103089 
5.156250,-0.000833,-0.014152,0.110567 
5.171875,-0.000506,-0.021142,0.118450 
5.171875,-0.000933,-0.024112,0.126141 
5.171875,-0.001178,-0.024025,0.133056 
5.171875,-0.000440,-0.019814,0.138671 
5.187500,-0.000543,-0.012206,0.141253 
5.187500,-0.000381,-0.005747,0.139103 
5.187500,0.000154,-0.000786,0.134464 
5.187500,-0.000286,0.001715,0.130430 
5.203125,-0.000063,0.002440,0.130685 
5.203125,-0.000033,0.006274,0.135214 
5.203125,0.000068,0.011189,0.139954 
5.203125,0.000603,0.017851,0.140363 
5.218750,0.000654,0.024640,0.136177 
5.218750,0.000650,0.028411,0.129474 
5.218750,0.000772,0.027651,0.122250 
5.234375,0.000616,0.023301,0.115516 
5.234375,0.000395,0.016485,0.108771 
5.234375,-0.000142,0.009563,0.102056 
5.234375,-0.000048,0.004398,0.095249 
5.250000,0.000123,0.001965,0.092022 
5.250000,-0.000323,0.001121,0.093006 
5.250000,-0.000126,-0.002216,0.097186 
5.250000,-0.000309,-0.007039,0.103075 
5.265625,-0.000828,-0.014134,0.110547 
5.265625,-0.000497,-0.021131,0.118410 
5.265625,-0.000926,-0.024076,0.126088 
5.265625,-0.001159,-0.024038,0.133037 
5.281250,-0.000442,-0.019891,0.138667 
5.281250,-0.000535,-0.012201,0.141263 
5.281250,-0.000349,-0.005799,0.139111 
5.296875,0.000142,-0.000821,0.134469 
5.296875,-0.000287,0.001741,0.130436 
5.296875,-0.000051,0.002424,0.130682 
5.296875,-0.000044,0.006265,0.135187 
5.312500,0.000080,0.011180,0.139929 
5.312500,0.000603,0.017822,0.140373 
5.312500,0.000653,0.024615,0.136213 
5.312500,0.000667,0.028412,0.129519 
5.328125,0.000772,0.027663,0.122272 
5.328125,0.000605,0.023317,0.115530 
5.328125,0.000408,0.016526,0.108785 
5.328125,-0.000003,0.009928,0.101668 
5.343750,-0.000042,0.004422,0.095271 
5.343750,0.000142,0.001978,0.092011 
5.343750,-0.000322,0.001154,0.092985 
5.359375,-0.000116,-0.002193,0.097180 
5.359375,-0.000291,-0.006992,0.103053 
5.359375,-0.000831,-0.014114,0.110515 
5.359375,-0.000499,-0.021120,0.118353 
5.375000,-0.000920,-0.024057,0.126037 
5.375000,-0.001150,-0.024043,0.133013 
5.375000,-0.000449,-0.019910,0.138654 
5.375000,-0.000458,-0.011947,0.140875 
5.390625,-0.000347,-0.005832,0.139128 
5.390625,0.000132,-0.000828,0.134482 
5.390625,-0.000282,0.001750,0.130446 
5.390625,-0.000049,0.002412,0.130672 
5.406250,-0.000053,0.006271,0.135162 
5.406250,0.000074,0.011167,0.139911 
5.406250,0.000581,0.017834,0.140396 
5.421875,0.000650,0.024592,0.136237 
5.421875,0.000673,0.028407,0.129552 
5.421875,0.000721,0.027735,0.122314 
5.421875,0.000611,0.023342,0.115548 
5.437500,0.000411,0.016555,0.108812 
5.437500,-0.000009,0.009957,0.101696 
5.437500,-0.000035,0.004461,0.095289 
5.437500,0.000144,0.001978,0.092005 
5.453125,-0.000307,0.001194,0.092948 
5.453125,-0.000118,-0.002179,0.097162 
5.453125,-0.000420,-0.007285,0.103471 
5.453125,-0.000722,-0.013769,0.110054 
5.468750,-0.000507,-0.021116,0.118312 
5.468750,-0.000921,-0.024058,0.125998 
5.468750,-0.001146,-0.024023,0.132995 
5.484375,-0.000460,-0.019939,0.138655 
5.484375,-0.000469,-0.011995,0.140875 
5.484375,-0.000364,-0.005777,0.139126 
5.484375,0.000124,-0.000852,0.134492 
5.500000,-0.000289,0.001758,0.130466 
5.500000,-0.000058,0.002428,0.130671 
5.500000,-0.000066,0.006226,0.135129 
5.500000,0.000055,0.011174,0.139879 
5.515625,0.000575,0.017816,0.140411 
5.515625,0.000655,0.024559,0.136275 
5.515625,0.000659,0.028414,0.129605 
5.515625,0.000717,0.027743,0.122339 
5.531250,0.000613,0.023353,0.115555 
5.531250,0.000420,0.016595,0.108833 
5.531250,-0.000014,0.009988,0.101739 
5.546875,-0.000051,0.004444,0.095332 
5.546875,0.000137,0.002004,0.091994 
5.546875,-0.000462,0.000846,0.093356 
5.546875,-0.000123,-0.002162,0.097151 
5.562500,-0.000416,-0.007254,0.103440 
5.562500,-0.000733,-0.013731,0.110016 
5.562500,-0.000518,-0.021113,0.118270 
5.562500,-0.000911,-0.024113,0.125957 
5.578125,-0.001173,-0.024005,0.132973 
5.578125,-0.000464,-0.019960,0.138645 
5.578125,-0.000546,-0.012345,0.141291 
5.578125,-0.000375,-0.005765,0.139131 
5.593750,0.000040,-0.001201,0.134894 
5.593750,-0.000285,0.001739,0.130471 
5.593750,-0.000083,0.002486,0.130678 
5.609375,-0.000052,0.006190,0.135108 
5.609375,0.000032,0.011166,0.139837 
5.609375,0.000566,0.017822,0.140404 
5.609375,0.000669,0.024527,0.136306 
5.625000,0.000654,0.028425,0.129654 
5.625000,0.000748,0.027785,0.122383 
5.625000,0.000608,0.023346,0.115575 
5.625000,0.000419,0.016619,0.108830 
5.640625,0.000013,0.010021,0.101768 
5.640625,-0.000074,0.004433,0.095380 
5.640625,0.000142,0.002005,0.091996 
5.640625,-0.000447,0.000861,0.093333 
5.656250,-0.000152,-0.002170,0.097126 
5.656250,-0.000406,-0.007223,0.103429 
5.656250,-0.000735,-0.013706,0.109996 
5.671875,-0.000416,-0.020817,0.117809 
5.671875,-0.000886,-0.024072,0.125899 
5.671875,-0.001185,-0.023997,0.132946 
5.671875,-0.000483,-0.020006,0.138630 
5.687500,-0.000519,-0.012374,0.141297 
5.687500,-0.000392,-0.005772,0.139149 
5.687500,0.000040,-0.001228,0.134904 
5.687500,-0.000278,0.001744,0.130475 
5.703125,-0.000107,0.002471,0.130685 
5.703125,-0.000030,0.006173,0.135092 
5.703125,0.000035,0.011140,0.139803 
5.703125,0.000552,0.017797,0.140407 
5.718750,0.000697,0.024517,0.136340 
5.718750,0.000666,0.028441,0.129705 
5.718750,0.000742,0.027790,0.122417 
5.734375,0.000643,0.023365,0.115599 
5.734375,0.000419,0.016637,0.108844 
5.734375,0.000024,0.010028,0.101819 
5.734375,-0.000193,0.004101,0.095870 
5.750000,0.000136,0.002002,0.091982 
5.750000,-0.000293,0.001232,0.092847 
5.750000,-0.000141,-0.002164,0.097107 
5.750000,-0.000411,-0.007224,0.103432 
5.765625,-0.000848,-0.013947,0.110400 
5.765625,-0.000518,-0.021076,0.118168 
5.765625,-0.000884,-0.024072,0.125855 
5.765625,-0.001174,-0.023979,0.132914 
5.781250,-0.000490,-0.020044,0.138628 
5.781250,-0.000516,-0.012427,0.141318 
5.781250,-0.000377,-0.005772,0.139165 
5.796875,0.000033,-0.001246,0.134906 
5.796875,-0.000273,0.001742,0.130477 
5.796875,-0.000107,0.002485,0.130683 
5.796875,-0.000022,0.006137,0.135088 
5.812500,0.000055,0.011114,0.139790 
5.812500,0.000545,0.017795,0.140410 
5.812500,0.000716,0.024489,0.136355 
5.812500,0.000690,0.028423,0.129746 
5.828125,0.000733,0.027821,0.122451 
5.828125,0.000647,0.023382,0.115627 
5.828125,0.000447,0.016703,0.108864 
5.828125,0.000015,0.010048,0.101840 
5.843750,-0.000173,0.004100,0.095893 
5.843750,0.000146,0.002001,0.091991 
5.843750,-0.000301,0.001254,0.092832 
5.859375,-0.000119,-0.002163,0.097099 
5.859375,-0.000421,-0.007212,0.103419 
5.859375,-0.000846,-0.013906,0.110354 
5.859375,-0.000511,-0.021132,0.118127 
5.875000,-0.000890,-0.024068,0.125823 
5.875000,-0.001172,-0.023931,0.132865 
5.875000,-0.000497,-0.020113,0.138614 
5.875000,-0.000536,-0.012471,0.141322 
5.890625,-0.000360,-0.005777,0.139182 
5.890625,0.000037,-0.001272,0.134927 
5.890625,-0.000285,0.001735,0.130489 
5.890625,-0.000091,0.002509,0.130677 
5.906250,-0.000023,0.006125,0.135056 
5.906250,0.000050,0.011108,0.139769 
5.906250,0.000551,0.017787,0.140424 
5.921875,0.000716,0.024469,0.136378 
5.921875,0.000697,0.028409,0.129775 
5.921875,0.000732,0.027848,0.122475 
5.921875,0.000630,0.023394,0.115648 
5.937500,0.000448,0.016712,0.108901 
5.937500,0.000018,0.010090,0.101898 
5.937500,-0.000178,0.004102,0.095920 
5.937500,0.000151,0.001982,0.091983 
5.953125,-0.000307,0.001253,0.092803 
5.953125,-0.000108,-0.002159,0.097101 
5.953125,-0.000410,-0.007203,0.103418 
5.953125,-0.000856,-0.013885,0.110323 
5.968750,-0.000518,-0.021117,0.118083 
5.968750,-0.000903,-0.024066,0.125784 
5.968750,-0.001192,-0.023917,0.132842 
5.984375,-0.000506,-0.020130,0.138614 
5.984375,-0.000548,-0.012499,0.141329 
5.984375,-0.000378,-0.005802,0.139201 
5.984375,0.000127,-0.001006,0.134535 
6.000000,-0.000295,0.001743,0.130501 
6.000000,-0.000094,0.002513,0.130679 
6.000000,-0.000037,0.006074,0.135047 
6.000000,0.000047,0.011079,0.139752 
6.015625,0.000567,0.017766,0.140428 
6.015625,0.000720,0.024427,0.136406 
6.015625,0.000677,0.028367,0.129818 
6.015625,0.000741,0.027871,0.122504 
6.031250,0.000630,0.023412,0.115673 
6.031250,0.000431,0.016736,0.108944 
6.031250,0.000023,0.010145,0.101936 
6.046875,-0.000191,0.004114,0.095947 
6.046875,0.000143,0.001972,0.091976 
6.046875,-0.000316,0.001260,0.092787 
6.046875,-0.000136,-0.002130,0.097093 
6.062500,-0.000430,-0.007189,0.103406 
6.062500,-0.000869,-0.013859,0.110305 
6.062500,-0.000518,-0.021095,0.118046 
6.062500,-0.000917,-0.024090,0.125753 
6.078125,-0.001223,-0.023922,0.132821 
6.078125,-0.000500,-0.020139,0.138613 
6.078125,-0.000564,-0.012537,0.141342 
6.078125,-0.000496,-0.006101,0.139616 
6.093750,0.000137,-0.001015,0.134538 
6.093750,-0.000312,0.001725,0.130505 
6.093750,-0.000104,0.002519,0.130677 
6.109375,-0.000034,0.006044,0.135029 
6.109375,0.000036,0.011047,0.139742 
6.109375,0.000606,0.017694,0.140430 
6.109375,0.000716,0.024389,0.136420 
6.125000,0.000664,0.028370,0.129861 
6.125000,0.000745,0.027891,0.122532 
6.125000,0.000626,0.023432,0.115698 
6.125000,0.000406,0.016739,0.108978 
6.140625,0.000034,0.010167,0.101988 
6.140625,-0.000060,0.004479,0.095546 
6.140625,0.000125,0.001975,0.091981 
6.140625,-0.000318,0.001261,0.092780 
6.156250,-0.000170,-0.002083,0.097067 
6.156250,-0.000432,-0.007174,0.103396 
6.156250,-0.000870,-0.013847,0.110283 
6.171875,-0.000540,-0.021073,0.118019 
6.171875,-0.000919,-0.024095,0.125731 
6.171875,-0.001236,-0.023938,0.132798 
6.171875,-0.000509,-0.020152,0.138598 
6.187500,-0.000556,-0.012572,0.141339 
6.187500,-0.000508,-0.006122,0.139630 
6.187500,0.000134,-0.001026,0.134560 
6.187500,-0.000408,0.001371,0.130933 
6.203125,-0.000117,0.002502,0.130674 
6.203125,-0.000040,0.006040,0.135010 
6.203125,0.000028,0.011009,0.139720 
6.203125,0.000603,0.017656,0.140439 
6.218750,0.000715,0.024364,0.136453 
6.218750,0.000657,0.028363,0.129899 
6.218750,0.000729,0.027894,0.122564 
6.234375,0.000621,0.023447,0.115727 
6.234375,0.000374,0.016817,0.109004 
6.234375,0.000011,0.010229,0.102023 
6.234375,-0.000065,0.004498,0.095568 
6.250000,0.000103,0.001993,0.091976 
6.250000,-0.000334,0.001267,0.092763 
6.250000,-0.000317,-0.002350,0.097481 
6.250000,-0.000445,-0.007154,0.103386 
6.265625,-0.000878,-0.013828,0.110259 
6.265625,-0.000552,-0.021057,0.117982 
6.265625,-0.000908,-0.024113,0.125679 
6.265625,-0.001231,-0.023954,0.132775 
6.281250,-0.000521,-0.020180,0.138595 
6.281250,-0.000481,-0.012357,0.140939 
6.281250,-0.000510,-0.006133,0.139638 
6.296875,0.000120,-0.001042,0.134577 
6.296875,-0.000402,0.001352,0.130955 
6.296875,-0.000101,0.002687,0.131141 
6.296875,-0.000017,0.007202,0.136161 
6.312500,0.000083,0.013186,0.140293 
6.312500,0.000734,0.020688,0.138976 
6.312500,0.000750,0.026543,0.133347 
6.312500,0.000508,0.029449,0.126104 
6.328125,0.000710,0.025419,0.118161 
6.328125,0.000546,0.017802,0.110280 
6.328125,-0.000144,0.011214,0.102493 
6.328125,0.000051,0.004932,0.095970 
6.343750,0.000037,0.001309,0.092264 
6.343750,-0.000386,0.000838,0.093625 
6.343750,-0.000283,-0.004902,0.100124 
6.359375,-0.000592,-0.010805,0.107175 
6.359375,-0.000844,-0.018552,0.115845 
6.359375,-0.000603,-0.024187,0.123938 
6.359375,-0.001215,-0.024928,0.131656 
6.375000,-0.000819,-0.019768,0.137902 
6.375000,-0.000203,-0.012266,0.141639 
6.375000,-0.000546,-0.005524,0.138781 
6.375000,-0.000148,-0.000286,0.133398 
6.390625,-0.000014,0.001965,0.129733 
6.390625,-0.000424,0.003658,0.132732 
6.390625,0.000192,0.009199,0.138071 
6.390625,0.000396,0.014991,0.140693 
6.406250,0.000412,0.022358,0.138020 
6.406250,0.000977,0.028270,0.131996 
6.406250,0.000593,0.028253,0.124455 
6.421875,0.000479,0.024812,0.117070 
6.421875,0.000783,0.019760,0.110683 
6.421875,-0.000064,0.012783,0.104962 
6.421875,-0.000060,0.007464,0.100124 
6.437500,0.000256,0.003565,0.095865 
6.437500,-0.000468,0.001530,0.093003 
6.437500,-0.000320,0.001614,0.091775 
6.437500,-0.000213,0.000709,0.093043 
6.453125,-0.000497,-0.000271,0.095808 
6.453125,-0.000245,-0.002469,0.098950 
6.453125,-0.000528,-0.006553,0.102922 
6.453125,-0.000642,-0.011638,0.107601 
6.468750,-0.000507,-0.016361,0.112582 
6.468750,-0.000789,-0.020649,0.117471 
6.468750,-0.000982,-0.023953,0.122563 
6.484375,-0.001004,-0.025181,0.127302 
6.484375,-0.001078,-0.024812,0.131870 
6.484375,-0.000858,-0.023032,0.135791 
6.484375,-0.000661,-0.019521,0.138402 
6.500000,-0.000689,-0.016545,0.140869 
6.500000,-0.000603,-0.013131,0.141762 
6.500000,-0.000219,-0.009195,0.141212 
6.500000,-0.000344,-0.006041,0.140290 
6.515625,-0.000354,-0.004418,0.139404 
6.515625,-0.000089,-0.001665,0.137222 
6.515625,-0.000237,-0.000559,0.135885 
6.515625,-0.000237,-0.000086,0.133932 
6.531250,-0.000077,0.001526,0.132488 
6.531250,-0.000165,0.001369,0.131468 
6.531250,-0.000254,0.001666,0.130628 
6.546875,-0.000252,0.002037,0.130425 
6.546875,-0.000286,0.001635,0.129750 
6.546875,-0.000243,0.002071,0.129464 
6.546875,-0.000308,0.001880,0.129703 
6.562500,-0.000357,0.001430,0.129695 
6.562500,-0.000324,0.001899,0.129684 
6.562500,-0.000266,0.001969,0.129311 
6.562500,-0.000218,0.001853,0.129299 
6.578125,-0.000322,0.002175,0.129215 
6.578125,-0.000322,0.001519,0.129730 
6.578125,-0.000225,0.002016,0.129416 
6.578125,-0.000455,0.001816,0.129961 
6.593750,-0.000128,0.002017,0.129821 
6.593750,-0.000283,0.002404,0.130295 
6.593750,-0.000213,0.002447,0.131050 
6.609375,-0.000096,0.002678,0.131965 
6.609375,-0.000342,0.003133,0.133194 
6.609375,-0.000182,0.003933,0.134786 
6.609375,-0.000149,0.005679,0.136282 
6.625000,0.000087,0.007028,0.138087 
6.625000,0.000128,0.009532,0.139527 
6.625000,0.000157,0.012258,0.140546 
6.625000,0.000277,0.015267,0.141240 
6.640625,0.000551,0.018904,0.140422 
6.640625,0.000512,0.022688,0.138771 
6.640625,0.000617,0.025916,0.135898 
6.640625,0.000868,0.027917,0.132220 
6.656250,0.000543,0.029172,0.127837 
6.656250,0.000611,0.028647,0.123131 
6.656250,0.000726,0.026193,0.118483 
6.671875,0.000461,0.022319,0.114073 
6.671875,0.000376,0.017372,0.109506 
6.671875,0.000235,0.012778,0.104592 
6.671875,-0.000228,0.007933,0.100265 
6.687500,0.000085,0.003902,0.096540 
6.687500,-0.000029,0.002570,0.093632 
6.687500,-0.000346,0.001833,0.092004 
6.687500,-0.000024,0.001242,0.091935 
6.703125,-0.000194,0.000758,0.093903 
6.703125,-0.000367,-0.002132,0.098131 
6.703125,-0.000543,-0.006726,0.103606 
6.703125,-0.000761,-0.013002,0.109227 
6.718750,-0.000719,-0.019313,0.115388 
6.718750,-0.000862,-0.023290,0.122381 
6.718750,-0.001094,-0.024788,0.130141 
6.734375,-0.000741,-0.021733,0.137130 
6.734375,-0.000515,-0.014576,0.141378 
6.734375,-0.000400,-0.007088,0.140231 
6.734375,-0.000061,-0.001451,0.135023 
6.750000,-0.000210,0.001281,0.130380 
6.750000,-0.000165,0.002620,0.131377 
6.750000,-0.000115,0.007355,0.136585 
6.750000,0.000184,0.012890,0.140327 
6.765625,0.000546,0.020778,0.138615 
6.765625,0.000658,0.026613,0.133134 
6.765625,0.000600,0.029180,0.126218 
6.765625,0.000578,0.025610,0.118491 
6.781250,0.000457,0.018058,0.110562 
6.781250,-0.000103,0.011106,0.102524 
6.781250,-0.000130,0.005110,0.095795 
6.796875,0.000097,0.001306,0.092212 
6.796875,-0.000389,0.000730,0.093702 
6.796875,-0.000490,-0.004698,0.100075 
6.796875,-0.000510,-0.010622,0.106929 
6.812500,-0.000908,-0.018423,0.115482 
6.812500,-0.000651,-0.023954,0.123576 
6.812500,-0.001060,-0.025023,0.131414 
6.812500,-0.000942,-0.020430,0.138163 
6.828125,-0.000232,-0.012478,0.141681 
