0,0.0425,0.11943
0,0.0425,0.11943
0,0.0425,0.11943
0,0.0425,0.11943
0,0.0425,0.11943
0,0.0425,0.11943
0,0.0425,0.11943
0,0.0425,0.11943
0,0.0425,0.11943
0,0.0425,0.11943
0,0.0425,0.11943
0,0.0425,0.11944
0,0.0425,0.11944
0,0.0425,0.11944
0,0.0425,0.11944
0,0.0425,0.11945
0,0.0425,0.11945
0,0.042499,0.11945
0,0.042499,0.11946
0,0.042499,0.11946
0,0.042499,0.11946
0,0.042499,0.11947
0,0.042499,0.11947
0,0.042499,0.11947
0,0.042499,0.11948
0,0.042499,0.11948
0,0.042499,0.11949
0,0.042499,0.11949
0,0.042498,0.1195
0,0.042498,0.1195
0,0.042498,0.11951
0,0.042498,0.11951
0,0.042498,0.11952
0,0.042498,0.11953
0,0.042498,0.11953
0,0.042497,0.11954
0,0.042497,0.11955
0,0.042497,0.11955
0,0.042497,0.11956
0,0.042497,0.11957
0,0.042496,0.11958
0,0.042496,0.11958
0,0.042496,0.11959
0,0.042496,0.1196
0,0.042495,0.11961
0,0.042495,0.11962
0,0.042495,0.11962
0,0.042495,0.11963
0,0.042494,0.11964
0,0.042494,0.11965
0,0.042494,0.11966
0,0.042494,0.11967
0,0.042493,0.11968
0,0.042493,0.11969
0,0.042493,0.1197
0,0.042492,0.11971
0,0.042492,0.11972
0,0.042491,0.11973
0,0.042491,0.11974
0,0.042491,0.11975
0,0.04249,0.11976
0,0.04249,0.11978
0,0.042489,0.11979
0,0.042489,0.1198
0,0.042488,0.11981
0,0.042488,0.11982
0,0.042487,0.11983
0,0.042487,0.11985
0,0.042486,0.11986
0,0.042486,0.11987
0,0.042485,0.11989
0,0.042484,0.1199
0,0.042484,0.11991
0,0.042483,0.11993
0,0.042483,0.11994
0,0.042482,0.11995
0,0.042481,0.11997
0,0.04248,0.11998
0,0.04248,0.12
0,0.042479,0.12001
0,0.042478,0.12003
0,0.042477,0.12004
0,0.042477,0.12006
0,0.042476,0.12007
0,0.042475,0.12009
0,0.042474,0.1201
0,0.042473,0.12012
0,0.042472,0.12014
0,0.042471,0.12015
0,0.04247,0.12017
0,0.042469,0.12019
0,0.042468,0.1202
0,0.042467,0.12022
0,0.042466,0.12024
0,0.042465,0.12025
0,0.042463,0.12027
0,0.042462,0.12029
0,0.042461,0.12031
0,0.04246,0.12033
0,0.042459,0.12034
0,0.042457,0.12036
0,0.042456,0.12038
0,0.042454,0.1204
0,0.042453,0.12042
0,0.042452,0.12044
0,0.04245,0.12046
0,0.042449,0.12048
0,0.042447,0.1205
0,0.042445,0.12052
0,0.042444,0.12054
0,0.042442,0.12056
0,0.04244,0.12058
0,0.042439,0.1206
0,0.042437,0.12062
0,0.042435,0.12064
0,0.042433,0.12066
0,0.042431,0.12068
0,0.042429,0.1207
0,0.042427,0.12072
0,0.042425,0.12075
0,0.042423,0.12077
0,0.042421,0.12079
0,0.042419,0.12081
0,0.042417,0.12084
0,0.042414,0.12086
0,0.042412,0.12088
0,0.04241,0.12091
0,0.042407,0.12093
0,0.042405,0.12095
0,0.042402,0.12098
0,0.0424,0.121
0,0.042397,0.12102
0,0.042394,0.12105
0,0.042392,0.12107
0,0.042389,0.1211
0,0.042386,0.12112
0,0.042383,0.12115
0,0.04238,0.12117
0,0.042377,0.1212
0,0.042374,0.12122
0,0.042371,0.12125
0,0.042368,0.12127
0,0.042365,0.1213
0,0.042361,0.12133
0,0.042358,0.12135
0,0.042355,0.12138
0,0.042351,0.12141
0,0.042347,0.12143
0,0.042344,0.12146
0,0.04234,0.12149
0,0.042336,0.12151
0,0.042333,0.12154
0,0.042329,0.12157
0,0.042325,0.1216
0,0.042321,0.12162
0,0.042317,0.12165
0,0.042313,0.12168
0,0.042308,0.12171
0,0.042304,0.12174
0,0.0423,0.12177
0,0.042295,0.1218
0,0.042291,0.12183
0,0.042286,0.12186
0,0.042281,0.12189
0,0.042277,0.12191
0,0.042272,0.12194
0,0.042267,0.12198
0,0.042262,0.12201
0,0.042257,0.12204
0,0.042252,0.12207
0,0.042246,0.1221
0,0.042241,0.12213
0,0.042236,0.12216
0,0.04223,0.12219
0,0.042224,0.12222
0,0.042219,0.12225
0,0.042213,0.12229
0,0.042207,0.12232
0,0.042201,0.12235
0,0.042195,0.12238
0,0.042189,0.12241
0,0.042183,0.12245
0,0.042177,0.12248
0,0.04217,0.12251
0,0.042164,0.12255
0,0.042157,0.12258
0,0.04215,0.12261
0,0.042143,0.12265
0,0.042137,0.12268
0,0.04213,0.12271
0,0.042122,0.12275
0,0.042115,0.12278
0,0.042108,0.12282
0,0.042101,0.12285
0,0.042093,0.12289
0,0.042085,0.12292
0,0.042078,0.12296
0,0.04207,0.12299
0,0.042062,0.12303
0,0.042054,0.12306
0,0.042046,0.1231
0,0.042037,0.12313
0,0.042029,0.12317
0,0.04202,0.12321
0,0.042012,0.12324
0,0.042003,0.12328
0,0.041994,0.12332
0,0.041985,0.12335
0,0.041976,0.12339
0,0.041967,0.12343
0,0.041957,0.12346
0,0.041948,0.1235
0,0.041938,0.12354
0,0.041929,0.12358
0,0.041919,0.12362
0,0.041909,0.12365
0,0.041899,0.12369
0,0.041888,0.12373
0,0.041878,0.12377
0,0.041867,0.12381
0,0.041857,0.12385
0,0.041846,0.12388
0,0.041835,0.12392
0,0.041824,0.12396
0,0.041813,0.124
0,0.041802,0.12404
0,0.04179,0.12408
0,0.041778,0.12412
0,0.041767,0.12416
0,0.041755,0.1242
0,0.041743,0.12424
0,0.041731,0.12428
0,0.041718,0.12432
0,0.041706,0.12436
0,0.041693,0.12441
0,0.04168,0.12445
0,0.041668,0.12449
0,0.041654,0.12453
0,0.041641,0.12457
0,0.041628,0.12461
0,0.041614,0.12465
0,0.041601,0.1247
0,0.041587,0.12474
0,0.041573,0.12478
0,0.041559,0.12482
0,0.041544,0.12487
0,0.04153,0.12491
0,0.041515,0.12495
0,0.0415,0.12499
0,0.041485,0.12504
0,0.04147,0.12508
0,0.041455,0.12512
0,0.041439,0.12517
0,0.041424,0.12521
0,0.041408,0.12525
0,0.041392,0.1253
0,0.041376,0.12534
0,0.041359,0.12539
0,0.041343,0.12543
0,0.041326,0.12547
0,0.041309,0.12552
0,0.041292,0.12556
0,0.041275,0.12561
0,0.041257,0.12565
0,0.04124,0.1257
0,0.041222,0.12574
0,0.041204,0.12579
0,0.041186,0.12583
0,0.041168,0.12588
0,0.041149,0.12593
0,0.04113,0.12597
0,0.041111,0.12602
0,0.041092,0.12606
0,0.041073,0.12611
0,0.041053,0.12616
0,0.041034,0.1262
0,0.041014,0.12625
0,0.040994,0.12629
0,0.040973,0.12634
0,0.040953,0.12639
0,0.040932,0.12644
0,0.040911,0.12648
0,0.04089,0.12653
0,0.040869,0.12658
0,0.040847,0.12662
0,0.040825,0.12667
0,0.040803,0.12672
0,0.040781,0.12677
0,0.040759,0.12682
0,0.040736,0.12687
0,0.040714,0.12691
0,0.04069,0.12696
0,0.040667,0.12701
0,0.040644,0.12706
0,0.04062,0.12711
0,0.040596,0.12715
0,0.040572,0.1272
0,0.040548,0.12725
0,0.040523,0.1273
0,0.040498,0.12735
0,0.040473,0.1274
0,0.040448,0.12745
0,0.040422,0.1275
0,0.040397,0.12755
0,0.040371,0.1276
0,0.040345,0.12765
0,0.040318,0.1277
0,0.040292,0.12775
0,0.040265,0.1278
0,0.040237,0.12785
0,0.04021,0.1279
0,0.040182,0.12795
0,0.040155,0.128
0,0.040126,0.12805
0,0.040098,0.1281
0,0.040069,0.12815
0,0.040041,0.1282
0,0.040012,0.12825
0,0.039982,0.1283
0,0.039953,0.12835
0,0.039923,0.1284
0,0.039893,0.12846
0,0.039862,0.12851
0,0.039832,0.12856
0,0.039801,0.12861
0,0.03977,0.12866
0,0.039738,0.12871
0,0.039707,0.12876
0,0.039675,0.12882
0,0.039642,0.12887
0,0.03961,0.12892
0,0.039577,0.12897
0,0.039544,0.12903
0,0.039511,0.12908
0,0.039477,0.12913
0,0.039444,0.12918
0,0.03941,0.12923
0,0.039375,0.12929
0,0.039341,0.12934
0,0.039306,0.12939
0,0.03927,0.12944
0,0.039235,0.1295
0,0.039199,0.12955
0,0.039163,0.1296
0,0.039127,0.12965
0,0.03909,0.12971
0,0.039053,0.12976
0,0.039016,0.12981
0,0.038979,0.12987
0,0.038941,0.12992
0,0.038903,0.12997
0,0.038865,0.13003
0,0.038826,0.13008
0,0.038787,0.13013
0,0.038748,0.13018
0,0.038708,0.13024
0,0.038669,0.13029
0,0.038629,0.13035
0,0.038588,0.1304
0,0.038547,0.13045
0,0.038506,0.13051
0,0.038465,0.13056
0,0.038424,0.13061
0,0.038382,0.13067
0,0.038339,0.13072
0,0.038297,0.13078
0,0.038254,0.13083
0,0.038211,0.13088
0,0.038167,0.13094
0,0.038124,0.13099
0,0.038079,0.13104
0,0.038035,0.1311
0,0.03799,0.13115
0,0.037945,0.13121
0,0.0379,0.13126
0,0.037854,0.13131
0,0.037808,0.13137
0,0.037762,0.13142
0,0.037715,0.13148
0,0.037668,0.13153
0,0.037621,0.13158
0,0.037573,0.13164
0,0.037525,0.13169
0,0.037477,0.13175
0,0.037428,0.1318
0,0.037379,0.13185
0,0.03733,0.13191
0,0.03728,0.13196
0,0.03723,0.13202
0,0.03718,0.13207
0,0.03713,0.13212
0,0.037079,0.13218
0,0.037027,0.13223
0,0.036976,0.13229
0,0.036924,0.13234
0,0.036871,0.1324
0,0.036819,0.13245
0,0.036766,0.1325
0,0.036712,0.13256
0,0.036658,0.13261
0,0.036604,0.13267
0,0.03655,0.13272
0,0.036495,0.13277
0,0.03644,0.13283
0,0.036384,0.13288
0,0.036329,0.13293
0,0.036272,0.13299
0,0.036216,0.13304
0,0.036159,0.1331
0,0.036102,0.13315
0,0.036044,0.1332
0,0.035986,0.13326
0,0.035928,0.13331
0,0.035869,0.13337
0,0.03581,0.13342
0,0.03575,0.13347
0,0.035691,0.13353
0,0.035631,0.13358
0,0.03557,0.13363
0,0.035509,0.13369
0,0.035448,0.13374
0,0.035386,0.13379
0,0.035324,0.13384
0,0.035262,0.1339
0,0.035199,0.13395
0,0.035136,0.134
0,0.035072,0.13406
0,0.035008,0.13411
0,0.034944,0.13416
0,0.034879,0.13422
0,0.034814,0.13427
0,0.034749,0.13432
0,0.034683,0.13437
0,0.034617,0.13443
0,0.03455,0.13448
0,0.034484,0.13453
0,0.034416,0.13458
0,0.034349,0.13464
0,0.03428,0.13469
0,0.034212,0.13474
0,0.034143,0.13479
0,0.034074,0.13484
0,0.034004,0.13489
0,0.033934,0.13495
0,0.033864,0.135
0,0.033793,0.13505
0,0.033722,0.1351
0,0.03365,0.13515
0,0.033578,0.1352
0,0.033506,0.13525
0,0.033433,0.1353
0,0.03336,0.13536
0,0.033286,0.1354
0,0.033212,0.13546
0,0.033138,0.13551
0,0.033063,0.13556
0,0.032988,0.13561
0,0.032912,0.13566
0,0.032836,0.13571
0,0.03276,0.13576
0,0.032683,0.13581
0,0.032606,0.13586
0,0.032528,0.1359
0,0.03245,0.13595
0,0.032372,0.136
0,0.032293,0.13605
0,0.032214,0.1361
0,0.032134,0.13615
0,0.032054,0.1362
0,0.031974,0.13625
0,0.031893,0.1363
0,0.031811,0.13634
0,0.03173,0.13639
0,0.031648,0.13644
0,0.031565,0.13649
0,0.031482,0.13653
0,0.031399,0.13658
0,0.031315,0.13663
0,0.031231,0.13668
0,0.031146,0.13672
0,0.031061,0.13677
0,0.030976,0.13682
0,0.03089,0.13686
0,0.030804,0.13691
0,0.030717,0.13695
0,0.03063,0.137
0,0.030543,0.13705
0,0.030455,0.13709
0,0.030366,0.13714
0,0.030278,0.13718
0,0.030189,0.13723
0,0.030099,0.13727
0,0.030009,0.13732
0,0.029918,0.13736
0,0.029828,0.1374
0,0.029736,0.13745
0,0.029645,0.13749
0,0.029553,0.13754
0,0.02946,0.13758
0,0.029367,0.13762
0,0.029274,0.13767
0,0.02918,0.13771
0,0.029086,0.13775
0,0.028991,0.13779
0,0.028896,0.13783
0,0.0288,0.13788
0,0.028704,0.13792
0,0.028608,0.13796
0,0.028511,0.138
0,0.028414,0.13804
0,0.028316,0.13808
0,0.028218,0.13812
0,0.02812,0.13816
0,0.028021,0.1382
0,0.027922,0.13824
0,0.027822,0.13828
0,0.027722,0.13832
0,0.027621,0.13836
0,0.02752,0.1384
0,0.027418,0.13844
0,0.027317,0.13847
0,0.027214,0.13851
0,0.027111,0.13855
0,0.027008,0.13859
0,0.026905,0.13862
0,0.026801,0.13866
0,0.026696,0.1387
0,0.026591,0.13873
0,0.026486,0.13877
0,0.02638,0.13881
0,0.026274,0.13884
0,0.026167,0.13888
0,0.02606,0.13891
0,0.025953,0.13895
0,0.025845,0.13898
0,0.025737,0.13901
0,0.025628,0.13905
0,0.025519,0.13908
0,0.025409,0.13911
0,0.025299,0.13915
0,0.025189,0.13918
0,0.025078,0.13921
0,0.024967,0.13924
0,0.024855,0.13927
0,0.024743,0.13931
0,0.02463,0.13934
0,0.024517,0.13937
0,0.024404,0.1394
0,0.02429,0.13943
0,0.024176,0.13946
0,0.024061,0.13949
0,0.023946,0.13952
0,0.02383,0.13954
0,0.023714,0.13957
0,0.023598,0.1396
0,0.023481,0.13963
0,0.023364,0.13966
0,0.023247,0.13968
0,0.023128,0.13971
0,0.02301,0.13973
0,0.022891,0.13976
0,0.022772,0.13979
0,0.022652,0.13981
0,0.022532,0.13984
0,0.022411,0.13986
0,0.02229,0.13989
0,0.022169,0.13991
0,0.022047,0.13993
0,0.021925,0.13995
0,0.021802,0.13998
0,0.021679,0.14
0,0.021556,0.14002
0,0.021432,0.14004
0,0.021308,0.14006
0,0.021183,0.14008
0,0.021058,0.14011
0,0.020933,0.14012
0,0.020807,0.14014
0,0.02068,0.14016
0,0.020554,0.14018
0,0.020426,0.1402
0,0.020299,0.14022
0,0.020171,0.14024
0,0.020043,0.14025
0,0.019914,0.14027
0,0.019785,0.14029
0,0.019655,0.1403
0,0.019525,0.14032
0,0.019395,0.14033
0,0.019264,0.14035
0,0.019133,0.14036
0,0.019002,0.14038
0,0.01887,0.14039
0,0.018737,0.1404
0,0.018605,0.14042
0,0.018472,0.14043
0,0.018338,0.14044
0,0.018204,0.14045
0,0.01807,0.14046
0,0.017935,0.14047
0,0.0178,0.14048
0,0.017665,0.14049
0,0.017529,0.1405
0,0.017393,0.14051
0,0.017256,0.14052
0,0.017119,0.14053
0,0.016982,0.14053
0,0.016844,0.14054
0,0.016706,0.14055
0,0.016568,0.14055
0,0.016429,0.14056
0,0.01629,0.14056
0,0.01615,0.14057
0,0.01601,0.14057
0,0.01587,0.14058
0,0.015729,0.14058
0,0.015588,0.14058
0,0.015447,0.14058
0,0.015305,0.14058
0,0.015163,0.14058
0,0.01502,0.14059
0,0.014877,0.14059
0,0.014734,0.14059
0,0.01459,0.14058
0,0.014447,0.14058
0,0.014302,0.14058
0,0.014158,0.14058
0,0.014013,0.14058
0,0.013867,0.14057
0,0.013722,0.14057
0,0.013576,0.14057
0,0.013429,0.14056
0,0.013283,0.14056
0,0.013135,0.14055
0,0.012988,0.14055
0,0.01284,0.14054
0,0.012692,0.14053
0,0.012544,0.14052
0,0.012395,0.14052
0,0.012246,0.14051
0,0.012097,0.1405
0,0.011947,0.14049
0,0.011797,0.14048
0,0.011647,0.14047
0,0.011496,0.14045
0,0.011345,0.14044
0,0.011194,0.14043
0,0.011042,0.14042
0,0.01089,0.1404
0,0.010738,0.14039
0,0.010585,0.14037
0,0.010432,0.14036
0,0.010279,0.14034
0,0.010126,0.14033
0,0.009972,0.14031
0,0.009818,0.14029
0,0.009664,0.14028
0,0.009509,0.14026
0,0.009354,0.14024
0,0.009199,0.14022
0,0.009043,0.1402
0,0.008887,0.14018
0,0.008731,0.14016
0,0.008575,0.14014
0,0.008418,0.14011
0,0.008261,0.14009
0,0.008104,0.14007
0,0.007947,0.14004
0,0.007789,0.14002
0,0.007631,0.13999
0,0.007472,0.13997
0,0.007314,0.13994
0,0.007155,0.13991
0,0.006996,0.13989
0,0.006837,0.13986
0,0.006677,0.13983
0,0.006517,0.1398
0,0.006357,0.13977
0,0.006197,0.13974
0,0.006036,0.13971
0,0.005875,0.13968
0,0.005714,0.13965
0,0.005553,0.13961
0,0.005391,0.13958
0,0.00523,0.13955
0,0.005068,0.13951
0,0.004905,0.13948
0,0.004743,0.13944
0,0.00458,0.13941
0,0.004417,0.13937
0,0.004254,0.13933
0,0.004091,0.1393
0,0.003927,0.13926
0,0.003764,0.13922
0,0.0036,0.13918
0,0.003436,0.13914
0,0.003271,0.1391
0,0.003107,0.13906
0,0.002942,0.13901
0,0.002777,0.13897
0,0.002612,0.13893
0,0.002446,0.13888
0,0.002281,0.13884
0,0.002115,0.1388
0,0.001949,0.13875
0,0.001783,0.1387
0,0.001617,0.13866
0,0.001451,0.13861
0,0.001284,0.13856
0,0.001117,0.13851
0,0.000951,0.13846
0,0.000783,0.13841
0,0.000616,0.13836
0,0.000449,0.13831
0,0.000281,0.13826
0,0.000114,0.13821
0,-5.4e-05,0.13816
0,-0.000222,0.1381
0,-0.00039,0.13805
0,-0.000558,0.13799
0,-0.000727,0.13794
0,-0.000895,0.13788
0,-0.001064,0.13783
0,-0.001232,0.13777
0,-0.001401,0.13771
0,-0.00157,0.13765
0,-0.001739,0.13759
0,-0.001908,0.13753
0,-0.002078,0.13748
0,-0.002247,0.13742
0,-0.002417,0.13735
0,-0.002586,0.13729
0,-0.002756,0.13723
0,-0.002926,0.13717
0,-0.003095,0.1371
0,-0.003265,0.13704
0,-0.003435,0.13697
0,-0.003605,0.13691
0,-0.003776,0.13684
0,-0.003946,0.13678
0,-0.004116,0.13671
0,-0.004287,0.13664
0,-0.004457,0.13657
0,-0.004628,0.1365
0,-0.004798,0.13643
0,-0.004969,0.13636
0,-0.005139,0.13629
0,-0.00531,0.13622
0,-0.005481,0.13615
0,-0.005652,0.13608
0,-0.005822,0.136
0,-0.005993,0.13593
0,-0.006164,0.13585
0,-0.006335,0.13578
0,-0.006506,0.1357
0,-0.006677,0.13563
0,-0.006848,0.13555
0,-0.007019,0.13547
0,-0.00719,0.13539
0,-0.007361,0.13532
0,-0.007532,0.13524
0,-0.007703,0.13516
0,-0.007874,0.13508
0,-0.008045,0.135
0,-0.008216,0.13491
0,-0.008386,0.13483
0,-0.008557,0.13475
0,-0.008728,0.13467
0,-0.008899,0.13458
0,-0.00907,0.1345
0,-0.009241,0.13441
0,-0.009411,0.13433
0,-0.009582,0.13424
0,-0.009753,0.13415
0,-0.009923,0.13407
0,-0.010094,0.13398
0,-0.010264,0.13389
0,-0.010435,0.1338
0,-0.010605,0.13371
0,-0.010776,0.13362
0,-0.010946,0.13353
0,-0.011116,0.13344
0,-0.011286,0.13335
0,-0.011456,0.13326
0,-0.011626,0.13316
0,-0.011796,0.13307
0,-0.011965,0.13298
0,-0.012135,0.13288
0,-0.012305,0.13278
0,-0.012474,0.13269
0,-0.012643,0.13259
0,-0.012813,0.1325
0,-0.012982,0.1324
0,-0.013151,0.1323
0,-0.01332,0.1322
0,-0.013488,0.1321
0,-0.013657,0.13201
0,-0.013825,0.1319
0,-0.013994,0.1318
0,-0.014162,0.1317
0,-0.01433,0.1316
0,-0.014498,0.1315
0,-0.014665,0.1314
0,-0.014833,0.13129
0,-0.015,0.13119
0,-0.015168,0.13109
0,-0.015335,0.13098
0,-0.015502,0.13088
0,-0.015668,0.13077
0,-0.015835,0.13066
0,-0.016001,0.13056
0,-0.016168,0.13045
0,-0.016334,0.13034
0,-0.016499,0.13023
0,-0.016665,0.13013
0,-0.01683,0.13002
0,-0.016996,0.12991
0,-0.017161,0.1298
0,-0.017325,0.12969
0,-0.01749,0.12958
0,-0.017654,0.12946
0,-0.017818,0.12935
0,-0.017982,0.12924
0,-0.018146,0.12913
0,-0.018309,0.12901
0,-0.018473,0.1289
0,-0.018636,0.12879
0,-0.018798,0.12867
0,-0.018961,0.12856
0,-0.019123,0.12844
0,-0.019285,0.12832
0,-0.019447,0.12821
0,-0.019608,0.12809
0,-0.019769,0.12797
0,-0.01993,0.12786
0,-0.020091,0.12774
0,-0.020251,0.12762
0,-0.020411,0.1275
0,-0.020571,0.12738
0,-0.02073,0.12726
0,-0.020889,0.12714
0,-0.021048,0.12702
0,-0.021207,0.1269
0,-0.021365,0.12678
0,-0.021523,0.12666
0,-0.021681,0.12653
0,-0.021838,0.12641
0,-0.021995,0.12629
0,-0.022152,0.12617
0,-0.022308,0.12604
0,-0.022464,0.12592
0,-0.02262,0.12579
0,-0.022775,0.12567
0,-0.02293,0.12554
0,-0.023085,0.12542
0,-0.023239,0.12529
0,-0.023393,0.12517
0,-0.023547,0.12504
0,-0.0237,0.12491
0,-0.023853,0.12479
0,-0.024006,0.12466
0,-0.024158,0.12453
0,-0.02431,0.1244
0,-0.024461,0.12428
0,-0.024612,0.12415
0,-0.024763,0.12402
0,-0.024913,0.12389
0,-0.025063,0.12376
0,-0.025212,0.12363
0,-0.025361,0.1235
0,-0.02551,0.12337
0,-0.025658,0.12324
0,-0.025806,0.12311
0,-0.025954,0.12298
0,-0.026101,0.12285
0,-0.026247,0.12271
0,-0.026394,0.12258
0,-0.026539,0.12245
0,-0.026685,0.12232
0,-0.02683,0.12219
0,-0.026974,0.12205
0,-0.027118,0.12192
0,-0.027262,0.12179
0,-0.027405,0.12165
0,-0.027548,0.12152
0,-0.02769,0.12139
0,-0.027832,0.12125
0,-0.027973,0.12112
0,-0.028114,0.12098
0,-0.028255,0.12085
0,-0.028395,0.12071
0,-0.028534,0.12058
0,-0.028673,0.12044
0,-0.028812,0.12031
0,-0.02895,0.12017
0,-0.029088,0.12004
0,-0.029225,0.1199
0,-0.029361,0.11977
0,-0.029497,0.11963
0,-0.029633,0.1195
0,-0.029768,0.11936
0,-0.029903,0.11922
0,-0.030037,0.11909
0,-0.030171,0.11895
0,-0.030304,0.11881
0,-0.030437,0.11868
0,-0.030569,0.11854
0,-0.0307,0.1184
0,-0.030831,0.11827
0,-0.030962,0.11813
0,-0.031092,0.11799
0,-0.031221,0.11786
0,-0.03135,0.11772
0,-0.031479,0.11758
0,-0.031607,0.11744
0,-0.031734,0.11731
0,-0.031861,0.11717
0,-0.031987,0.11703
0,-0.032113,0.1169
0,-0.032238,0.11676
0,-0.032363,0.11662
0,-0.032487,0.11649
0,-0.032611,0.11635
0,-0.032734,0.11621
0,-0.032856,0.11607
0,-0.032978,0.11594
0,-0.033099,0.1158
0,-0.03322,0.11566
0,-0.03334,0.11553
0,-0.03346,0.11539
0,-0.033579,0.11525
0,-0.033697,0.11512
0,-0.033815,0.11498
0,-0.033932,0.11484
0,-0.034049,0.11471
0,-0.034165,0.11457
0,-0.03428,0.11443
0,-0.034395,0.1143
0,-0.03451,0.11416
0,-0.034623,0.11403
0,-0.034737,0.11389
0,-0.034849,0.11375
0,-0.034961,0.11362
0,-0.035072,0.11348
0,-0.035183,0.11335
0,-0.035293,0.11321
0,-0.035403,0.11308
0,-0.035512,0.11294
0,-0.03562,0.11281
0,-0.035728,0.11268
0,-0.035835,0.11254
0,-0.035941,0.11241
0,-0.036047,0.11227
0,-0.036152,0.11214
0,-0.036257,0.11201
0,-0.036361,0.11188
0,-0.036464,0.11174
0,-0.036567,0.11161
0,-0.036669,0.11148
0,-0.03677,0.11135
0,-0.036871,0.11121
0,-0.036971,0.11108
0,-0.037071,0.11095
0,-0.03717,0.11082
0,-0.037268,0.11069
0,-0.037366,0.11056
0,-0.037463,0.11043
0,-0.037559,0.1103
0,-0.037655,0.11017
0,-0.03775,0.11004
0,-0.037844,0.10991
0,-0.037938,0.10979
0,-0.038031,0.10966
0,-0.038124,0.10953
0,-0.038215,0.1094
0,-0.038307,0.10928
0,-0.038397,0.10915
0,-0.038487,0.10902
0,-0.038576,0.1089
0,-0.038665,0.10877
0,-0.038753,0.10865
0,-0.03884,0.10852
0,-0.038927,0.1084
0,-0.039013,0.10828
0,-0.039098,0.10816
0,-0.039183,0.10803
0,-0.039267,0.10791
0,-0.03935,0.10779
0,-0.039433,0.10767
0,-0.039515,0.10755
0,-0.039596,0.10743
0,-0.039677,0.10731
0,-0.039757,0.10719
0,-0.039836,0.10707
0,-0.039915,0.10695
0,-0.039993,0.10683
0,-0.04007,0.10672
0,-0.040147,0.1066
0,-0.040223,0.10648
0,-0.040298,0.10637
0,-0.040373,0.10625
0,-0.040447,0.10614
0,-0.040521,0.10602
0,-0.040593,0.10591
0,-0.040665,0.1058
0,-0.040737,0.10568
0,-0.040808,0.10557
0,-0.040878,0.10546
0,-0.040947,0.10535
0,-0.041016,0.10524
0,-0.041084,0.10513
0,-0.041151,0.10502
0,-0.041218,0.10492
0,-0.041284,0.10481
0,-0.04135,0.1047
0,-0.041414,0.1046
0,-0.041478,0.10449
0,-0.041542,0.10439
0,-0.041605,0.10428
0,-0.041667,0.10418
0,-0.041728,0.10408
0,-0.041789,0.10397
0,-0.041849,0.10387
0,-0.041909,0.10377
0,-0.041968,0.10367
0,-0.042026,0.10357
0,-0.042083,0.10347
0,-0.04214,0.10338
0,-0.042197,0.10328
0,-0.042252,0.10318
0,-0.042307,0.10309
0,-0.042361,0.10299
0,-0.042415,0.1029
0,-0.042468,0.10281
0,-0.04252,0.10271
0,-0.042572,0.10262
0,-0.042623,0.10253
0,-0.042673,0.10244
0,-0.042723,0.10235
0,-0.042772,0.10226
0,-0.042821,0.10218
0,-0.042868,0.10209
0,-0.042916,0.102
0,-0.042962,0.10192
0,-0.043008,0.10183
0,-0.043053,0.10175
0,-0.043098,0.10167
0,-0.043142,0.10159
0,-0.043185,0.10151
0,-0.043228,0.10143
0,-0.04327,0.10135
0,-0.043312,0.10127
0,-0.043353,0.10119
0,-0.043393,0.10112
0,-0.043433,0.10104
0,-0.043472,0.10097
0,-0.04351,0.10089
0,-0.043548,0.10082
0,-0.043585,0.10075
0,-0.043622,0.10068
0,-0.043658,0.10061
0,-0.043693,0.10054
0,-0.043728,0.10047
0,-0.043762,0.1004
0,-0.043796,0.10034
0,-0.043829,0.10027
0,-0.043861,0.10021
0,-0.043893,0.10014
0,-0.043924,0.10008
0,-0.043955,0.10002
0,-0.043985,0.099962
0,-0.044014,0.099903
0,-0.044043,0.099844
0,-0.044071,0.099787
0,-0.044099,0.099731
0,-0.044126,0.099676
0,-0.044153,0.099622
0,-0.044179,0.099568
0,-0.044204,0.099516
0,-0.044229,0.099465
0,-0.044253,0.099415
0,-0.044277,0.099366
0,-0.0443,0.099318
0,-0.044323,0.099272
0,-0.044345,0.099226
0,-0.044366,0.099181
0,-0.044387,0.099137
0,-0.044408,0.099095
0,-0.044428,0.099053
0,-0.044447,0.099013
0,-0.044466,0.098973
0,-0.044484,0.098935
0,-0.044502,0.098898
0,-0.044519,0.098862
0,-0.044536,0.098827
0,-0.044552,0.098793
0,-0.044568,0.09876
0,-0.044583,0.098729
0,-0.044598,0.098698
0,-0.044612,0.098669
0,-0.044626,0.09864
0,-0.044639,0.098613
0,-0.044652,0.098587
0,-0.044664,0.098562
0,-0.044676,0.098539
0,-0.044687,0.098516
0,-0.044698,0.098495
0,-0.044708,0.098474
0,-0.044718,0.098455
0,-0.044727,0.098437
0,-0.044736,0.09842
0,-0.044745,0.098405
0,-0.044753,0.09839
0,-0.04476,0.098377
0,-0.044767,0.098365
0,-0.044774,0.098354
0,-0.04478,0.098344
0,-0.044786,0.098335
0,-0.044791,0.098328
0,-0.044796,0.098322
0,-0.0448,0.098317
0,-0.044804,0.098313
0,-0.044808,0.09831
0,-0.044811,0.098309
0,-0.044813,0.098308
0,-0.044816,0.098309
0,-0.044818,0.098311
0,-0.044819,0.098315
0,-0.04482,0.098319
0,-0.044821,0.098325
0,-0.044821,0.098332
0,-0.044821,0.09834
0,-0.044821,0.098349
0,-0.04482,0.09836
0,-0.044819,0.098372
0,-0.044817,0.098385
0,-0.044815,0.098399
0,-0.044813,0.098414
0,-0.04481,0.098431
0,-0.044807,0.098449
0,-0.044804,0.098468
0,-0.0448,0.098488
0,-0.044796,0.09851
0,-0.044791,0.098533
0,-0.044786,0.098557
0,-0.044781,0.098582
0,-0.044776,0.098608
0,-0.04477,0.098636
0,-0.044764,0.098665
0,-0.044758,0.098695
0,-0.044751,0.098726
0,-0.044744,0.098759
0,-0.044737,0.098793
0,-0.044729,0.098828
0,-0.044721,0.098864
0,-0.044713,0.098902
0,-0.044705,0.09894
0,-0.044696,0.09898
0,-0.044687,0.099021
0,-0.044678,0.099064
0,-0.044668,0.099108
0,-0.044659,0.099152
0,-0.044648,0.099198
0,-0.044638,0.099246
0,-0.044628,0.099294
0,-0.044617,0.099344
0,-0.044606,0.099395
0,-0.044595,0.099447
0,-0.044583,0.099501
0,-0.044571,0.099555
0,-0.044559,0.099611
0,-0.044547,0.099668
0,-0.044535,0.099727
0,-0.044522,0.099786
0,-0.04451,0.099847
0,-0.044497,0.099909
0,-0.044483,0.099972
0,-0.04447,0.10004
0,-0.044457,0.1001
0,-0.044443,0.10017
0,-0.044429,0.10024
0,-0.044415,0.10031
0,-0.044401,0.10038
0,-0.044386,0.10045
0,-0.044372,0.10052
0,-0.044357,0.10059
0,-0.044342,0.10067
0,-0.044327,0.10075
0,-0.044312,0.10082
0,-0.044297,0.1009
0,-0.044281,0.10098
0,-0.044266,0.10106
0,-0.04425,0.10114
0,-0.044234,0.10123
0,-0.044218,0.10131
0,-0.044202,0.1014
0,-0.044186,0.10148
0,-0.04417,0.10157
0,-0.044154,0.10166
0,-0.044137,0.10175
0,-0.044121,0.10184
0,-0.044104,0.10193
0,-0.044088,0.10203
0,-0.044071,0.10212
0,-0.044054,0.10222
0,-0.044038,0.10232
0,-0.044021,0.10241
0,-0.044004,0.10251
0,-0.043987,0.10261
0,-0.04397,0.10272
0,-0.043953,0.10282
0,-0.043936,0.10292
0,-0.043918,0.10303
0,-0.043901,0.10313
0,-0.043884,0.10324
0,-0.043867,0.10335
0,-0.04385,0.10346
0,-0.043832,0.10357
0,-0.043815,0.10368
0,-0.043798,0.10379
0,-0.043781,0.1039
0,-0.043764,0.10402
0,-0.043746,0.10413
0,-0.043729,0.10425
0,-0.043712,0.10436
0,-0.043695,0.10448
0,-0.043678,0.1046
0,-0.04366,0.10472
0,-0.043643,0.10484
0,-0.043626,0.10497
0,-0.043609,0.10509
0,-0.043592,0.10521
0,-0.043576,0.10534
0,-0.043559,0.10546
0,-0.043542,0.10559
0,-0.043525,0.10572
0,-0.043509,0.10585
0,-0.043492,0.10598
0,-0.043476,0.10611
0,-0.043459,0.10624
0,-0.043443,0.10637
0,-0.043427,0.10651
0,-0.04341,0.10664
0,-0.043394,0.10678
0,-0.043378,0.10691
0,-0.043363,0.10705
0,-0.043347,0.10719
0,-0.043331,0.10733
0,-0.043316,0.10747
0,-0.0433,0.10761
0,-0.043285,0.10775
0,-0.04327,0.10789
0,-0.043255,0.10803
0,-0.04324,0.10818
0,-0.043225,0.10832
0,-0.04321,0.10847
0,-0.043196,0.10861
0,-0.043181,0.10876
0,-0.043167,0.10891
0,-0.043153,0.10906
0,-0.043139,0.1092
0,-0.043126,0.10935
0,-0.043112,0.10951
0,-0.043099,0.10966
0,-0.043085,0.10981
0,-0.043072,0.10996
0,-0.043059,0.11012
0,-0.043047,0.11027
0,-0.043034,0.11042
0,-0.043022,0.11058
0,-0.043009,0.11074
0,-0.042997,0.11089
0,-0.042986,0.11105
0,-0.042974,0.11121
0,-0.042963,0.11137
0,-0.042951,0.11153
0,-0.04294,0.11169
0,-0.042929,0.11185
0,-0.042919,0.11201
0,-0.042908,0.11217
0,-0.042898,0.11233
0,-0.042888,0.11249
0,-0.042878,0.11266
0,-0.042869,0.11282
0,-0.04286,0.11299
0,-0.04285,0.11315
0,-0.042842,0.11332
0,-0.042833,0.11348
0,-0.042824,0.11365
0,-0.042816,0.11381
0,-0.042808,0.11398
0,-0.042801,0.11415
0,-0.042793,0.11432
0,-0.042786,0.11449
0,-0.042779,0.11466
0,-0.042772,0.11482
0,-0.042766,0.11499
0,-0.042759,0.11517
0,-0.042753,0.11533
0,-0.042747,0.11551
0,-0.042742,0.11568
0,-0.042737,0.11585
0,-0.042732,0.11602
0,-0.042727,0.11619
0,-0.042722,0.11636
0,-0.042718,0.11654
0,-0.042714,0.11671
0,-0.04271,0.11688
0,-0.042707,0.11706
0,-0.042704,0.11723
0,-0.042701,0.1174
0,-0.042698,0.11758
0,-0.042695,0.11775
0,-0.042693,0.11793
0,-0.042691,0.1181
0,-0.04269,0.11828
0,-0.042688,0.11845
0,-0.042687,0.11863
0,-0.042686,0.1188
0,-0.042686,0.11898
0,-0.042686,0.11915
0,-0.042686,0.11933
0,-0.042686,0.1195
0,-0.042686,0.11968
0,-0.042687,0.11986
0,-0.042688,0.12003
0,-0.04269,0.12021
0,-0.042691,0.12038
0,-0.042693,0.12056
0,-0.042695,0.12073
0,-0.042698,0.12091
0,-0.0427,0.12109
0,-0.042703,0.12126
0,-0.042706,0.12144
0,-0.04271,0.12161
0,-0.042714,0.12179
0,-0.042718,0.12196
0,-0.042722,0.12214
0,-0.042727,0.12231
0,-0.042731,0.12249
0,-0.042737,0.12266
0,-0.042742,0.12284
0,-0.042748,0.12301
0,-0.042753,0.12319
0,-0.04276,0.12336
0,-0.042766,0.12354
0,-0.042773,0.12371
0,-0.04278,0.12388
0,-0.042787,0.12406
0,-0.042794,0.12423
0,-0.042802,0.1244
0,-0.04281,0.12458
0,-0.042818,0.12475
0,-0.042826,0.12492
0,-0.042835,0.12509
0,-0.042844,0.12526
0,-0.042853,0.12543
0,-0.042863,0.1256
0,-0.042872,0.12577
0,-0.042882,0.12594
0,-0.042893,0.12611
0,-0.042903,0.12628
0,-0.042914,0.12645
0,-0.042924,0.12662
0,-0.042935,0.12679
0,-0.042947,0.12695
0,-0.042958,0.12712
0,-0.04297,0.12729
0,-0.042982,0.12745
0,-0.042994,0.12762
0,-0.043007,0.12778
0,-0.043019,0.12795
0,-0.043032,0.12811
0,-0.043045,0.12827
0,-0.043058,0.12843
0,-0.043072,0.1286
0,-0.043085,0.12876
0,-0.043099,0.12892
0,-0.043113,0.12908
0,-0.043127,0.12924
0,-0.043142,0.1294
0,-0.043156,0.12955
0,-0.043171,0.12971
0,-0.043186,0.12987
0,-0.043201,0.13002
0,-0.043216,0.13018
0,-0.043232,0.13033
0,-0.043247,0.13049
0,-0.043263,0.13064
0,-0.043279,0.13079
0,-0.043295,0.13094
0,-0.043311,0.13109
0,-0.043327,0.13124
0,-0.043344,0.13139
0,-0.04336,0.13154
0,-0.043377,0.13169
0,-0.043394,0.13183
0,-0.04341,0.13198
0,-0.043427,0.13212
0,-0.043445,0.13227
0,-0.043462,0.13241
0,-0.043479,0.13255
0,-0.043497,0.13269
0,-0.043514,0.13283
0,-0.043532,0.13297
0,-0.04355,0.13311
0,-0.043567,0.13325
0,-0.043585,0.13338
0,-0.043603,0.13352
0,-0.043621,0.13365
0,-0.043639,0.13379
0,-0.043657,0.13392
0,-0.043675,0.13405
0,-0.043693,0.13418
0,-0.043712,0.13431
0,-0.04373,0.13444
0,-0.043748,0.13456
0,-0.043766,0.13469
0,-0.043785,0.13481
0,-0.043803,0.13494
0,-0.043821,0.13506
0,-0.043839,0.13518
0,-0.043858,0.1353
0,-0.043876,0.13542
0,-0.043894,0.13554
0,-0.043912,0.13565
0,-0.043931,0.13577
0,-0.043949,0.13589
0,-0.043967,0.136
0,-0.043985,0.13611
0,-0.044003,0.13622
0,-0.044021,0.13633
0,-0.044039,0.13644
0,-0.044057,0.13654
0,-0.044074,0.13665
0,-0.044092,0.13675
0,-0.044109,0.13686
0,-0.044127,0.13696
0,-0.044144,0.13706
0,-0.044161,0.13716
0,-0.044178,0.13726
0,-0.044195,0.13735
0,-0.044212,0.13745
0,-0.044229,0.13754
0,-0.044245,0.13763
0,-0.044262,0.13772
0,-0.044278,0.13781
0,-0.044294,0.1379
0,-0.04431,0.13799
0,-0.044325,0.13808
0,-0.044341,0.13816
0,-0.044356,0.13824
0,-0.044371,0.13832
0,-0.044386,0.1384
0,-0.044401,0.13848
0,-0.044415,0.13856
0,-0.044429,0.13863
0,-0.044443,0.13871
0,-0.044457,0.13878
0,-0.044471,0.13885
0,-0.044484,0.13892
0,-0.044497,0.13899
0,-0.044509,0.13906
0,-0.044522,0.13912
0,-0.044534,0.13918
0,-0.044546,0.13925
0,-0.044557,0.13931
0,-0.044568,0.13937
0,-0.044579,0.13942
0,-0.04459,0.13948
0,-0.0446,0.13953
0,-0.04461,0.13959
0,-0.044619,0.13964
0,-0.044628,0.13969
0,-0.044637,0.13973
0,-0.044646,0.13978
0,-0.044654,0.13983
0,-0.044661,0.13987
0,-0.044668,0.13991
0,-0.044675,0.13995
0,-0.044682,0.13999
0,-0.044688,0.14003
0,-0.044693,0.14006
0,-0.044698,0.1401
0,-0.044703,0.14013
0,-0.044707,0.14016
0,-0.044711,0.14019
0,-0.044714,0.14022
0,-0.044717,0.14024
0,-0.044719,0.14026
0,-0.044721,0.14029
0,-0.044723,0.14031
0,-0.044724,0.14033
0,-0.044724,0.14034
0,-0.044724,0.14036
0,-0.044723,0.14037
0,-0.044722,0.14039
0,-0.04472,0.1404
0,-0.044717,0.14041
0,-0.044715,0.14041
0,-0.044711,0.14042
0,-0.044707,0.14042
0,-0.044702,0.14042
0,-0.044697,0.14042
0,-0.044691,0.14042
0,-0.044685,0.14042
0,-0.044678,0.14042
0,-0.04467,0.14041
0,-0.044661,0.1404
0,-0.044652,0.14039
0,-0.044643,0.14038
0,-0.044633,0.14037
0,-0.044622,0.14036
0,-0.04461,0.14034
0,-0.044598,0.14032
0,-0.044584,0.1403
0,-0.044571,0.14028
0,-0.044556,0.14026
0,-0.044541,0.14023
0,-0.044525,0.14021
0,-0.044509,0.14018
0,-0.044491,0.14015
0,-0.044473,0.14012
0,-0.044454,0.14008
0,-0.044435,0.14005
0,-0.044414,0.14001
0,-0.044393,0.13997
0,-0.044371,0.13994
0,-0.044349,0.13989
0,-0.044325,0.13985
0,-0.044301,0.13981
0,-0.044276,0.13976
0,-0.04425,0.13971
0,-0.044223,0.13966
0,-0.044195,0.13961
0,-0.044167,0.13956
0,-0.044137,0.1395
0,-0.044107,0.13944
0,-0.044076,0.13939
0,-0.044044,0.13933
0,-0.044011,0.13926
0,-0.043978,0.1392
0,-0.043943,0.13914
0,-0.043907,0.13907
0,-0.043871,0.139
0,-0.043834,0.13893
0,-0.043795,0.13886
0,-0.043756,0.13879
0,-0.043716,0.13872
0,-0.043675,0.13864
0,-0.043633,0.13856
0,-0.04359,0.13848
0,-0.043546,0.1384
0,-0.043501,0.13832
0,-0.043455,0.13823
0,-0.043408,0.13815
0,-0.04336,0.13806
0,-0.043311,0.13797
0,-0.043261,0.13788
0,-0.04321,0.13779
0,-0.043158,0.1377
0,-0.043104,0.1376
0,-0.04305,0.1375
0,-0.042995,0.13741
0,-0.042939,0.13731
0,-0.042882,0.13721
0,-0.042823,0.1371
0,-0.042764,0.137
0,-0.042703,0.13689
0,-0.042642,0.13679
0,-0.042579,0.13668
0,-0.042515,0.13657
0,-0.042451,0.13646
0,-0.042385,0.13634
0,-0.042318,0.13623
0,-0.042249,0.13611
0,-0.04218,0.136
0,-0.04211,0.13588
0,-0.042038,0.13576
0,-0.041965,0.13564
0,-0.041891,0.13551
0,-0.041816,0.13539
0,-0.04174,0.13526
0,-0.041663,0.13514
0,-0.041584,0.13501
0,-0.041504,0.13488
0,-0.041423,0.13475
0,-0.041341,0.13462
0,-0.041258,0.13448
0,-0.041174,0.13435
0,-0.041088,0.13421
0,-0.041001,0.13407
0,-0.040913,0.13393
0,-0.040823,0.13379
0,-0.040733,0.13365
0,-0.040641,0.13351
0,-0.040548,0.13337
0,-0.040454,0.13322
0,-0.040358,0.13308
0,-0.040262,0.13293
0,-0.040164,0.13278
0,-0.040064,0.13263
0,-0.039964,0.13248
0,-0.039862,0.13233
0,-0.039759,0.13217
0,-0.039655,0.13202
0,-0.039549,0.13187
0,-0.039442,0.13171
0,-0.039334,0.13155
0,-0.039225,0.13139
0,-0.039114,0.13123
0,-0.039002,0.13107
0,-0.038889,0.13091
0,-0.038774,0.13075
0,-0.038658,0.13058
0,-0.038541,0.13042
0,-0.038423,0.13025
0,-0.038303,0.13009
0,-0.038182,0.12992
0,-0.038059,0.12975
0,-0.037935,0.12958
0,-0.03781,0.12941
0,-0.037684,0.12924
0,-0.037556,0.12907
0,-0.037427,0.12889
0,-0.037297,0.12872
0,-0.037165,0.12854
0,-0.037032,0.12837
0,-0.036898,0.12819
0,-0.036762,0.12801
0,-0.036625,0.12784
0,-0.036486,0.12766
0,-0.036347,0.12748
0,-0.036205,0.1273
0,-0.036063,0.12712
0,-0.035919,0.12693
0,-0.035774,0.12675
0,-0.035628,0.12657
0,-0.03548,0.12638
0,-0.035331,0.1262
0,-0.03518,0.12601
0,-0.035028,0.12583
0,-0.034875,0.12564
0,-0.03472,0.12545
0,-0.034564,0.12527
0,-0.034407,0.12508
0,-0.034249,0.12489
0,-0.034089,0.1247
0,-0.033927,0.12451
0,-0.033765,0.12432
0,-0.033601,0.12413
0,-0.033435,0.12394
0,-0.033268,0.12375
0,-0.0331,0.12356
0,-0.032931,0.12336
0,-0.03276,0.12317
0,-0.032588,0.12298
0,-0.032415,0.12278
0,-0.03224,0.12259
0,-0.032064,0.1224
0,-0.031886,0.1222
0,-0.031707,0.12201
0,-0.031527,0.12181
0,-0.031346,0.12162
0,-0.031163,0.12142
0,-0.030979,0.12123
0,-0.030793,0.12103
0,-0.030607,0.12083
0,-0.030418,0.12064
0,-0.030229,0.12044
0,-0.030038,0.12024
0,-0.029846,0.12005
0,-0.029653,0.11985
0,-0.029458,0.11965
0,-0.029262,0.11946
0,-0.029065,0.11926
0,-0.028866,0.11906
0,-0.028667,0.11887
0,-0.028465,0.11867
0,-0.028263,0.11847
0,-0.028059,0.11828
0,-0.027854,0.11808
0,-0.027648,0.11788
0,-0.027441,0.11768
0,-0.027232,0.11749
0,-0.027022,0.11729
0,-0.02681,0.11709
0,-0.026598,0.1169
0,-0.026384,0.1167
0,-0.026169,0.11651
0,-0.025953,0.11631
0,-0.025735,0.11611
0,-0.025517,0.11592
0,-0.025297,0.11572
0,-0.025076,0.11553
0,-0.024853,0.11534
0,-0.02463,0.11514
0,-0.024405,0.11495
0,-0.024179,0.11475
0,-0.023952,0.11456
0,-0.023724,0.11437
0,-0.023495,0.11418
0,-0.023264,0.11399
0,-0.023032,0.11379
0,-0.022799,0.1136
0,-0.022565,0.11341
0,-0.02233,0.11322
0,-0.022094,0.11303
0,-0.021857,0.11284
0,-0.021618,0.11266
0,-0.021378,0.11247
0,-0.021138,0.11228
0,-0.020896,0.1121
0,-0.020653,0.11191
0,-0.020409,0.11172
0,-0.020164,0.11154
0,-0.019918,0.11135
0,-0.019671,0.11117
0,-0.019423,0.11099
0,-0.019174,0.11081
0,-0.018924,0.11063
0,-0.018673,0.11045
0,-0.018421,0.11027
0,-0.018168,0.11009
0,-0.017913,0.10991
0,-0.017658,0.10973
0,-0.017402,0.10955
0,-0.017145,0.10938
0,-0.016887,0.1092
0,-0.016628,0.10903
0,-0.016369,0.10886
0,-0.016108,0.10869
0,-0.015846,0.10852
0,-0.015584,0.10834
0,-0.015321,0.10817
0,-0.015056,0.10801
0,-0.014791,0.10784
0,-0.014525,0.10767
0,-0.014259,0.10751
0,-0.013991,0.10734
0,-0.013723,0.10718
0,-0.013453,0.10702
0,-0.013183,0.10686
0,-0.012913,0.1067
0,-0.012641,0.10654
0,-0.012369,0.10638
0,-0.012096,0.10623
0,-0.011822,0.10607
0,-0.011547,0.10592
0,-0.011272,0.10576
0,-0.010996,0.10561
0,-0.01072,0.10546
0,-0.010442,0.10531
0,-0.010164,0.10516
0,-0.009886,0.10502
0,-0.009607,0.10487
0,-0.009327,0.10473
0,-0.009046,0.10459
0,-0.008765,0.10444
0,-0.008484,0.1043
0,-0.008202,0.10417
0,-0.007919,0.10403
0,-0.007635,0.10389
0,-0.007352,0.10376
0,-0.007067,0.10362
0,-0.006782,0.10349
0,-0.006497,0.10336
0,-0.006211,0.10323
0,-0.005925,0.10311
0,-0.005638,0.10298
0,-0.005351,0.10286
0,-0.005064,0.10273
0,-0.004776,0.10261
0,-0.004487,0.10249
0,-0.004199,0.10237
0,-0.003909,0.10226
0,-0.00362,0.10214
0,-0.00333,0.10203
0,-0.00304,0.10192
0,-0.00275,0.10181
0,-0.002459,0.1017
0,-0.002168,0.10159
0,-0.001877,0.10148
0,-0.001585,0.10138
0,-0.001293,0.10128
0,-0.001001,0.10118
0,-0.000709,0.10108
0,-0.000417,0.10098
0,-0.000125,0.10088
0,0.000168,0.10079
0,0.000461,0.1007
0,0.000754,0.10061
0,0.001047,0.10052
0,0.00134,0.10043
0,0.001633,0.10034
0,0.001927,0.10026
0,0.00222,0.10018
0,0.002513,0.1001
0,0.002807,0.10002
0,0.0031,0.099943
0,0.003393,0.099869
0,0.003687,0.099796
0,0.00398,0.099724
0,0.004273,0.099655
0,0.004566,0.099587
0,0.004859,0.099522
0,0.005152,0.099458
0,0.005445,0.099396
0,0.005738,0.099335
0,0.00603,0.099277
0,0.006322,0.099221
0,0.006615,0.099166
0,0.006906,0.099113
0,0.007198,0.099062
0,0.00749,0.099013
0,0.007781,0.098966
0,0.008072,0.098921
0,0.008362,0.098878
0,0.008653,0.098837
0,0.008943,0.098797
0,0.009232,0.09876
0,0.009522,0.098724
0,0.009811,0.09869
0,0.010099,0.098659
0,0.010387,0.098629
0,0.010675,0.098601
0,0.010962,0.098575
0,0.011249,0.098551
0,0.011535,0.098529
0,0.011821,0.098509
0,0.012107,0.098491
0,0.012391,0.098475
0,0.012676,0.098461
0,0.012959,0.098448
0,0.013243,0.098438
0,0.013525,0.09843
0,0.013807,0.098424
0,0.014088,0.098419
0,0.014369,0.098417
0,0.014649,0.098416
0,0.014928,0.098418
0,0.015207,0.098422
0,0.015485,0.098427
0,0.015762,0.098435
0,0.016039,0.098444
0,0.016315,0.098456
0,0.01659,0.098469
0,0.016864,0.098485
0,0.017137,0.098502
0,0.01741,0.098521
0,0.017682,0.098543
0,0.017952,0.098566
0,0.018222,0.098591
0,0.018492,0.098619
0,0.01876,0.098648
0,0.019027,0.098679
0,0.019293,0.098712
0,0.019559,0.098747
0,0.019823,0.098784
0,0.020087,0.098823
0,0.020349,0.098864
0,0.020611,0.098907
0,0.020871,0.098952
0,0.02113,0.098999
0,0.021389,0.099048
0,0.021646,0.099099
0,0.021902,0.099151
0,0.022157,0.099206
0,0.022411,0.099262
0,0.022663,0.099321
0,0.022915,0.099381
0,0.023165,0.099443
0,0.023415,0.099508
0,0.023662,0.099574
0,0.023909,0.099642
0,0.024155,0.099712
0,0.024399,0.099783
0,0.024642,0.099857
0,0.024884,0.099932
0,0.025124,0.10001
0,0.025363,0.10009
0,0.025601,0.10017
0,0.025837,0.10025
0,0.026072,0.10034
0,0.026306,0.10042
0,0.026538,0.10051
0,0.026769,0.1006
0,0.026999,0.1007
0,0.027227,0.10079
0,0.027453,0.10088
0,0.027678,0.10098
0,0.027902,0.10108
0,0.028124,0.10118
0,0.028345,0.10128
0,0.028564,0.10139
0,0.028781,0.10149
0,0.028997,0.1016
0,0.029212,0.10171
0,0.029424,0.10182
0,0.029636,0.10194
0,0.029845,0.10205
0,0.030053,0.10217
0,0.03026,0.10229
0,0.030465,0.1024
0,0.030668,0.10253
0,0.030869,0.10265
0,0.031069,0.10277
0,0.031267,0.1029
0,0.031463,0.10303
0,0.031658,0.10316
0,0.031851,0.10329
0,0.032042,0.10342
0,0.032231,0.10355
0,0.032419,0.10369
0,0.032604,0.10383
0,0.032788,0.10397
0,0.03297,0.10411
0,0.033151,0.10425
0,0.033329,0.10439
0,0.033506,0.10453
0,0.033681,0.10468
0,0.033854,0.10483
0,0.034025,0.10498
0,0.034194,0.10513
0,0.034361,0.10528
0,0.034526,0.10543
0,0.03469,0.10558
0,0.034851,0.10574
0,0.035011,0.1059
0,0.035168,0.10606
0,0.035324,0.10622
0,0.035477,0.10638
0,0.035629,0.10654
0,0.035778,0.1067
0,0.035926,0.10687
0,0.036071,0.10703
0,0.036215,0.1072
0,0.036356,0.10737
0,0.036495,0.10754
0,0.036633,0.10771
0,0.036768,0.10788
0,0.036901,0.10805
0,0.037032,0.10823
0,0.037161,0.1084
0,0.037288,0.10858
0,0.037413,0.10876
0,0.037535,0.10893
0,0.037656,0.10911
0,0.037774,0.10929
0,0.03789,0.10947
0,0.038004,0.10966
0,0.038116,0.10984
0,0.038225,0.11002
0,0.038333,0.11021
0,0.038438,0.11039
0,0.038541,0.11058
0,0.038642,0.11077
0,0.03874,0.11096
0,0.038837,0.11115
0,0.038931,0.11134
0,0.039023,0.11153
0,0.039112,0.11172
0,0.0392,0.11191
0,0.039285,0.11211
0,0.039367,0.1123
0,0.039448,0.1125
0,0.039526,0.11269
0,0.039602,0.11289
0,0.039676,0.11309
0,0.039747,0.11328
0,0.039816,0.11348
0,0.039883,0.11368
0,0.039948,0.11388
0,0.04001,0.11408
0,0.04007,0.11428
0,0.040127,0.11448
0,0.040182,0.11468
0,0.040235,0.11488
0,0.040286,0.11509
0,0.040334,0.11529
0,0.04038,0.11549
0,0.040423,0.11569
0,0.040464,0.1159
0,0.040503,0.1161
0,0.040539,0.11631
0,0.040573,0.11651
0,0.040605,0.11672
0,0.040634,0.11692
0,0.040661,0.11713
0,0.040685,0.11733
0,0.040708,0.11754
0,0.040727,0.11775
0,0.040745,0.11795
0,0.04076,0.11816
0,0.040772,0.11837
0,0.040782,0.11857
0,0.04079,0.11878
0,0.040796,0.11899
0,0.040799,0.1192
0,0.040799,0.1194
0,0.040798,0.11961
0,0.040794,0.11982
0,0.040788,0.12002
0,0.040779,0.12023
0,0.040767,0.12044
0,0.040753,0.12065
0,0.040737,0.12085
0,0.040718,0.12106
0,0.040696,0.12127
0,0.040672,0.12148
0,0.040646,0.12168
0,0.040616,0.12189
0,0.040585,0.1221
0,0.04055,0.1223
0,0.040514,0.12251
0,0.040474,0.12271
0,0.040433,0.12292
0,0.040388,0.12312
0,0.040341,0.12333
0,0.040292,0.12353
0,0.04024,0.12374
0,0.040185,0.12394
0,0.040128,0.12415
0,0.040068,0.12435
0,0.040006,0.12455
0,0.039942,0.12475
0,0.039874,0.12495
0,0.039805,0.12516
0,0.039732,0.12536
0,0.039657,0.12556
0,0.03958,0.12576
0,0.0395,0.12596
0,0.039418,0.12615
0,0.039333,0.12635
0,0.039245,0.12655
0,0.039155,0.12675
0,0.039062,0.12694
0,0.038967,0.12714
0,0.038869,0.12733
0,0.038769,0.12753
0,0.038666,0.12772
0,0.038561,0.12792
0,0.038453,0.12811
0,0.038342,0.1283
0,0.038229,0.12849
0,0.038114,0.12868
0,0.037996,0.12887
0,0.037875,0.12906
0,0.037752,0.12924
0,0.037626,0.12943
0,0.037498,0.12962
0,0.037367,0.1298
0,0.037234,0.12998
0,0.037098,0.13017
0,0.036959,0.13035
0,0.036818,0.13053
0,0.036675,0.13071
0,0.036529,0.13089
0,0.03638,0.13106
0,0.036229,0.13124
0,0.036075,0.13142
0,0.035918,0.13159
0,0.035759,0.13176
0,0.035598,0.13194
0,0.035434,0.13211
0,0.035267,0.13228
0,0.035098,0.13245
0,0.034926,0.13262
0,0.034752,0.13278
0,0.034575,0.13295
0,0.034395,0.13311
0,0.034213,0.13327
0,0.034029,0.13343
0,0.033842,0.13359
0,0.033652,0.13375
0,0.033459,0.13391
0,0.033265,0.13406
0,0.033067,0.13422
0,0.032867,0.13437
0,0.032664,0.13452
0,0.032459,0.13467
0,0.032251,0.13482
0,0.032041,0.13497
0,0.031827,0.13511
0,0.031612,0.13526
0,0.031394,0.1354
0,0.031173,0.13554
0,0.030949,0.13568
0,0.030723,0.13582
0,0.030494,0.13595
0,0.030263,0.13609
0,0.030029,0.13622
0,0.029792,0.13635
0,0.029553,0.13648
0,0.029311,0.1366
0,0.029067,0.13673
0,0.028819,0.13685
0,0.028569,0.13697
0,0.028317,0.13709
0,0.028062,0.13721
0,0.027804,0.13733
0,0.027546,0.13744
0,0.027294,0.13755
0,0.02704,0.13766
0,0.026784,0.13777
0,0.026526,0.13787
0,0.026267,0.13798
0,0.026005,0.13808
0,0.025741,0.13818
0,0.025476,0.13828
0,0.025208,0.13837
0,0.024939,0.13847
0,0.024667,0.13856
0,0.024394,0.13865
0,0.024119,0.13873
0,0.023842,0.13882
0,0.023564,0.1389
0,0.023283,0.13898
0,0.023001,0.13906
0,0.022717,0.13913
0,0.022431,0.13921
0,0.022143,0.13928
0,0.021854,0.13935
0,0.021563,0.13941
0,0.02127,0.13948
0,0.020975,0.13954
0,0.020679,0.1396
0,0.020381,0.13965
0,0.020082,0.13971
0,0.01978,0.13976
0,0.019478,0.13981
0,0.019173,0.13985
0,0.018867,0.1399
0,0.018559,0.13994
0,0.01825,0.13997
0,0.017939,0.14001
0,0.017627,0.14004
0,0.017313,0.14007
0,0.016997,0.1401
0,0.016681,0.14013
0,0.016362,0.14015
0,0.016042,0.14017
0,0.015721,0.14018
0,0.015398,0.1402
0,0.015074,0.14021
0,0.014748,0.14022
0,0.014421,0.14022
0,0.014093,0.14022
0,0.013763,0.14022
0,0.013432,0.14022
0,0.0131,0.14022
0,0.012766,0.1402
0,0.012432,0.14019
0,0.012096,0.14018
0,0.011758,0.14016
0,0.01142,0.14014
0,0.01108,0.14012
0,0.01074,0.14009
0,0.010398,0.14006
0,0.010055,0.14003
0,0.009711,0.13999
0,0.009366,0.13995
0,0.00902,0.13991
0,0.008673,0.13987
0,0.008325,0.13982
0,0.007976,0.13977
0,0.007627,0.13971
0,0.007276,0.13966
0,0.006925,0.1396
0,0.006573,0.13953
0,0.00622,0.13947
0,0.005866,0.1394
0,0.005512,0.13933
0,0.005157,0.13925
0,0.004801,0.13917
0,0.004445,0.13909
0,0.004088,0.13901
0,0.00373,0.13892
0,0.003372,0.13883
0,0.003014,0.13874
0,0.002655,0.13864
0,0.002295,0.13855
0,0.001935,0.13845
0,0.001575,0.13834
0,0.001215,0.13823
0,0.000854,0.13812
0,0.000493,0.13801
0,0.000132,0.13789
0,-0.00023,0.13777
0,-0.000592,0.13765
0,-0.000953,0.13753
0,-0.001315,0.1374
0,-0.001677,0.13727
0,-0.002039,0.13713
0,-0.002401,0.137
0,-0.002763,0.13686
0,-0.003125,0.13671
0,-0.003487,0.13657
0,-0.003848,0.13642
0,-0.00421,0.13627
0,-0.004571,0.13612
0,-0.004932,0.13596
0,-0.005293,0.1358
0,-0.005653,0.13564
0,-0.006013,0.13548
0,-0.006373,0.13531
0,-0.006733,0.13514
0,-0.007091,0.13497
0,-0.00745,0.1348
0,-0.007808,0.13462
0,-0.008165,0.13444
0,-0.008522,0.13426
0,-0.008878,0.13407
0,-0.009234,0.13389
0,-0.009588,0.1337
0,-0.009943,0.13351
0,-0.010296,0.13331
0,-0.010649,0.13312
0,-0.011,0.13292
0,-0.011351,0.13272
0,-0.011702,0.13252
0,-0.012051,0.13231
0,-0.012399,0.13211
0,-0.012746,0.1319
0,-0.013093,0.13168
0,-0.013438,0.13147
0,-0.013782,0.13126
0,-0.014125,0.13104
0,-0.014467,0.13082
0,-0.014808,0.1306
0,-0.015148,0.13038
0,-0.015486,0.13015
0,-0.015823,0.12992
0,-0.016159,0.1297
0,-0.016494,0.12946
0,-0.016827,0.12923
0,-0.017159,0.129
0,-0.017489,0.12876
0,-0.017818,0.12853
0,-0.018146,0.12829
0,-0.018472,0.12805
0,-0.018796,0.12781
0,-0.019119,0.12757
0,-0.01944,0.12732
0,-0.01976,0.12708
0,-0.020078,0.12683
0,-0.020395,0.12658
0,-0.02071,0.12633
0,-0.021023,0.12608
0,-0.021334,0.12583
0,-0.021644,0.12558
0,-0.021952,0.12532
0,-0.022258,0.12507
0,-0.022562,0.12481
0,-0.022864,0.12456
0,-0.023165,0.1243
0,-0.023463,0.12404
0,-0.02376,0.12378
0,-0.024054,0.12352
0,-0.024347,0.12326
0,-0.024638,0.123
0,-0.024926,0.12274
0,-0.025213,0.12248
0,-0.025497,0.12222
0,-0.02578,0.12195
0,-0.02606,0.12169
0,-0.026338,0.12143
0,-0.026614,0.12116
0,-0.026888,0.1209
0,-0.02716,0.12063
0,-0.027429,0.12037
0,-0.027697,0.1201
0,-0.027962,0.11984
0,-0.028225,0.11957
0,-0.028485,0.11931
0,-0.028744,0.11904
0,-0.029,0.11878
0,-0.029253,0.11851
0,-0.02951,0.11825
0,-0.02977,0.11798
0,-0.030027,0.11771
0,-0.030281,0.11745
0,-0.030533,0.11718
0,-0.030782,0.11692
0,-0.031028,0.11665
0,-0.031272,0.11639
0,-0.031513,0.11612
0,-0.031752,0.11586
0,-0.031988,0.1156
0,-0.032221,0.11533
0,-0.032452,0.11507
0,-0.03268,0.11481
0,-0.032905,0.11455
0,-0.033128,0.11429
0,-0.033348,0.11403
0,-0.033565,0.11377
0,-0.03378,0.11352
0,-0.033992,0.11326
0,-0.034201,0.113
0,-0.034408,0.11275
0,-0.034612,0.1125
0,-0.034813,0.11224
0,-0.035012,0.11199
0,-0.035208,0.11174
0,-0.035401,0.11149
0,-0.035592,0.11125
0,-0.03578,0.111
0,-0.035965,0.11076
0,-0.036147,0.11051
0,-0.036326,0.11027
0,-0.036503,0.11003
0,-0.036677,0.10979
0,-0.036848,0.10955
0,-0.037017,0.10931
0,-0.037182,0.10908
0,-0.037345,0.10885
0,-0.037504,0.10861
0,-0.037661,0.10838
0,-0.037815,0.10816
0,-0.037965,0.10793
0,-0.038113,0.10771
0,-0.038258,0.10748
0,-0.038399,0.10726
0,-0.038537,0.10705
0,-0.038672,0.10683
0,-0.038804,0.10662
0,-0.038932,0.10641
0,-0.039056,0.1062
0,-0.039177,0.10599
0,-0.039294,0.10579
0,-0.039407,0.10558
0,-0.039515,0.10539
0,-0.039619,0.10519
0,-0.039717,0.105
0,-0.039809,0.10481
0,-0.039895,0.10462
0,-0.039972,0.10444
0,-0.040038,0.10426
0,-0.040117,0.10408
0,-0.040218,0.1039
0,-0.040316,0.10372
0,-0.040411,0.10355
0,-0.040501,0.10338
0,-0.040587,0.10321
0,-0.040668,0.10304
0,-0.040742,0.10288
0,-0.040805,0.10272
0,-0.040831,0.10257
0,-0.040899,0.10242
0,-0.040996,0.10227
0,-0.041091,0.10211
0,-0.041183,0.10196
0,-0.041273,0.10182
0,-0.04136,0.10167
0,-0.041446,0.10153
0,-0.041529,0.1014
0,-0.04161,0.10126
0,-0.041689,0.10113
0,-0.041765,0.10101
0,-0.04184,0.10088
0,-0.041912,0.10076
0,-0.041982,0.10065
0,-0.04205,0.10053
0,-0.042116,0.10043
0,-0.04218,0.10032
0,-0.042242,0.10022
0,-0.042302,0.10012
0,-0.04236,0.10002
0,-0.042416,0.099932
0,-0.04247,0.099845
0,-0.042522,0.099761
0,-0.042573,0.099681
0,-0.042621,0.099604
0,-0.042667,0.099532
0,-0.042712,0.099463
0,-0.042754,0.099398
0,-0.042795,0.099338
0,-0.042835,0.099281
0,-0.042872,0.099228
0,-0.042907,0.099179
0,-0.042941,0.099134
0,-0.042973,0.099093
0,-0.043003,0.099056
0,-0.043032,0.099024
0,-0.043059,0.098995
0,-0.043084,0.09897
0,-0.043108,0.09895
0,-0.04313,0.098934
0,-0.043151,0.098922
0,-0.043193,0.098909
0,-0.043334,0.098879
0,-0.043411,0.098866
0,-0.043473,0.098859
0,-0.043527,0.098858
0,-0.043576,0.098862
0,-0.04362,0.098871
0,-0.043661,0.098884
0,-0.043699,0.098901
0,-0.043733,0.098923
0,-0.043766,0.09895
0,-0.043796,0.098981
0,-0.043824,0.099016
0,-0.04385,0.099055
0,-0.043874,0.099099
0,-0.043897,0.099147
0,-0.043917,0.0992
0,-0.043936,0.099256
0,-0.043953,0.099317
0,-0.043969,0.099382
0,-0.043983,0.099451
0,-0.043996,0.099525
0,-0.044007,0.099603
0,-0.044017,0.099685
0,-0.044026,0.099771
0,-0.044033,0.099861
0,-0.044039,0.099955
0,-0.044044,0.10005
0,-0.044048,0.10016
0,-0.04405,0.10026
0,-0.044052,0.10037
0,-0.044052,0.10049
0,-0.044051,0.10061
0,-0.04405,0.10073
0,-0.044047,0.10086
0,-0.044043,0.10099
0,-0.044039,0.10112
0,-0.044033,0.10126
0,-0.044027,0.1014
0,-0.04402,0.10155
0,-0.044012,0.1017
0,-0.044003,0.10186
0,-0.043993,0.10201
0,-0.043983,0.10218
0,-0.043972,0.10234
0,-0.04396,0.10251
0,-0.043948,0.10268
0,-0.043935,0.10286
0,-0.043922,0.10304
0,-0.043908,0.10322
0,-0.043894,0.10341
0,-0.043879,0.1036
0,-0.043863,0.10379
0,-0.043848,0.10399
0,-0.043831,0.10419
0,-0.043815,0.1044
0,-0.043798,0.1046
0,-0.043781,0.10482
0,-0.043763,0.10503
0,-0.043746,0.10525
0,-0.043728,0.10547
0,-0.04371,0.10569
0,-0.043691,0.10591
0,-0.043673,0.10614
0,-0.043654,0.10638
0,-0.043636,0.10661
0,-0.043617,0.10685
0,-0.043598,0.10709
0,-0.04358,0.10733
0,-0.043561,0.10758
0,-0.043543,0.10783
0,-0.043524,0.10808
0,-0.043506,0.10833
0,-0.043487,0.10859
0,-0.043469,0.10885
0,-0.043451,0.10911
0,-0.043434,0.10937
0,-0.043416,0.10964
0,-0.043399,0.10991
0,-0.043382,0.11017
0,-0.043365,0.11045
0,-0.043349,0.11072
0,-0.043333,0.111
0,-0.043317,0.11127
0,-0.043302,0.11155
0,-0.043287,0.11183
0,-0.043273,0.11212
0,-0.043259,0.1124
0,-0.043245,0.11269
0,-0.043232,0.11298
0,-0.043219,0.11326
0,-0.043207,0.11356
0,-0.043196,0.11385
0,-0.043185,0.11414
0,-0.043174,0.11443
0,-0.043164,0.11473
0,-0.043155,0.11503
0,-0.043146,0.11532
0,-0.043138,0.11562
0,-0.04313,0.11592
0,-0.043123,0.11622
0,-0.043116,0.11652
0,-0.043111,0.11682
0,-0.043105,0.11712
0,-0.043101,0.11743
0,-0.043097,0.11773
0,-0.043094,0.11803
0,-0.043091,0.11834
0,-0.043089,0.11864
0,-0.043088,0.11894
0,-0.043087,0.11925
0,-0.043087,0.11955
0,-0.043088,0.11986
0,-0.043089,0.12016
0,-0.043091,0.12046
0,-0.043094,0.12077
0,-0.043097,0.12107
0,-0.043101,0.12137
0,-0.043105,0.12168
0,-0.043111,0.12198
0,-0.043116,0.12228
0,-0.043123,0.12258
0,-0.04313,0.12288
0,-0.043138,0.12318
0,-0.043146,0.12348
0,-0.043155,0.12377
0,-0.043164,0.12407
0,-0.043174,0.12437
0,-0.043185,0.12466
0,-0.043196,0.12495
0,-0.043207,0.12524
0,-0.043219,0.12554
0,-0.043232,0.12582
0,-0.043245,0.12611
0,-0.043259,0.1264
0,-0.043273,0.12668
0,-0.043287,0.12697
0,-0.043302,0.12725
0,-0.043317,0.12753
0,-0.043333,0.1278
0,-0.043349,0.12808
0,-0.043365,0.12835
0,-0.043382,0.12863
0,-0.043399,0.1289
0,-0.043416,0.12916
0,-0.043433,0.12943
0,-0.043451,0.12969
0,-0.043469,0.12995
0,-0.043487,0.13021
0,-0.043505,0.13047
0,-0.043524,0.13072
0,-0.043542,0.13097
0,-0.043561,0.13122
0,-0.04358,0.13147
0,-0.043598,0.13171
0,-0.043617,0.13195
0,-0.043635,0.13219
0,-0.043654,0.13242
0,-0.043673,0.13266
0,-0.043691,0.13289
0,-0.043709,0.13311
0,-0.043727,0.13333
0,-0.043745,0.13355
0,-0.043763,0.13377
0,-0.04378,0.13398
0,-0.043798,0.1342
0,-0.043815,0.1344
0,-0.043831,0.13461
0,-0.043847,0.13481
0,-0.043863,0.135
0,-0.043878,0.1352
0,-0.043893,0.13539
0,-0.043908,0.13558
0,-0.043922,0.13576
0,-0.043935,0.13594
0,-0.043948,0.13612
0,-0.04396,0.13629
0,-0.043972,0.13646
0,-0.043983,0.13662
0,-0.043993,0.13679
0,-0.044003,0.13694
0,-0.044011,0.1371
0,-0.044019,0.13725
0,-0.044027,0.13739
0,-0.044033,0.13754
0,-0.044039,0.13768
0,-0.044043,0.13781
0,-0.044047,0.13794
0,-0.04405,0.13807
0,-0.044051,0.13819
0,-0.044052,0.13831
0,-0.044052,0.13843
0,-0.04405,0.13854
0,-0.044048,0.13864
0,-0.044044,0.13875
0,-0.044039,0.13884
0,-0.044033,0.13894
0,-0.044026,0.13903
0,-0.044018,0.13911
0,-0.044008,0.1392
0,-0.043996,0.13928
0,-0.043984,0.13935
0,-0.04397,0.13942
0,-0.043954,0.13948
0,-0.043937,0.13954
0,-0.043918,0.1396
0,-0.043898,0.13965
0,-0.043876,0.1397
0,-0.043852,0.13975
0,-0.043826,0.13978
0,-0.043798,0.13982
0,-0.043768,0.13985
0,-0.043736,0.13988
0,-0.043701,0.1399
0,-0.043664,0.13992
0,-0.043624,0.13993
0,-0.04358,0.13994
0,-0.043532,0.13994
0,-0.043479,0.13994
0,-0.043419,0.13994
0,-0.043346,0.13992
0,-0.043235,0.1399
0,-0.043151,0.13988
0,-0.04313,0.13987
0,-0.043108,0.13985
0,-0.043085,0.13983
0,-0.043059,0.13981
0,-0.043032,0.13978
0,-0.043004,0.13974
0,-0.042974,0.13971
0,-0.042942,0.13967
0,-0.042908,0.13962
0,-0.042872,0.13957
0,-0.042835,0.13952
0,-0.042796,0.13946
0,-0.042755,0.1394
0,-0.042712,0.13934
0,-0.042668,0.13927
0,-0.042622,0.1392
0,-0.042573,0.13912
0,-0.042523,0.13904
0,-0.042471,0.13896
0,-0.042417,0.13887
0,-0.042361,0.13878
0,-0.042303,0.13868
0,-0.042243,0.13858
0,-0.042182,0.13848
0,-0.042118,0.13838
0,-0.042052,0.13827
0,-0.041984,0.13815
0,-0.041913,0.13804
0,-0.041841,0.13792
0,-0.041767,0.1378
0,-0.04169,0.13767
0,-0.041611,0.13754
0,-0.04153,0.1374
0,-0.041447,0.13727
0,-0.041362,0.13713
0,-0.041274,0.13698
0,-0.041185,0.13684
0,-0.041093,0.13669
0,-0.040998,0.13654
0,-0.040901,0.13638
0,-0.040828,0.13623
0,-0.040805,0.13608
0,-0.040743,0.13592
0,-0.04067,0.13576
0,-0.040589,0.1356
0,-0.040503,0.13543
0,-0.040413,0.13526
0,-0.040318,0.13508
0,-0.04022,0.1349
0,-0.040119,0.13472
0,-0.040038,0.13454
0,-0.039973,0.13436
0,-0.039896,0.13418
0,-0.039811,0.134
0,-0.039719,0.13381
0,-0.039621,0.13361
0,-0.039517,0.13342
0,-0.039409,0.13322
0,-0.039297,0.13302
0,-0.03918,0.13281
0,-0.039059,0.13261
0,-0.038935,0.1324
0,-0.038807,0.13219
0,-0.038675,0.13197
0,-0.03854,0.13176
0,-0.038402,0.13154
0,-0.038261,0.13132
0,-0.038116,0.1311
0,-0.037969,0.13087
0,-0.037818,0.13065
0,-0.037664,0.13042
0,-0.037507,0.13019
0,-0.037348,0.12996
0,-0.037185,0.12973
0,-0.03702,0.12949
0,-0.036852,0.12926
0,-0.036681,0.12902
0,-0.036507,0.12878
0,-0.03633,0.12854
0,-0.036151,0.12829
0,-0.035968,0.12805
0,-0.035784,0.12781
0,-0.035596,0.12756
0,-0.035405,0.12731
0,-0.035212,0.12706
0,-0.035016,0.12681
0,-0.034818,0.12656
0,-0.034617,0.12631
0,-0.034413,0.12606
0,-0.034206,0.1258
0,-0.033997,0.12554
0,-0.033785,0.12529
0,-0.03357,0.12503
0,-0.033353,0.12477
0,-0.033133,0.12452
0,-0.032911,0.12426
0,-0.032685,0.124
0,-0.032458,0.12373
0,-0.032227,0.12347
0,-0.031994,0.12321
0,-0.031758,0.12295
0,-0.03152,0.12269
0,-0.031279,0.12242
0,-0.031036,0.12216
0,-0.030789,0.12189
0,-0.030541,0.12163
0,-0.030289,0.12136
0,-0.030035,0.1211
0,-0.029779,0.12083
0,-0.029519,0.12056
0,-0.029266,0.1203
0,-0.029012,0.12003
0,-0.028756,0.11977
0,-0.028498,0.1195
0,-0.028238,0.11924
0,-0.027975,0.11897
0,-0.02771,0.11871
0,-0.027443,0.11844
0,-0.027174,0.11818
0,-0.026902,0.11791
0,-0.026629,0.11765
0,-0.026353,0.11739
0,-0.026075,0.11712
0,-0.025795,0.11686
0,-0.025513,0.1166
0,-0.025228,0.11633
0,-0.024942,0.11607
0,-0.024654,0.11581
0,-0.024363,0.11555
0,-0.024071,0.11529
0,-0.023776,0.11503
0,-0.02348,0.11477
0,-0.023182,0.11451
0,-0.022882,0.11425
0,-0.022579,0.114
0,-0.022275,0.11374
0,-0.02197,0.11349
0,-0.021662,0.11324
0,-0.021353,0.11298
0,-0.021041,0.11273
0,-0.020729,0.11248
0,-0.020414,0.11223
0,-0.020098,0.11198
0,-0.01978,0.11174
0,-0.01946,0.11149
0,-0.019139,0.11125
0,-0.018816,0.11101
0,-0.018492,0.11076
0,-0.018166,0.11052
0,-0.017839,0.11029
0,-0.01751,0.11005
0,-0.01718,0.10981
0,-0.016848,0.10958
0,-0.016515,0.10935
0,-0.016181,0.10912
0,-0.015845,0.10889
0,-0.015508,0.10866
0,-0.01517,0.10844
0,-0.01483,0.10822
0,-0.01449,0.10799
0,-0.014148,0.10777
0,-0.013805,0.10756
0,-0.013461,0.10734
0,-0.013116,0.10713
0,-0.012769,0.10692
0,-0.012422,0.10671
0,-0.012074,0.1065
0,-0.011725,0.1063
0,-0.011375,0.10609
0,-0.011024,0.10589
0,-0.010673,0.10569
0,-0.01032,0.1055
0,-0.009967,0.1053
0,-0.009613,0.10511
0,-0.009258,0.10492
0,-0.008903,0.10474
0,-0.008546,0.10455
0,-0.00819,0.10437
0,-0.007832,0.10419
0,-0.007475,0.10401
0,-0.007116,0.10384
0,-0.006758,0.10367
0,-0.006398,0.1035
0,-0.006039,0.10333
0,-0.005679,0.10317
0,-0.005318,0.10301
0,-0.004957,0.10285
0,-0.004596,0.10269
0,-0.004235,0.10254
0,-0.003874,0.10239
0,-0.003512,0.10224
0,-0.00315,0.1021
0,-0.002789,0.10195
0,-0.002427,0.10181
0,-0.002065,0.10168
0,-0.001703,0.10154
0,-0.001341,0.10141
0,-0.000979,0.10128
0,-0.000617,0.10116
0,-0.000255,0.10104
0,0.000106,0.10092
0,0.000467,0.1008
0,0.000828,0.10069
0,0.001189,0.10057
0,0.00155,0.10047
0,0.00191,0.10036
0,0.00227,0.10026
0,0.002629,0.10016
0,0.002988,0.10007
0,0.003347,0.099973
0,0.003705,0.099883
0,0.004062,0.099795
0,0.004419,0.099711
0,0.004776,0.09963
0,0.005132,0.099552
0,0.005487,0.099477
0,0.005841,0.099405
0,0.006195,0.099336
0,0.006548,0.09927
0,0.0069,0.099207
0,0.007252,0.099147
0,0.007602,0.09909
0,0.007952,0.099036
0,0.008301,0.098986
0,0.008649,0.098938
0,0.008996,0.098893
0,0.009342,0.098851
0,0.009687,0.098812
0,0.010031,0.098776
0,0.010374,0.098743
0,0.010716,0.098713
0,0.011057,0.098686
0,0.011397,0.098662
0,0.011735,0.098641
0,0.012072,0.098623
0,0.012409,0.098608
0,0.012744,0.098596
0,0.013077,0.098586
0,0.01341,0.09858
0,0.013741,0.098576
0,0.014071,0.098576
0,0.014399,0.098578
0,0.014726,0.098583
0,0.015052,0.098591
0,0.015376,0.098602
0,0.015699,0.098615
0,0.016021,0.098632
0,0.016341,0.098651
0,0.016659,0.098673
0,0.016976,0.098697
0,0.017292,0.098725
0,0.017606,0.098755
0,0.017919,0.098788
0,0.01823,0.098823
0,0.018539,0.098861
0,0.018847,0.098902
0,0.019153,0.098946
0,0.019458,0.098992
0,0.019761,0.09904
0,0.020062,0.099091
0,0.020362,0.099145
0,0.02066,0.099201
0,0.020956,0.09926
0,0.021251,0.099321
0,0.021544,0.099385
0,0.021835,0.099451
0,0.022125,0.099519
0,0.022413,0.09959
0,0.022699,0.099663
0,0.022983,0.099739
0,0.023265,0.099817
0,0.023546,0.099897
0,0.023825,0.099979
0,0.024102,0.10006
0,0.024377,0.10015
0,0.024651,0.10024
0,0.024922,0.10033
0,0.025192,0.10042
0,0.02546,0.10052
0,0.025725,0.10062
0,0.025989,0.10072
0,0.026251,0.10082
0,0.026511,0.10092
0,0.026769,0.10103
0,0.027025,0.10114
0,0.027279,0.10125
0,0.027532,0.10136
0,0.027793,0.10147
0,0.028052,0.10159
0,0.028307,0.1017
0,0.02856,0.10182
0,0.02881,0.10194
0,0.029058,0.10207
0,0.029303,0.10219
0,0.029545,0.10232
0,0.029785,0.10245
0,0.030021,0.10258
0,0.030256,0.10271
0,0.030487,0.10285
0,0.030716,0.10298
0,0.030943,0.10312
0,0.031166,0.10326
0,0.031388,0.1034
0,0.031606,0.10354
0,0.031822,0.10368
0,0.032035,0.10383
0,0.032246,0.10398
0,0.032454,0.10412
0,0.032659,0.10427
0,0.032862,0.10443
0,0.033063,0.10458
0,0.03326,0.10473
0,0.033455,0.10489
0,0.033648,0.10505
0,0.033838,0.1052
0,0.034025,0.10536
0,0.03421,0.10552
0,0.034392,0.10569
0,0.034572,0.10585
0,0.034749,0.10602
0,0.034923,0.10618
0,0.035095,0.10635
0,0.035265,0.10652
0,0.035431,0.10669
0,0.035595,0.10686
0,0.035757,0.10703
0,0.035916,0.10721
0,0.036073,0.10738
0,0.036227,0.10756
0,0.036378,0.10773
0,0.036527,0.10791
0,0.036673,0.10809
0,0.036817,0.10827
0,0.036958,0.10845
0,0.037096,0.10863
0,0.037232,0.10882
0,0.037366,0.109
0,0.037497,0.10918
0,0.037625,0.10937
0,0.037751,0.10956
0,0.037874,0.10974
0,0.037995,0.10993
0,0.038113,0.11012
0,0.038229,0.11031
0,0.038342,0.1105
0,0.038452,0.11069
0,0.03856,0.11088
0,0.038666,0.11108
0,0.038768,0.11127
0,0.038869,0.11146
0,0.038967,0.11166
0,0.039062,0.11186
0,0.039154,0.11205
0,0.039245,0.11225
0,0.039332,0.11245
0,0.039417,0.11264
0,0.0395,0.11284
0,0.03958,0.11304
0,0.039657,0.11324
0,0.039732,0.11344
0,0.039804,0.11364
0,0.039874,0.11385
0,0.039941,0.11405
0,0.040006,0.11425
0,0.040068,0.11445
0,0.040128,0.11466
0,0.040185,0.11486
0,0.04024,0.11506
0,0.040292,0.11527
0,0.040341,0.11547
0,0.040388,0.11568
0,0.040432,0.11588
0,0.040474,0.11609
0,0.040514,0.11629
0,0.04055,0.1165
0,0.040585,0.1167
0,0.040616,0.11691
0,0.040646,0.11712
0,0.040672,0.11732
0,0.040696,0.11753
0,0.040718,0.11774
0,0.040737,0.11795
0,0.040753,0.11815
0,0.040767,0.11836
0,0.040779,0.11857
0,0.040788,0.11878
0,0.040794,0.11898
0,0.040798,0.11919
