0,0,0.1279
0,-0,0.1279
0,0,0.12791
0,0,0.12791
0,0,0.12792
0,1e-06,0.12794
0,1e-06,0.12795
0,2e-06,0.12797
0,3e-06,0.12799
0,5e-06,0.12802
0,7e-06,0.12805
0,9e-06,0.12808
0,1.2e-05,0.12811
0,1.5e-05,0.12815
0,1.9e-05,0.12819
0,2.4e-05,0.12823
0,2.9e-05,0.12828
0,3.5e-05,0.12832
0,4.1e-05,0.12837
0,4.9e-05,0.12843
0,5.7e-05,0.12848
0,6.7e-05,0.12854
0,7.7e-05,0.1286
0,8.8e-05,0.12867
0,0.0001,0.12873
0,0.000113,0.1288
0,0.000128,0.12887
0,0.000143,0.12894
0,0.00016,0.12902
0,0.000178,0.1291
0,0.000197,0.12918
0,0.000218,0.12926
0,0.00024,0.12935
0,0.000263,0.12943
0,0.000287,0.12952
0,0.000313,0.12962
0,0.000341,0.12971
0,0.00037,0.1298
0,0.000401,0.1299
0,0.000433,0.13
0,0.000467,0.1301
0,0.000502,0.13021
0,0.000539,0.13031
0,0.000578,0.13042
0,0.000618,0.13053
0,0.000661,0.13064
0,0.000705,0.13075
0,0.000751,0.13087
0,0.000798,0.13098
0,0.000848,0.1311
0,0.000899,0.13122
0,0.000953,0.13134
0,0.001008,0.13146
0,0.001065,0.13158
0,0.001124,0.13171
0,0.001185,0.13183
0,0.001248,0.13196
0,0.001314,0.13209
0,0.001381,0.13221
0,0.00145,0.13234
0,0.001521,0.13247
0,0.001595,0.13261
0,0.00167,0.13274
0,0.001748,0.13287
0,0.001827,0.133
0,0.001909,0.13313
0,0.001993,0.13327
0,0.002079,0.1334
0,0.002168,0.13354
0,0.002258,0.13367
0,0.002351,0.13381
0,0.002445,0.13394
0,0.002542,0.13407
0,0.002641,0.13421
0,0.002743,0.13434
0,0.002846,0.13448
0,0.002952,0.13461
0,0.00306,0.13474
0,0.00317,0.13487
0,0.003282,0.13501
0,0.003396,0.13514
0,0.003512,0.13527
0,0.003631,0.1354
0,0.003751,0.13553
0,0.003874,0.13565
0,0.003999,0.13578
0,0.004126,0.13591
0,0.004255,0.13603
0,0.004386,0.13615
0,0.004519,0.13628
0,0.004654,0.1364
0,0.004791,0.13652
0,0.00493,0.13663
0,0.005071,0.13675
0,0.005214,0.13686
0,0.005359,0.13698
0,0.005506,0.13709
0,0.005655,0.1372
0,0.005805,0.1373
0,0.005957,0.13741
0,0.006111,0.13751
0,0.006267,0.13761
0,0.006425,0.13771
0,0.006584,0.13781
0,0.006745,0.1379
0,0.006908,0.138
0,0.007072,0.13809
0,0.007238,0.13818
0,0.007405,0.13826
0,0.007574,0.13835
0,0.007745,0.13843
0,0.007916,0.13851
0,0.00809,0.13858
0,0.008264,0.13866
0,0.00844,0.13873
0,0.008618,0.1388
0,0.008796,0.13886
0,0.008976,0.13893
0,0.009157,0.13899
0,0.00934,0.13905
0,0.009523,0.1391
0,0.009707,0.13916
0,0.009893,0.13921
0,0.010079,0.13925
0,0.010267,0.1393
0,0.010455,0.13934
0,0.010644,0.13938
0,0.010835,0.13942
0,0.011025,0.13945
0,0.011217,0.13949
0,0.011409,0.13952
0,0.011602,0.13954
0,0.011796,0.13956
0,0.01199,0.13959
0,0.012185,0.1396
0,0.01238,0.13962
0,0.012575,0.13963
0,0.012771,0.13964
0,0.012967,0.13965
0,0.013164,0.13965
0,0.01336,0.13965
0,0.013557,0.13965
0,0.013754,0.13965
0,0.013951,0.13964
0,0.014148,0.13963
0,0.014346,0.13962
0,0.014543,0.1396
0,0.014739,0.13958
0,0.014936,0.13956
0,0.015133,0.13954
0,0.015329,0.13951
0,0.015525,0.13948
0,0.01572,0.13945
0,0.015915,0.13941
0,0.01611,0.13937
0,0.016304,0.13933
0,0.016498,0.13929
0,0.016691,0.13924
0,0.016883,0.13919
0,0.017075,0.13914
0,0.017266,0.13908
0,0.017456,0.13903
0,0.017645,0.13896
0,0.017834,0.1389
0,0.018021,0.13883
0,0.018208,0.13877
0,0.018393,0.1387
0,0.018578,0.13862
0,0.018761,0.13854
0,0.018944,0.13847
0,0.019125,0.13838
0,0.019305,0.1383
0,0.019483,0.13821
0,0.019661,0.13812
0,0.019837,0.13803
0,0.020012,0.13794
0,0.020185,0.13784
0,0.020357,0.13774
0,0.020527,0.13764
0,0.020696,0.13753
0,0.020863,0.13743
0,0.021028,0.13732
0,0.021192,0.13721
0,0.021355,0.1371
0,0.021515,0.13698
0,0.021674,0.13686
0,0.021831,0.13675
0,0.021986,0.13662
0,0.022139,0.1365
0,0.022291,0.13638
0,0.02244,0.13625
0,0.022588,0.13612
0,0.022734,0.13599
0,0.022877,0.13586
0,0.023019,0.13573
0,0.023158,0.13559
0,0.023296,0.13545
0,0.023431,0.13531
0,0.023564,0.13517
0,0.023695,0.13503
0,0.023824,0.13489
0,0.023951,0.13475
0,0.024075,0.1346
0,0.024197,0.13445
0,0.024317,0.13431
0,0.024434,0.13416
0,0.02455,0.13401
0,0.024663,0.13386
0,0.024773,0.1337
0,0.024881,0.13355
0,0.024987,0.13339
0,0.02509,0.13324
0,0.025191,0.13308
0,0.02529,0.13292
0,0.025386,0.13277
0,0.02548,0.13261
0,0.025571,0.13245
0,0.02566,0.13229
0,0.025746,0.13213
0,0.02583,0.13197
0,0.025912,0.1318
0,0.025991,0.13164
0,0.026067,0.13148
0,0.026141,0.13131
0,0.026212,0.13115
0,0.026282,0.13098
0,0.026348,0.13082
0,0.026412,0.13065
0,0.026474,0.13049
0,0.026533,0.13032
0,0.02659,0.13015
0,0.026644,0.12998
0,0.026695,0.12982
0,0.026745,0.12965
0,0.026792,0.12948
0,0.026836,0.12931
0,0.026878,0.12914
0,0.026917,0.12896
0,0.026954,0.12879
0,0.026989,0.12862
0,0.027021,0.12845
0,0.02705,0.12828
0,0.027077,0.1281
0,0.027102,0.12793
0,0.027124,0.12776
0,0.027144,0.12758
0,0.027161,0.12741
0,0.027176,0.12723
0,0.027188,0.12706
0,0.027198,0.12688
0,0.027205,0.12671
0,0.02721,0.12653
0,0.027213,0.12636
0,0.027213,0.12618
0,0.027211,0.126
0,0.027206,0.12582
0,0.027199,0.12565
0,0.027189,0.12547
0,0.027177,0.12529
0,0.027162,0.12511
0,0.027145,0.12493
0,0.027125,0.12475
0,0.027103,0.12458
0,0.027079,0.1244
0,0.027052,0.12422
0,0.027023,0.12404
0,0.026991,0.12386
0,0.026957,0.12368
0,0.02692,0.1235
0,0.026881,0.12332
0,0.02684,0.12314
0,0.026796,0.12295
0,0.026749,0.12277
0,0.0267,0.12259
0,0.026649,0.12241
0,0.026595,0.12223
0,0.026539,0.12205
0,0.026481,0.12187
0,0.02642,0.12169
0,0.026356,0.12151
0,0.02629,0.12133
0,0.026222,0.12115
0,0.026151,0.12097
0,0.026078,0.12079
0,0.026002,0.12061
0,0.025924,0.12042
0,0.025844,0.12024
0,0.025761,0.12006
0,0.025675,0.11988
0,0.025587,0.1197
0,0.025497,0.11952
0,0.025405,0.11934
0,0.025309,0.11916
0,0.025212,0.11898
0,0.025112,0.1188
0,0.02501,0.11862
0,0.024905,0.11844
0,0.024798,0.11826
0,0.024689,0.11808
0,0.024577,0.1179
0,0.024463,0.11772
0,0.024347,0.11754
0,0.024228,0.11736
0,0.024108,0.11718
0,0.023985,0.117
0,0.023859,0.11682
0,0.023732,0.11664
0,0.023602,0.11647
0,0.02347,0.11629
0,0.023336,0.11611
0,0.0232,0.11593
0,0.023061,0.11575
0,0.022921,0.11557
0,0.022779,0.1154
0,0.022634,0.11522
0,0.022488,0.11504
0,0.022339,0.11486
0,0.022189,0.11468
0,0.022037,0.11451
0,0.021882,0.11433
0,0.021726,0.11415
0,0.021568,0.11398
0,0.021409,0.1138
0,0.021247,0.11362
0,0.021084,0.11344
0,0.020919,0.11327
0,0.020752,0.11309
0,0.020584,0.11291
0,0.020414,0.11274
0,0.020243,0.11256
0,0.02007,0.11238
0,0.019896,0.11221
0,0.01972,0.11203
0,0.019543,0.11185
0,0.019364,0.11168
0,0.019184,0.1115
0,0.019003,0.11132
0,0.01882,0.11115
0,0.018637,0.11097
0,0.018452,0.1108
0,0.018266,0.11062
0,0.018079,0.11044
0,0.017891,0.11027
0,0.017702,0.11009
0,0.017512,0.10992
0,0.017321,0.10974
0,0.017129,0.10957
0,0.016936,0.10939
0,0.016743,0.10922
0,0.016549,0.10904
0,0.016354,0.10887
0,0.016159,0.10869
0,0.015963,0.10852
0,0.015766,0.10835
0,0.015569,0.10817
0,0.015372,0.108
0,0.015174,0.10783
0,0.014976,0.10765
0,0.014777,0.10748
0,0.014578,0.10731
0,0.014379,0.10714
0,0.01418,0.10697
0,0.013981,0.1068
0,0.013782,0.10662
0,0.013583,0.10645
0,0.013383,0.10628
0,0.013184,0.10611
0,0.012985,0.10594
0,0.012787,0.10577
0,0.012588,0.10561
0,0.01239,0.10544
0,0.012192,0.10527
0,0.011995,0.1051
0,0.011798,0.10493
0,0.011601,0.10476
0,0.011405,0.1046
0,0.01121,0.10443
0,0.011015,0.10426
0,0.010821,0.1041
0,0.010627,0.10393
0,0.010435,0.10376
0,0.010243,0.1036
0,0.010052,0.10343
0,0.009862,0.10327
0,0.009673,0.1031
0,0.009485,0.10294
0,0.009298,0.10278
0,0.009112,0.10261
0,0.008927,0.10245
0,0.008744,0.10228
0,0.008561,0.10212
0,0.00838,0.10196
0,0.0082,0.10179
0,0.008022,0.10163
0,0.007845,0.10147
0,0.007669,0.10131
0,0.007495,0.10115
0,0.007323,0.10098
0,0.007152,0.10082
0,0.006982,0.10066
0,0.006815,0.1005
0,0.006649,0.10034
0,0.006484,0.10018
0,0.006321,0.10002
0,0.006161,0.099863
0,0.006001,0.099705
0,0.005844,0.099546
0,0.005689,0.099389
0,0.005535,0.099231
0,0.005384,0.099074
0,0.005234,0.098918
0,0.005086,0.098762
0,0.004941,0.098607
0,0.004797,0.098452
0,0.004655,0.098298
0,0.004516,0.098144
0,0.004378,0.097992
0,0.004243,0.09784
0,0.00411,0.097688
0,0.003979,0.097538
0,0.00385,0.097388
0,0.003724,0.097239
0,0.003599,0.097091
0,0.003477,0.096944
0,0.003357,0.096798
0,0.003239,0.096653
0,0.003124,0.096508
0,0.00301,0.096365
0,0.002899,0.096223
0,0.002791,0.096082
0,0.002684,0.095942
0,0.00258,0.095804
0,0.002478,0.095666
0,0.002378,0.09553
0,0.002281,0.095395
0,0.002186,0.095261
0,0.002093,0.095129
0,0.002003,0.094998
0,0.001914,0.094869
0,0.001829,0.09474
0,0.001745,0.094614
0,0.001663,0.094489
0,0.001584,0.094365
0,0.001507,0.094243
0,0.001432,0.094123
0,0.00136,0.094004
0,0.001289,0.093886
0,0.001221,0.093771
0,0.001155,0.093657
0,0.001091,0.093545
0,0.00103,0.093434
0,0.00097,0.093325
0,0.000913,0.093218
0,0.000857,0.093113
0,0.000804,0.09301
0,0.000752,0.092908
0,0.000703,0.092809
0,0.000656,0.092711
0,0.00061,0.092615
0,0.000567,0.092521
0,0.000525,0.092429
0,0.000485,0.092338
0,0.000448,0.09225
0,0.000411,0.092164
0,0.000377,0.092079
0,0.000345,0.091997
0,0.000314,0.091917
0,0.000285,0.091839
0,0.000257,0.091762
0,0.000231,0.091688
0,0.000207,0.091616
0,0.000184,0.091546
0,0.000163,0.091478
0,0.000143,0.091413
0,0.000125,0.091349
0,0.000107,0.091288
0,9.2e-05,0.091228
0,7.7e-05,0.091171
0,6.4e-05,0.091116
0,5.2e-05,0.091064
0,4.1e-05,0.091013
0,3.1e-05,0.090965
0,2.2e-05,0.090919
0,1.4e-05,0.090876
0,7e-06,0.090834
0,1e-06,0.090795
0,-4e-06,0.090759
0,-8e-06,0.090724
0,-1.2e-05,0.090692
0,-1.5e-05,0.090663
0,-1.7e-05,0.090635
0,-1.9e-05,0.09061
0,-2e-05,0.090588
0,-2.1e-05,0.090568
0,-2.1e-05,0.090551
0,-2.2e-05,0.090536
0,-2.1e-05,0.090523
0,-2.1e-05,0.090513
0,-2e-05,0.090505
0,-1.9e-05,0.0905
0,-1.8e-05,0.090498
0,-1.7e-05,0.090498
0,-1.6e-05,0.0905
0,-1.6e-05,0.090505
0,-1.5e-05,0.090513
0,-1.4e-05,0.090523
0,-1.4e-05,0.090536
0,-1.4e-05,0.090551
0,-1.4e-05,0.090569
0,-1.5e-05,0.090589
0,-1.7e-05,0.090612
0,-1.8e-05,0.090638
0,-2.1e-05,0.090666
0,-2.4e-05,0.090697
0,-2.7e-05,0.09073
0,-3.2e-05,0.090766
0,-3.7e-05,0.090804
0,-4.3e-05,0.090845
0,-5e-05,0.090888
0,-5.8e-05,0.090934
0,-6.6e-05,0.090982
0,-7.6e-05,0.091033
0,-8.7e-05,0.091086
0,-9.9e-05,0.091141
0,-0.000112,0.091199
0,-0.000127,0.09126
0,-0.000142,0.091323
0,-0.000159,0.091388
0,-0.000178,0.091455
0,-0.000198,0.091525
0,-0.000219,0.091597
0,-0.000242,0.091671
0,-0.000266,0.091747
0,-0.000292,0.091825
0,-0.000319,0.091906
0,-0.000348,0.091989
0,-0.000379,0.092074
0,-0.000412,0.09216
0,-0.000446,0.092249
0,-0.000482,0.09234
0,-0.000521,0.092433
0,-0.00056,0.092527
0,-0.000602,0.092624
0,-0.000646,0.092722
0,-0.000692,0.092822
0,-0.00074,0.092924
0,-0.000789,0.093028
0,-0.000841,0.093133
0,-0.000895,0.09324
0,-0.000951,0.093349
0,-0.001009,0.093459
0,-0.00107,0.093571
0,-0.001132,0.093685
0,-0.001197,0.0938
0,-0.001264,0.093916
0,-0.001333,0.094034
0,-0.001405,0.094153
0,-0.001478,0.094274
0,-0.001554,0.094396
0,-0.001633,0.094519
0,-0.001713,0.094644
0,-0.001796,0.09477
0,-0.001881,0.094897
0,-0.001969,0.095026
0,-0.002059,0.095155
0,-0.002151,0.095286
0,-0.002246,0.095418
0,-0.002343,0.095552
0,-0.002442,0.095686
0,-0.002543,0.095821
0,-0.002647,0.095958
0,-0.002753,0.096096
0,-0.002862,0.096234
0,-0.002973,0.096374
0,-0.003086,0.096515
0,-0.003201,0.096656
0,-0.003319,0.096799
0,-0.003439,0.096943
0,-0.003562,0.097087
0,-0.003686,0.097233
0,-0.003813,0.097379
0,-0.003942,0.097527
0,-0.004073,0.097675
0,-0.004207,0.097824
0,-0.004342,0.097974
0,-0.00448,0.098124
0,-0.00462,0.098276
0,-0.004762,0.098428
0,-0.004906,0.098581
0,-0.005052,0.098735
0,-0.005201,0.09889
0,-0.005351,0.099045
0,-0.005503,0.099201
0,-0.005657,0.099358
0,-0.005813,0.099515
0,-0.005971,0.099673
0,-0.006131,0.099832
0,-0.006293,0.099991
0,-0.006456,0.10015
0,-0.006621,0.10031
0,-0.006788,0.10047
0,-0.006957,0.10063
0,-0.007128,0.1008
0,-0.007299,0.10096
0,-0.007473,0.10112
0,-0.007648,0.10129
0,-0.007825,0.10145
0,-0.008003,0.10161
0,-0.008182,0.10178
0,-0.008363,0.10194
0,-0.008545,0.10211
0,-0.008729,0.10228
0,-0.008914,0.10244
0,-0.0091,0.10261
0,-0.009287,0.10278
0,-0.009475,0.10294
0,-0.009664,0.10311
0,-0.009855,0.10328
0,-0.010046,0.10344
0,-0.010238,0.10361
0,-0.010432,0.10378
0,-0.010625,0.10395
0,-0.01082,0.10412
0,-0.011016,0.10429
0,-0.011212,0.10445
0,-0.011409,0.10462
0,-0.011606,0.10479
0,-0.011804,0.10496
0,-0.012002,0.10513
0,-0.012201,0.1053
0,-0.0124,0.10547
0,-0.0126,0.10564
0,-0.0128,0.10581
0,-0.013,0.10598
0,-0.0132,0.10615
0,-0.0134,0.10632
0,-0.013601,0.10649
0,-0.013801,0.10666
0,-0.014002,0.10683
0,-0.014202,0.107
0,-0.014402,0.10717
0,-0.014602,0.10734
0,-0.014802,0.10751
0,-0.015001,0.10768
0,-0.0152,0.10785
0,-0.015399,0.10802
0,-0.015598,0.10819
0,-0.015795,0.10836
0,-0.015993,0.10853
0,-0.01619,0.1087
0,-0.016386,0.10887
0,-0.016581,0.10905
0,-0.016776,0.10922
0,-0.01697,0.10939
0,-0.017163,0.10956
0,-0.017355,0.10973
0,-0.017547,0.10991
0,-0.017737,0.11008
0,-0.017926,0.11025
0,-0.018115,0.11043
0,-0.018302,0.1106
0,-0.018488,0.11078
0,-0.018673,0.11095
0,-0.018857,0.11113
0,-0.019039,0.1113
0,-0.019221,0.11148
0,-0.019401,0.11165
0,-0.019579,0.11183
0,-0.019756,0.112
0,-0.019932,0.11218
0,-0.020106,0.11236
0,-0.020279,0.11253
0,-0.02045,0.11271
0,-0.020619,0.11289
0,-0.020787,0.11307
0,-0.020953,0.11324
0,-0.021117,0.11342
0,-0.02128,0.1136
0,-0.021441,0.11378
0,-0.0216,0.11396
0,-0.021757,0.11414
0,-0.021913,0.11432
0,-0.022066,0.1145
0,-0.022218,0.11468
0,-0.022367,0.11486
0,-0.022515,0.11504
0,-0.02266,0.11522
0,-0.022804,0.1154
0,-0.022946,0.11558
0,-0.023085,0.11576
0,-0.023222,0.11594
0,-0.023357,0.11613
0,-0.023491,0.11631
0,-0.023621,0.11649
0,-0.02375,0.11667
0,-0.023877,0.11685
0,-0.024001,0.11703
0,-0.024123,0.11721
0,-0.024242,0.11739
0,-0.02436,0.11757
0,-0.024475,0.11776
0,-0.024588,0.11794
0,-0.024698,0.11812
0,-0.024806,0.1183
0,-0.024912,0.11848
0,-0.025016,0.11866
0,-0.025117,0.11884
0,-0.025215,0.11902
0,-0.025311,0.1192
0,-0.025405,0.11938
0,-0.025497,0.11956
0,-0.025586,0.11974
0,-0.025672,0.11992
0,-0.025757,0.1201
0,-0.025838,0.12028
0,-0.025918,0.12046
0,-0.025995,0.12064
0,-0.026069,0.12082
0,-0.026141,0.121
0,-0.026211,0.12118
0,-0.026278,0.12136
0,-0.026343,0.12154
0,-0.026405,0.12171
0,-0.026465,0.12189
0,-0.026523,0.12207
0,-0.026578,0.12225
0,-0.026631,0.12243
0,-0.026681,0.12261
0,-0.026729,0.12278
0,-0.026775,0.12296
0,-0.026818,0.12314
0,-0.026858,0.12332
0,-0.026897,0.1235
0,-0.026933,0.12367
0,-0.026966,0.12385
0,-0.026997,0.12403
0,-0.027026,0.12421
0,-0.027052,0.12439
0,-0.027076,0.12456
0,-0.027097,0.12474
0,-0.027116,0.12492
0,-0.027133,0.1251
0,-0.027147,0.12527
0,-0.027158,0.12545
0,-0.027168,0.12563
0,-0.027174,0.12581
0,-0.027179,0.12599
0,-0.027181,0.12616
0,-0.027181,0.12634
0,-0.027178,0.12652
0,-0.027173,0.12669
0,-0.027165,0.12687
0,-0.027155,0.12705
0,-0.027142,0.12722
0,-0.027127,0.1274
0,-0.02711,0.12757
0,-0.02709,0.12775
0,-0.027068,0.12793
0,-0.027043,0.1281
0,-0.027016,0.12828
0,-0.026987,0.12845
0,-0.026955,0.12863
0,-0.026921,0.1288
0,-0.026884,0.12897
0,-0.026845,0.12915
0,-0.026803,0.12932
0,-0.026759,0.12949
0,-0.026712,0.12966
0,-0.026663,0.12983
0,-0.026612,0.13001
0,-0.026558,0.13018
0,-0.026502,0.13034
0,-0.026443,0.13051
0,-0.026382,0.13068
0,-0.026319,0.13085
0,-0.026253,0.13102
0,-0.026184,0.13118
0,-0.026113,0.13135
0,-0.02604,0.13152
0,-0.025964,0.13168
0,-0.025886,0.13184
0,-0.025806,0.13201
0,-0.025722,0.13217
0,-0.025637,0.13233
0,-0.025549,0.13249
0,-0.025459,0.13265
0,-0.025366,0.13281
0,-0.025271,0.13296
0,-0.025173,0.13312
0,-0.025073,0.13328
0,-0.024971,0.13343
0,-0.024866,0.13358
0,-0.024759,0.13374
0,-0.02465,0.13389
0,-0.024538,0.13404
0,-0.024424,0.13418
0,-0.024308,0.13433
0,-0.02419,0.13448
0,-0.024069,0.13462
0,-0.023946,0.13476
0,-0.023821,0.13491
0,-0.023693,0.13505
0,-0.023563,0.13519
0,-0.023432,0.13532
0,-0.023298,0.13546
0,-0.023162,0.13559
0,-0.023023,0.13573
0,-0.022883,0.13586
0,-0.022741,0.13599
0,-0.022597,0.13611
0,-0.02245,0.13624
0,-0.022302,0.13636
0,-0.022152,0.13649
0,-0.022,0.13661
0,-0.021846,0.13673
0,-0.02169,0.13684
0,-0.021532,0.13696
0,-0.021372,0.13707
0,-0.021211,0.13719
0,-0.021048,0.13729
0,-0.020883,0.1374
0,-0.020717,0.13751
0,-0.020549,0.13761
0,-0.020379,0.13771
0,-0.020208,0.13781
0,-0.020035,0.13791
0,-0.019861,0.138
0,-0.019686,0.1381
0,-0.019509,0.13819
0,-0.01933,0.13827
0,-0.01915,0.13836
0,-0.01897,0.13844
0,-0.018787,0.13852
0,-0.018604,0.1386
0,-0.018419,0.13868
0,-0.018234,0.13875
0,-0.018047,0.13882
0,-0.017859,0.13889
0,-0.017671,0.13896
0,-0.017481,0.13902
0,-0.017291,0.13908
0,-0.0171,0.13914
0,-0.016908,0.13919
0,-0.016715,0.13924
0,-0.016521,0.13929
0,-0.016327,0.13934
0,-0.016133,0.13938
0,-0.015937,0.13942
0,-0.015742,0.13946
0,-0.015546,0.1395
0,-0.015349,0.13953
0,-0.015152,0.13956
0,-0.014955,0.13958
0,-0.014758,0.13961
0,-0.01456,0.13963
0,-0.014362,0.13964
0,-0.014165,0.13966
0,-0.013967,0.13967
0,-0.013769,0.13968
0,-0.013571,0.13968
0,-0.013373,0.13968
0,-0.013176,0.13968
0,-0.012978,0.13968
0,-0.012781,0.13967
0,-0.012584,0.13966
0,-0.012388,0.13965
0,-0.012192,0.13963
0,-0.011996,0.13961
0,-0.011801,0.13959
0,-0.011606,0.13957
0,-0.011412,0.13954
0,-0.011218,0.13951
0,-0.011026,0.13948
0,-0.010834,0.13944
0,-0.010642,0.1394
0,-0.010452,0.13936
0,-0.010262,0.13931
0,-0.010074,0.13926
0,-0.009886,0.13921
0,-0.009699,0.13916
0,-0.009514,0.13911
0,-0.009329,0.13905
0,-0.009146,0.13898
0,-0.008964,0.13892
0,-0.008783,0.13886
0,-0.008603,0.13879
0,-0.008424,0.13872
0,-0.008247,0.13864
0,-0.008072,0.13856
0,-0.007897,0.13849
0,-0.007724,0.13841
0,-0.007553,0.13832
0,-0.007383,0.13824
0,-0.007215,0.13815
0,-0.007048,0.13806
0,-0.006883,0.13797
0,-0.00672,0.13787
0,-0.006559,0.13778
0,-0.006399,0.13768
0,-0.006241,0.13758
0,-0.006084,0.13748
0,-0.00593,0.13738
0,-0.005777,0.13727
0,-0.005627,0.13717
0,-0.005478,0.13706
0,-0.005331,0.13695
0,-0.005186,0.13684
0,-0.005043,0.13672
0,-0.004902,0.13661
0,-0.004763,0.13649
0,-0.004626,0.13637
0,-0.004491,0.13626
0,-0.004358,0.13614
0,-0.004227,0.13601
0,-0.004099,0.13589
0,-0.003972,0.13577
0,-0.003848,0.13564
0,-0.003725,0.13552
0,-0.003605,0.13539
0,-0.003487,0.13527
0,-0.003371,0.13514
0,-0.003257,0.13501
0,-0.003146,0.13488
0,-0.003037,0.13475
0,-0.002929,0.13462
0,-0.002824,0.13449
0,-0.002722,0.13436
0,-0.002621,0.13423
0,-0.002523,0.13409
0,-0.002426,0.13396
0,-0.002332,0.13383
0,-0.002241,0.1337
0,-0.002151,0.13356
0,-0.002064,0.13343
0,-0.001978,0.1333
0,-0.001895,0.13317
0,-0.001814,0.13303
0,-0.001735,0.1329
0,-0.001659,0.13277
0,-0.001584,0.13264
0,-0.001512,0.13251
0,-0.001441,0.13237
0,-0.001373,0.13225
0,-0.001307,0.13212
0,-0.001243,0.13199
0,-0.001181,0.13186
0,-0.001121,0.13173
0,-0.001063,0.13161
0,-0.001007,0.13148
0,-0.000953,0.13136
0,-0.000901,0.13124
0,-0.00085,0.13112
0,-0.000802,0.131
0,-0.000755,0.13088
0,-0.000711,0.13076
0,-0.000668,0.13065
0,-0.000627,0.13053
0,-0.000587,0.13042
0,-0.00055,0.13031
0,-0.000514,0.1302
0,-0.00048,0.1301
0,-0.000447,0.12999
0,-0.000416,0.12989
0,-0.000386,0.12979
0,-0.000358,0.12969
0,-0.000332,0.1296
0,-0.000306,0.1295
0,-0.000283,0.12941
0,-0.00026,0.12932
0,-0.000239,0.12923
0,-0.00022,0.12915
0,-0.000201,0.12907
0,-0.000184,0.12899
0,-0.000168,0.12891
0,-0.000153,0.12884
0,-0.000139,0.12877
0,-0.000126,0.1287
0,-0.000114,0.12863
0,-0.000103,0.12857
0,-9.3e-05,0.12851
0,-8.4e-05,0.12845
0,-7.6e-05,0.1284
0,-6.9e-05,0.12834
0,-6.2e-05,0.1283
0,-5.6e-05,0.12825
0,-5.1e-05,0.12821
0,-4.6e-05,0.12817
0,-4.2e-05,0.12813
0,-3.9e-05,0.12809
0,-3.6e-05,0.12806
0,-3.3e-05,0.12803
0,-3.1e-05,0.12801
0,-2.9e-05,0.12798
0,-2.7e-05,0.12796
0,-2.6e-05,0.12795
0,-2.5e-05,0.12793
0,-2.4e-05,0.12792
0,-2.3e-05,0.12792
0,-2.3e-05,0.12791
0,-2.2e-05,0.12791
0,-2.1e-05,0.12791
0,-2.1e-05,0.12791
0,-2e-05,0.12792
0,-1.9e-05,0.12793
0,-1.8e-05,0.12794
0,-1.7e-05,0.12796
0,-1.5e-05,0.12798
0,-1.3e-05,0.128
0,-1.1e-05,0.12802
0,-8e-06,0.12805
0,-5e-06,0.12808
0,-1e-06,0.12811
0,3e-06,0.12815
0,8e-06,0.12818
0,1.3e-05,0.12822
0,1.9e-05,0.12827
0,2.6e-05,0.12831
0,3.3e-05,0.12836
0,4.2e-05,0.12841
0,5.1e-05,0.12847
0,6.1e-05,0.12852
0,7.2e-05,0.12858
0,8.3e-05,0.12864
0,9.6e-05,0.12871
0,0.00011,0.12877
0,0.000124,0.12884
0,0.00014,0.12891
0,0.000157,0.12898
0,0.000175,0.12906
0,0.000194,0.12913
0,0.000215,0.12921
0,0.000236,0.1293
0,0.000259,0.12938
0,0.000283,0.12947
0,0.000309,0.12955
0,0.000336,0.12965
0,0.000364,0.12974
0,0.000393,0.12983
0,0.000424,0.12993
0,0.000457,0.13003
0,0.000491,0.13012
0,0.000526,0.13023
0,0.000563,0.13033
0,0.000601,0.13043
0,0.000641,0.13054
0,0.000683,0.13065
0,0.000726,0.13076
0,0.000771,0.13087
0,0.000817,0.13098
0,0.000866,0.13109
0,0.000915,0.13121
0,0.000967,0.13133
0,0.00102,0.13144
0,0.001075,0.13156
0,0.001132,0.13168
0,0.00119,0.1318
0,0.00125,0.13192
0,0.001313,0.13205
0,0.001376,0.13217
0,0.001442,0.13229
0,0.001509,0.13242
0,0.001579,0.13255
0,0.00165,0.13267
0,0.001723,0.1328
0,0.001798,0.13292
0,0.001875,0.13305
0,0.001953,0.13318
0,0.002034,0.13331
0,0.002116,0.13344
0,0.0022,0.13356
0,0.002287,0.13369
0,0.002375,0.13382
0,0.002465,0.13395
0,0.002556,0.13408
0,0.00265,0.1342
0,0.002746,0.13433
0,0.002843,0.13446
0,0.002943,0.13458
0,0.003044,0.13471
0,0.003147,0.13484
0,0.003252,0.13496
0,0.003359,0.13508
0,0.003468,0.13521
0,0.003578,0.13533
0,0.003691,0.13545
0,0.003805,0.13557
0,0.003921,0.13569
0,0.004039,0.13581
0,0.004159,0.13593
0,0.00428,0.13604
0,0.004404,0.13616
0,0.004529,0.13627
0,0.004655,0.13638
0,0.004784,0.1365
0,0.004914,0.13661
0,0.005046,0.13671
0,0.00518,0.13682
0,0.005315,0.13693
0,0.005452,0.13703
0,0.005591,0.13713
0,0.005731,0.13723
0,0.005873,0.13733
0,0.006016,0.13743
0,0.006161,0.13753
0,0.006308,0.13762
0,0.006456,0.13771
0,0.006605,0.1378
0,0.006756,0.13789
0,0.006909,0.13798
0,0.007063,0.13806
0,0.007218,0.13815
0,0.007375,0.13823
0,0.007533,0.13831
0,0.007692,0.13838
0,0.007853,0.13846
0,0.008015,0.13853
0,0.008178,0.1386
0,0.008342,0.13867
0,0.008508,0.13874
0,0.008675,0.1388
0,0.008843,0.13887
0,0.009012,0.13893
0,0.009182,0.13899
0,0.009353,0.13904
0,0.009525,0.13909
0,0.009698,0.13915
0,0.009872,0.1392
0,0.010047,0.13924
0,0.010223,0.13929
0,0.010399,0.13933
0,0.010577,0.13937
0,0.010755,0.13941
0,0.010934,0.13944
0,0.011114,0.13947
0,0.011294,0.1395
0,0.011475,0.13953
0,0.011657,0.13956
0,0.011839,0.13958
0,0.012021,0.1396
0,0.012205,0.13962
0,0.012388,0.13963
0,0.012572,0.13965
0,0.012756,0.13966
0,0.012941,0.13967
0,0.013126,0.13967
0,0.013311,0.13967
0,0.013496,0.13967
0,0.013682,0.13967
0,0.013868,0.13966
0,0.014054,0.13966
0,0.014239,0.13964
0,0.014425,0.13963
0,0.014611,0.13961
0,0.014797,0.1396
0,0.014983,0.13957
0,0.015168,0.13955
0,0.015354,0.13952
0,0.015539,0.13949
0,0.015724,0.13946
0,0.015908,0.13943
0,0.016092,0.13939
0,0.016276,0.13935
0,0.01646,0.13931
0,0.016643,0.13926
0,0.016825,0.13921
0,0.017007,0.13916
0,0.017189,0.13911
0,0.01737,0.13906
0,0.01755,0.139
0,0.017729,0.13894
0,0.017908,0.13887
0,0.018086,0.13881
0,0.018263,0.13874
0,0.01844,0.13867
0,0.018615,0.1386
0,0.01879,0.13852
0,0.018964,0.13844
0,0.019136,0.13836
0,0.019308,0.13828
0,0.019479,0.1382
0,0.019648,0.13811
0,0.019816,0.13802
0,0.019984,0.13793
0,0.020149,0.13784
0,0.020314,0.13774
0,0.020478,0.13765
0,0.02064,0.13755
0,0.0208,0.13745
0,0.02096,0.13734
0,0.021118,0.13724
0,0.021274,0.13713
0,0.021429,0.13702
0,0.021583,0.13691
0,0.021735,0.1368
0,0.021885,0.13668
0,0.022034,0.13656
0,0.022181,0.13645
0,0.022326,0.13633
0,0.02247,0.13621
0,0.022612,0.13608
0,0.022752,0.13596
0,0.022891,0.13583
0,0.023027,0.1357
0,0.023162,0.13558
0,0.023295,0.13544
0,0.023426,0.13531
0,0.023555,0.13518
0,0.023683,0.13504
0,0.023808,0.13491
0,0.023931,0.13477
0,0.024052,0.13463
0,0.024171,0.13449
0,0.024288,0.13435
0,0.024403,0.1342
0,0.024516,0.13406
0,0.024627,0.13392
0,0.024736,0.13377
0,0.024842,0.13362
0,0.024947,0.13347
0,0.025049,0.13332
0,0.025149,0.13317
0,0.025247,0.13302
0,0.025342,0.13286
0,0.025435,0.13271
0,0.025526,0.13255
0,0.025615,0.1324
0,0.025702,0.13224
0,0.025786,0.13208
0,0.025868,0.13192
0,0.025947,0.13176
0,0.026024,0.1316
0,0.026099,0.13144
0,0.026171,0.13127
0,0.026241,0.13111
0,0.026309,0.13094
0,0.026374,0.13078
0,0.026437,0.13061
0,0.026498,0.13044
0,0.026556,0.13028
0,0.026611,0.13011
0,0.026664,0.12994
0,0.026715,0.12977
0,0.026763,0.1296
0,0.026809,0.12943
0,0.026853,0.12925
0,0.026894,0.12908
0,0.026932,0.12891
0,0.026968,0.12873
0,0.027002,0.12856
0,0.027033,0.12839
0,0.027062,0.12821
0,0.027088,0.12804
0,0.027112,0.12786
0,0.027133,0.12769
0,0.027152,0.12751
0,0.027168,0.12733
0,0.027182,0.12716
0,0.027193,0.12698
0,0.027202,0.1268
0,0.027209,0.12663
0,0.027213,0.12645
0,0.027215,0.12627
0,0.027214,0.12609
0,0.027211,0.12592
0,0.027205,0.12574
0,0.027197,0.12556
0,0.027186,0.12538
0,0.027173,0.12521
0,0.027158,0.12503
0,0.02714,0.12485
0,0.02712,0.12467
0,0.027097,0.1245
0,0.027073,0.12432
0,0.027045,0.12414
0,0.027016,0.12397
0,0.026984,0.12379
0,0.02695,0.12361
0,0.026913,0.12344
0,0.026874,0.12326
0,0.026833,0.12309
0,0.026789,0.12291
0,0.026744,0.12274
0,0.026696,0.12256
0,0.026646,0.12239
0,0.026593,0.12222
0,0.026539,0.12204
0,0.026482,0.12187
0,0.026423,0.1217
0,0.026362,0.12152
0,0.026298,0.12135
0,0.026233,0.12118
0,0.026166,0.12101
0,0.026096,0.12084
0,0.026024,0.12067
0,0.025951,0.1205
0,0.025875,0.12033
0,0.025797,0.12016
0,0.025717,0.11999
0,0.025636,0.11982
0,0.025552,0.11965
0,0.025466,0.11948
0,0.025379,0.11931
0,0.02529,0.11915
0,0.025198,0.11898
0,0.025105,0.11881
0,0.02501,0.11865
0,0.024914,0.11848
0,0.024815,0.11831
0,0.024715,0.11815
0,0.024613,0.11798
0,0.024509,0.11782
0,0.024404,0.11765
0,0.024297,0.11749
0,0.024188,0.11733
0,0.024077,0.11716
0,0.023966,0.117
0,0.023852,0.11684
0,0.023737,0.11667
0,0.02362,0.11651
0,0.023502,0.11635
0,0.023383,0.11619
0,0.023262,0.11603
0,0.02314,0.11586
0,0.023016,0.1157
0,0.022891,0.11554
0,0.022764,0.11538
0,0.022637,0.11522
0,0.022508,0.11507
0,0.022377,0.11491
0,0.022246,0.11475
0,0.022113,0.11459
0,0.021979,0.11443
0,0.021844,0.11428
0,0.021708,0.11412
0,0.02157,0.11396
0,0.021432,0.11381
0,0.021293,0.11365
0,0.021152,0.1135
0,0.021011,0.11334
0,0.020869,0.11319
0,0.020725,0.11303
0,0.020581,0.11288
0,0.020436,0.11273
0,0.02029,0.11258
0,0.020143,0.11243
0,0.019996,0.11227
0,0.019847,0.11213
0,0.019698,0.11198
0,0.019548,0.11182
0,0.019398,0.11168
0,0.019247,0.11153
0,0.019095,0.11138
0,0.018943,0.11123
0,0.01879,0.11109
0,0.018636,0.11094
0,0.018482,0.11079
0,0.018327,0.11065
0,0.018172,0.1105
0,0.018017,0.11036
0,0.017861,0.11022
0,0.017705,0.11007
0,0.017548,0.10993
0,0.017391,0.10979
0,0.017233,0.10965
0,0.017076,0.10951
0,0.016918,0.10936
0,0.01676,0.10922
0,0.016601,0.10908
0,0.016442,0.10894
0,0.016284,0.1088
0,0.016125,0.10866
0,0.015966,0.10853
0,0.015807,0.10839
0,0.015647,0.10825
0,0.015488,0.10811
0,0.015329,0.10798
0,0.01517,0.10784
0,0.01501,0.1077
0,0.014851,0.10756
0,0.014692,0.10743
0,0.014533,0.10729
0,0.014374,0.10716
0,0.014216,0.10702
0,0.014057,0.10688
0,0.013899,0.10675
0,0.01374,0.10662
0,0.013583,0.10648
0,0.013425,0.10635
0,0.013268,0.10621
0,0.013111,0.10608
0,0.012954,0.10594
0,0.012797,0.10581
0,0.012641,0.10568
0,0.012486,0.10554
0,0.012331,0.10541
0,0.012176,0.10528
0,0.012022,0.10515
0,0.011868,0.10501
0,0.011715,0.10488
0,0.011562,0.10475
0,0.01141,0.10462
0,0.011258,0.10449
0,0.011107,0.10436
0,0.010956,0.10422
0,0.010807,0.10409
0,0.010657,0.10396
0,0.010509,0.10383
0,0.010361,0.10371
0,0.010214,0.10358
0,0.010067,0.10345
0,0.009921,0.10332
0,0.009776,0.10319
0,0.009632,0.10306
0,0.009489,0.10293
0,0.009346,0.10281
0,0.009204,0.10268
0,0.009063,0.10255
0,0.008923,0.10243
0,0.008784,0.1023
0,0.008645,0.10218
0,0.008508,0.10205
0,0.008371,0.10193
0,0.008235,0.10181
0,0.008101,0.10168
0,0.007967,0.10156
0,0.007834,0.10144
0,0.007702,0.10132
0,0.007571,0.10119
0,0.007441,0.10107
0,0.007312,0.10095
0,0.007184,0.10083
0,0.007058,0.10071
0,0.006932,0.1006
0,0.006807,0.10048
0,0.006683,0.10036
0,0.006561,0.10024
0,0.006439,0.10013
0,0.006319,0.10001
0,0.0062,0.099894
0,0.006082,0.099779
0,0.005965,0.099664
0,0.005849,0.099549
0,0.005734,0.099435
0,0.005621,0.099321
0,0.005508,0.099208
0,0.005397,0.099096
0,0.005287,0.098983
0,0.005178,0.098872
0,0.005071,0.09876
0,0.004964,0.098649
0,0.004859,0.098539
0,0.004755,0.098429
0,0.004652,0.098319
0,0.004551,0.09821
0,0.004451,0.098101
0,0.004352,0.097992
0,0.004254,0.097884
0,0.004157,0.097777
0,0.004062,0.097669
0,0.003968,0.097563
0,0.003875,0.097456
0,0.003783,0.09735
0,0.003693,0.097245
0,0.003604,0.09714
0,0.003516,0.097035
0,0.00343,0.096931
0,0.003344,0.096828
0,0.00326,0.096725
0,0.003177,0.096622
0,0.003096,0.09652
0,0.003016,0.096418
0,0.002937,0.096317
0,0.002859,0.096217
0,0.002782,0.096117
0,0.002707,0.096018
0,0.002633,0.095919
0,0.00256,0.095821
0,0.002489,0.095723
0,0.002419,0.095626
0,0.00235,0.09553
0,0.002282,0.095434
0,0.002215,0.095339
0,0.00215,0.095245
0,0.002086,0.095152
0,0.002023,0.095059
0,0.001961,0.094967
0,0.0019,0.094876
0,0.001841,0.094786
0,0.001783,0.094696
0,0.001726,0.094608
0,0.00167,0.09452
0,0.001616,0.094433
0,0.001562,0.094346
0,0.00151,0.094261
0,0.001459,0.094177
0,0.001408,0.094093
0,0.00136,0.094011
0,0.001312,0.093929
0,0.001265,0.093848
0,0.001219,0.093768
0,0.001175,0.09369
0,0.001131,0.093612
0,0.001089,0.093535
0,0.001048,0.093459
0,0.001007,0.093384
0,0.000968,0.09331
0,0.00093,0.093236
0,0.000893,0.093164
0,0.000856,0.093093
0,0.000821,0.093023
0,0.000787,0.092954
0,0.000754,0.092885
0,0.000721,0.092818
0,0.00069,0.092752
0,0.00066,0.092686
0,0.00063,0.092622
0,0.000602,0.092558
0,0.000574,0.092495
0,0.000547,0.092434
0,0.000521,0.092373
0,0.000496,0.092313
0,0.000472,0.092254
0,0.000449,0.092196
0,0.000426,0.092139
0,0.000404,0.092083
0,0.000383,0.092028
0,0.000363,0.091973
0,0.000344,0.09192
0,0.000325,0.091867
0,0.000307,0.091816
0,0.00029,0.091765
0,0.000273,0.091715
0,0.000257,0.091666
0,0.000242,0.091618
0,0.000228,0.091571
0,0.000214,0.091524
0,0.000201,0.091479
0,0.000188,0.091434
0,0.000176,0.091391
0,0.000165,0.091348
0,0.000154,0.091306
0,0.000144,0.091265
0,0.000134,0.091226
0,0.000125,0.091187
0,0.000116,0.091148
0,0.000108,0.091111
0,0.0001,0.091075
0,9.3e-05,0.09104
0,8.6e-05,0.091006
0,8e-05,0.090973
0,7.4e-05,0.090941
0,6.8e-05,0.090909
0,6.3e-05,0.090879
0,5.8e-05,0.09085
0,5.4e-05,0.090822
0,5e-05,0.090795
0,4.6e-05,0.090769
0,4.3e-05,0.090745
0,4e-05,0.090721
0,3.7e-05,0.090698
0,3.4e-05,0.090677
0,3.2e-05,0.090656
0,2.9e-05,0.090637
0,2.8e-05,0.090619
0,2.6e-05,0.090602
0,2.4e-05,0.090586
0,2.3e-05,0.090572
0,2.2e-05,0.090558
0,2.1e-05,0.090546
0,2e-05,0.090535
0,1.9e-05,0.090525
0,1.8e-05,0.090516
0,1.8e-05,0.090508
0,1.7e-05,0.090502
0,1.6e-05,0.090496
0,1.6e-05,0.090492
0,1.6e-05,0.090489
0,1.5e-05,0.090487
0,1.5e-05,0.090487
0,1.4e-05,0.090487
0,1.4e-05,0.090489
0,1.3e-05,0.090491
0,1.3e-05,0.090495
0,1.2e-05,0.0905
0,1.1e-05,0.090506
0,1.1e-05,0.090513
0,1e-05,0.090522
0,9e-06,0.090531
0,8e-06,0.090541
0,6e-06,0.090553
0,5e-06,0.090565
0,3e-06,0.090578
0,1e-06,0.090593
0,-1e-06,0.090608
0,-3e-06,0.090625
0,-5e-06,0.090642
0,-8e-06,0.09066
0,-1.1e-05,0.090679
0,-1.4e-05,0.090699
0,-1.7e-05,0.09072
0,-2.1e-05,0.090742
0,-2.5e-05,0.090765
0,-2.9e-05,0.090789
0,-3.4e-05,0.090813
0,-3.9e-05,0.090838
0,-4.4e-05,0.090865
0,-5e-05,0.090892
0,-5.5e-05,0.090919
0,-6.2e-05,0.090948
0,-6.8e-05,0.090977
0,-7.6e-05,0.091008
0,-8.3e-05,0.091039
0,-9.1e-05,0.091071
0,-9.9e-05,0.091103
0,-0.000108,0.091137
0,-0.000117,0.091171
0,-0.000127,0.091206
0,-0.000137,0.091242
0,-0.000147,0.091278
0,-0.000158,0.091316
0,-0.00017,0.091354
0,-0.000182,0.091393
0,-0.000194,0.091433
0,-0.000207,0.091473
0,-0.000221,0.091515
0,-0.000235,0.091557
0,-0.000249,0.0916
0,-0.000264,0.091644
0,-0.00028,0.091689
0,-0.000296,0.091734
0,-0.000313,0.09178
0,-0.000331,0.091827
0,-0.000348,0.091875
0,-0.000367,0.091924
0,-0.000386,0.091974
0,-0.000406,0.092024
0,-0.000426,0.092076
0,-0.000447,0.092128
0,-0.000469,0.092181
0,-0.000491,0.092234
0,-0.000514,0.092289
0,-0.000537,0.092344
0,-0.000562,0.092401
0,-0.000586,0.092458
0,-0.000612,0.092516
0,-0.000638,0.092575
0,-0.000665,0.092634
0,-0.000693,0.092694
0,-0.000721,0.092756
0,-0.00075,0.092818
0,-0.000779,0.09288
0,-0.00081,0.092944
0,-0.000841,0.093008
0,-0.000872,0.093073
0,-0.000905,0.093138
0,-0.000938,0.093205
0,-0.000972,0.093272
0,-0.001007,0.09334
0,-0.001042,0.093408
0,-0.001078,0.093477
0,-0.001115,0.093547
0,-0.001153,0.093617
0,-0.001192,0.093688
0,-0.001231,0.093759
0,-0.001271,0.093831
0,-0.001312,0.093904
0,-0.001353,0.093977
0,-0.001395,0.094051
0,-0.001439,0.094125
0,-0.001482,0.094199
0,-0.001527,0.094274
0,-0.001573,0.09435
0,-0.001619,0.094426
0,-0.001666,0.094502
0,-0.001714,0.094579
0,-0.001763,0.094656
0,-0.001812,0.094733
0,-0.001862,0.094811
0,-0.001914,0.094889
0,-0.001966,0.094968
0,-0.002018,0.095047
0,-0.002072,0.095126
0,-0.002126,0.095206
0,-0.002181,0.095285
0,-0.002238,0.095365
0,-0.002294,0.095446
0,-0.002352,0.095527
0,-0.002411,0.095608
0,-0.00247,0.095689
0,-0.00253,0.095771
0,-0.002591,0.095852
0,-0.002653,0.095935
0,-0.002715,0.096017
0,-0.002779,0.0961
0,-0.002843,0.096183
0,-0.002908,0.096266
0,-0.002974,0.09635
0,-0.003041,0.096434
0,-0.003108,0.096518
0,-0.003176,0.096602
0,-0.003245,0.096687
0,-0.003315,0.096773
0,-0.003386,0.096858
0,-0.003458,0.096944
0,-0.00353,0.09703
0,-0.003603,0.097116
0,-0.003677,0.097203
0,-0.003752,0.09729
0,-0.003827,0.097378
0,-0.003904,0.097466
0,-0.003981,0.097554
0,-0.004058,0.097642
0,-0.004137,0.097731
0,-0.004216,0.097821
0,-0.004297,0.09791
0,-0.004378,0.098
0,-0.004459,0.09809
0,-0.004542,0.098181
0,-0.004625,0.098272
0,-0.004709,0.098363
0,-0.004793,0.098455
0,-0.004879,0.098547
0,-0.004965,0.098639
0,-0.005052,0.098732
0,-0.005139,0.098825
0,-0.005228,0.098918
0,-0.005317,0.099011
0,-0.005406,0.099105
0,-0.005497,0.099199
0,-0.005588,0.099293
0,-0.005679,0.099388
0,-0.005772,0.099483
0,-0.005865,0.099578
0,-0.005959,0.099673
0,-0.006053,0.099768
0,-0.006148,0.099864
0,-0.006244,0.099959
0,-0.00634,0.10006
0,-0.006437,0.10015
0,-0.006534,0.10025
0,-0.006632,0.10034
0,-0.006731,0.10044
0,-0.00683,0.10054
0,-0.00693,0.10063
0,-0.007031,0.10073
0,-0.007132,0.10083
0,-0.007233,0.10092
0,-0.007335,0.10102
0,-0.007438,0.10111
0,-0.007541,0.10121
0,-0.007645,0.10131
0,-0.007749,0.1014
0,-0.007854,0.1015
0,-0.007959,0.1016
0,-0.008064,0.10169
0,-0.00817,0.10179
0,-0.008277,0.10189
0,-0.008384,0.10199
0,-0.008492,0.10208
0,-0.008599,0.10218
0,-0.008708,0.10227
0,-0.008816,0.10237
0,-0.008926,0.10247
0,-0.009035,0.10256
0,-0.009145,0.10266
0,-0.009255,0.10276
0,-0.009366,0.10285
0,-0.009477,0.10295
0,-0.009588,0.10304
0,-0.0097,0.10314
0,-0.009812,0.10324
0,-0.009924,0.10333
0,-0.010037,0.10343
0,-0.010149,0.10353
0,-0.010263,0.10362
0,-0.010376,0.10372
0,-0.01049,0.10382
0,-0.010604,0.10391
0,-0.010718,0.10401
0,-0.010832,0.10411
0,-0.010947,0.10421
0,-0.011061,0.1043
0,-0.011176,0.1044
0,-0.011291,0.1045
0,-0.011407,0.1046
0,-0.011522,0.10469
0,-0.011638,0.10479
0,-0.011754,0.10489
0,-0.01187,0.10499
0,-0.011986,0.10509
0,-0.012102,0.10519
0,-0.012218,0.10529
0,-0.012334,0.10538
0,-0.012451,0.10548
0,-0.012567,0.10558
0,-0.012684,0.10568
0,-0.0128,0.10578
0,-0.012917,0.10588
0,-0.013034,0.10598
0,-0.01315,0.10608
0,-0.013267,0.10618
0,-0.013384,0.10628
0,-0.0135,0.10638
0,-0.013617,0.10648
0,-0.013734,0.10658
0,-0.01385,0.10669
0,-0.013967,0.10679
0,-0.014083,0.10689
0,-0.0142,0.10699
0,-0.014316,0.10709
0,-0.014432,0.10719
0,-0.014548,0.10729
0,-0.014665,0.10739
0,-0.01478,0.10749
0,-0.014896,0.1076
0,-0.015012,0.1077
0,-0.015128,0.1078
0,-0.015243,0.1079
0,-0.015358,0.108
0,-0.015473,0.1081
0,-0.015588,0.1082
0,-0.015703,0.1083
0,-0.015818,0.10841
0,-0.015932,0.10851
0,-0.016046,0.10861
0,-0.01616,0.10871
0,-0.016274,0.10881
0,-0.016387,0.10891
0,-0.0165,0.10901
0,-0.016613,0.10911
0,-0.016726,0.10921
0,-0.016838,0.10931
0,-0.016951,0.10941
0,-0.017063,0.10951
0,-0.017174,0.10961
0,-0.017286,0.10971
0,-0.017397,0.10981
0,-0.017507,0.10991
0,-0.017618,0.11001
0,-0.017728,0.11011
0,-0.017837,0.11021
0,-0.017947,0.11031
0,-0.018056,0.11041
0,-0.018165,0.11051
0,-0.018273,0.11062
0,-0.018381,0.11071
0,-0.018488,0.11081
0,-0.018596,0.11092
0,-0.018703,0.11102
0,-0.018809,0.11112
0,-0.018915,0.11122
0,-0.019021,0.11132
0,-0.019126,0.11142
0,-0.01923,0.11152
0,-0.019335,0.11162
0,-0.019439,0.11172
0,-0.019542,0.11182
0,-0.019645,0.11193
0,-0.019748,0.11203
0,-0.01985,0.11213
0,-0.019951,0.11223
0,-0.020052,0.11233
0,-0.020153,0.11244
0,-0.020253,0.11254
0,-0.020353,0.11264
0,-0.020452,0.11274
0,-0.020551,0.11285
0,-0.020649,0.11295
0,-0.020746,0.11306
0,-0.020843,0.11316
0,-0.02094,0.11326
0,-0.021036,0.11337
0,-0.021131,0.11347
0,-0.021226,0.11357
0,-0.02132,0.11368
0,-0.021414,0.11378
0,-0.021507,0.11389
0,-0.0216,0.11399
0,-0.021692,0.1141
0,-0.021783,0.1142
0,-0.021874,0.11431
0,-0.021964,0.11441
0,-0.022054,0.11452
0,-0.022143,0.11463
0,-0.022231,0.11473
0,-0.022319,0.11484
0,-0.022406,0.11494
0,-0.022493,0.11505
0,-0.022578,0.11515
0,-0.022664,0.11526
0,-0.022748,0.11536
0,-0.022832,0.11547
0,-0.022915,0.11557
0,-0.022998,0.11568
0,-0.023079,0.11578
0,-0.023161,0.11589
0,-0.023241,0.116
0,-0.023321,0.1161
0,-0.0234,0.11621
0,-0.023478,0.11631
0,-0.023556,0.11642
0,-0.023633,0.11652
0,-0.023709,0.11663
0,-0.023785,0.11673
0,-0.023859,0.11683
0,-0.023933,0.11694
0,-0.024007,0.11704
0,-0.024079,0.11715
0,-0.024151,0.11725
0,-0.024222,0.11736
0,-0.024292,0.11746
0,-0.024362,0.11757
0,-0.02443,0.11767
0,-0.024498,0.11778
0,-0.024566,0.11788
0,-0.024632,0.11798
0,-0.024698,0.11809
0,-0.024762,0.11819
0,-0.024826,0.1183
0,-0.02489,0.1184
0,-0.024952,0.1185
0,-0.025014,0.11861
0,-0.025074,0.11871
0,-0.025134,0.11882
0,-0.025194,0.11892
0,-0.025252,0.11903
0,-0.025309,0.11913
0,-0.025366,0.11924
0,-0.025422,0.11934
0,-0.025477,0.11945
0,-0.025531,0.11955
0,-0.025585,0.11966
0,-0.025637,0.11976
0,-0.025689,0.11987
0,-0.02574,0.11997
0,-0.02579,0.12008
0,-0.025839,0.12019
0,-0.025887,0.12029
0,-0.025934,0.1204
0,-0.025981,0.1205
0,-0.026027,0.12061
0,-0.026071,0.12072
0,-0.026115,0.12082
0,-0.026158,0.12093
0,-0.026201,0.12104
0,-0.026242,0.12114
0,-0.026282,0.12125
0,-0.026322,0.12136
0,-0.026361,0.12146
0,-0.026399,0.12157
0,-0.026436,0.12168
0,-0.026472,0.12178
0,-0.026507,0.12189
0,-0.026541,0.122
0,-0.026575,0.1221
0,-0.026607,0.12221
0,-0.026639,0.12232
0,-0.02667,0.12242
0,-0.0267,0.12253
0,-0.026729,0.12264
0,-0.026757,0.12274
0,-0.026784,0.12285
0,-0.026811,0.12295
0,-0.026836,0.12306
0,-0.026861,0.12317
0,-0.026885,0.12327
0,-0.026908,0.12338
0,-0.02693,0.12348
0,-0.026951,0.12359
0,-0.026971,0.12369
0,-0.026991,0.1238
0,-0.02701,0.1239
0,-0.027027,0.12401
0,-0.027044,0.12411
0,-0.02706,0.12421
0,-0.027075,0.12432
0,-0.02709,0.12442
0,-0.027103,0.12452
0,-0.027116,0.12463
0,-0.027127,0.12473
0,-0.027138,0.12483
0,-0.027148,0.12493
0,-0.027157,0.12504
0,-0.027166,0.12514
0,-0.027173,0.12524
0,-0.02718,0.12534
0,-0.027186,0.12544
0,-0.027191,0.12554
0,-0.027195,0.12564
0,-0.027198,0.12574
0,-0.027201,0.12585
0,-0.027203,0.12595
0,-0.027204,0.12605
0,-0.027204,0.12615
0,-0.027203,0.12624
0,-0.027201,0.12635
0,-0.027199,0.12645
0,-0.027196,0.12654
0,-0.027192,0.12664
0,-0.027187,0.12674
0,-0.027182,0.12684
0,-0.027176,0.12694
0,-0.027169,0.12704
0,-0.027161,0.12714
0,-0.027152,0.12724
0,-0.027143,0.12734
0,-0.027133,0.12743
0,-0.027122,0.12753
0,-0.02711,0.12763
0,-0.027098,0.12773
0,-0.027085,0.12783
0,-0.027071,0.12793
0,-0.027056,0.12802
0,-0.027041,0.12812
0,-0.027025,0.12822
0,-0.027008,0.12832
0,-0.026991,0.12841
0,-0.026973,0.12851
0,-0.026954,0.12861
0,-0.026934,0.1287
0,-0.026914,0.1288
0,-0.026893,0.1289
0,-0.026871,0.12899
0,-0.026849,0.12909
0,-0.026825,0.12919
0,-0.026802,0.12928
0,-0.026777,0.12938
0,-0.026752,0.12947
0,-0.026726,0.12957
0,-0.0267,0.12966
0,-0.026673,0.12976
0,-0.026645,0.12985
0,-0.026616,0.12994
0,-0.026587,0.13004
0,-0.026558,0.13013
0,-0.026527,0.13022
0,-0.026496,0.13031
0,-0.026465,0.13041
0,-0.026433,0.1305
0,-0.0264,0.13059
0,-0.026366,0.13068
0,-0.026332,0.13077
0,-0.026297,0.13086
0,-0.026262,0.13095
0,-0.026226,0.13104
0,-0.02619,0.13113
0,-0.026153,0.13121
0,-0.026115,0.1313
0,-0.026077,0.13139
0,-0.026038,0.13148
0,-0.025999,0.13156
0,-0.025959,0.13165
0,-0.025918,0.13173
0,-0.025877,0.13182
0,-0.025835,0.1319
0,-0.025793,0.13198
0,-0.02575,0.13207
0,-0.025707,0.13215
0,-0.025663,0.13223
0,-0.025619,0.13232
0,-0.025574,0.1324
0,-0.025528,0.13248
0,-0.025482,0.13256
0,-0.025436,0.13264
0,-0.025389,0.13272
0,-0.025341,0.1328
0,-0.025293,0.13288
0,-0.025245,0.13296
0,-0.025195,0.13304
0,-0.025146,0.13311
0,-0.025096,0.13319
0,-0.025045,0.13327
0,-0.024994,0.13335
0,-0.024942,0.13342
0,-0.02489,0.1335
0,-0.024838,0.13357
0,-0.024785,0.13365
0,-0.024731,0.13373
0,-0.024677,0.1338
0,-0.024623,0.13388
0,-0.024568,0.13395
0,-0.024512,0.13403
0,-0.024457,0.1341
0,-0.0244,0.13417
0,-0.024344,0.13425
0,-0.024286,0.13432
0,-0.024229,0.13439
0,-0.024171,0.13446
0,-0.024112,0.13453
0,-0.024053,0.13461
0,-0.023994,0.13468
0,-0.023934,0.13475
0,-0.023874,0.13482
0,-0.023813,0.13489
0,-0.023752,0.13496
0,-0.023691,0.13503
0,-0.023629,0.1351
0,-0.023567,0.13517
0,-0.023504,0.13523
0,-0.023441,0.1353
0,-0.023377,0.13537
0,-0.023314,0.13543
0,-0.023249,0.1355
0,-0.023185,0.13557
0,-0.02312,0.13563
0,-0.023055,0.1357
0,-0.022989,0.13576
0,-0.022923,0.13582
0,-0.022857,0.13589
0,-0.02279,0.13595
0,-0.022723,0.13601
0,-0.022655,0.13607
0,-0.022588,0.13613
0,-0.02252,0.13619
0,-0.022451,0.13625
0,-0.022382,0.13631
0,-0.022313,0.13637
0,-0.022244,0.13643
0,-0.022174,0.13648
0,-0.022105,0.13654
0,-0.022034,0.1366
0,-0.021964,0.13665
0,-0.021893,0.13671
0,-0.021822,0.13676
0,-0.02175,0.13681
0,-0.021679,0.13687
0,-0.021607,0.13692
0,-0.021535,0.13697
0,-0.021462,0.13702
0,-0.02139,0.13707
0,-0.021317,0.13712
0,-0.021243,0.13717
0,-0.02117,0.13722
0,-0.021096,0.13727
0,-0.021022,0.13732
0,-0.020948,0.13736
0,-0.020874,0.13741
0,-0.0208,0.13746
0,-0.020725,0.1375
0,-0.02065,0.13755
0,-0.020575,0.13759
0,-0.020499,0.13764
0,-0.020424,0.13768
0,-0.020348,0.13772
0,-0.020272,0.13776
0,-0.020196,0.13781
0,-0.02012,0.13785
0,-0.020044,0.13789
0,-0.019967,0.13793
0,-0.019891,0.13797
0,-0.019814,0.13801
0,-0.019737,0.13805
0,-0.01966,0.13809
0,-0.019583,0.13813
0,-0.019506,0.13817
0,-0.019428,0.13821
0,-0.019351,0.13824
0,-0.019273,0.13828
0,-0.019195,0.13832
0,-0.019118,0.13836
0,-0.01904,0.13839
0,-0.018962,0.13843
0,-0.018884,0.13846
0,-0.018805,0.1385
0,-0.018727,0.13853
0,-0.018649,0.13856
0,-0.018571,0.1386
0,-0.018492,0.13863
0,-0.018414,0.13866
0,-0.018336,0.1387
0,-0.018257,0.13873
0,-0.018179,0.13876
0,-0.0181,0.13879
0,-0.018021,0.13882
0,-0.017943,0.13885
0,-0.017864,0.13888
0,-0.017786,0.13891
0,-0.017707,0.13894
0,-0.017628,0.13897
0,-0.01755,0.13899
0,-0.017471,0.13902
0,-0.017393,0.13904
0,-0.017314,0.13907
0,-0.017236,0.13909
0,-0.017157,0.13912
0,-0.017079,0.13914
0,-0.017,0.13917
0,-0.016922,0.13919
0,-0.016843,0.13921
0,-0.016765,0.13923
0,-0.016687,0.13925
0,-0.016608,0.13927
0,-0.01653,0.13929
0,-0.016452,0.13931
0,-0.016374,0.13933
0,-0.016296,0.13935
0,-0.016218,0.13936
0,-0.01614,0.13938
0,-0.016063,0.13939
0,-0.015985,0.13941
0,-0.015907,0.13942
0,-0.01583,0.13944
0,-0.015752,0.13945
0,-0.015675,0.13947
0,-0.015598,0.13948
0,-0.015521,0.13949
0,-0.015444,0.1395
0,-0.015367,0.13951
0,-0.01529,0.13952
0,-0.015213,0.13953
0,-0.015136,0.13954
0,-0.01506,0.13955
0,-0.014983,0.13956
0,-0.014907,0.13957
0,-0.014831,0.13958
0,-0.014755,0.13958
0,-0.014679,0.13959
0,-0.014603,0.1396
0,-0.014527,0.1396
0,-0.014452,0.13961
0,-0.014376,0.13961
0,-0.014301,0.13962
0,-0.014226,0.13962
0,-0.014151,0.13963
0,-0.014076,0.13963
0,-0.014001,0.13964
0,-0.013926,0.13964
0,-0.013852,0.13964
0,-0.013778,0.13965
0,-0.013703,0.13965
0,-0.013629,0.13965
0,-0.013555,0.13965
0,-0.013481,0.13965
0,-0.013408,0.13966
0,-0.013334,0.13966
0,-0.013261,0.13966
0,-0.013188,0.13966
0,-0.013115,0.13966
0,-0.013042,0.13966
0,-0.012969,0.13966
0,-0.012896,0.13966
0,-0.012824,0.13965
0,-0.012751,0.13965
0,-0.012679,0.13965
0,-0.012607,0.13965
0,-0.012535,0.13964
0,-0.012464,0.13964
0,-0.012392,0.13964
0,-0.012321,0.13963
0,-0.01225,0.13963
0,-0.012179,0.13962
0,-0.012108,0.13962
0,-0.012037,0.13961
0,-0.011966,0.13961
0,-0.011896,0.1396
0,-0.011826,0.13959
0,-0.011756,0.13959
0,-0.011686,0.13958
0,-0.011616,0.13957
0,-0.011546,0.13956
0,-0.011477,0.13955
0,-0.011408,0.13954
0,-0.011339,0.13953
0,-0.01127,0.13952
0,-0.011201,0.13951
0,-0.011133,0.1395
0,-0.011064,0.13948
0,-0.010996,0.13947
0,-0.010928,0.13946
0,-0.01086,0.13945
0,-0.010793,0.13943
0,-0.010725,0.13942
0,-0.010658,0.1394
0,-0.010591,0.13939
0,-0.010524,0.13937
0,-0.010457,0.13936
0,-0.010391,0.13934
0,-0.010324,0.13932
0,-0.010258,0.13931
0,-0.010192,0.13929
0,-0.010126,0.13927
0,-0.010061,0.13925
0,-0.009995,0.13923
0,-0.00993,0.13921
0,-0.009865,0.1392
0,-0.0098,0.13918
0,-0.009736,0.13916
0,-0.009671,0.13914
0,-0.009607,0.13912
0,-0.009543,0.1391
0,-0.009479,0.13908
0,-0.009416,0.13905
0,-0.009353,0.13903
0,-0.009289,0.13901
0,-0.009227,0.13899
0,-0.009164,0.13897
0,-0.009101,0.13895
0,-0.009039,0.13893
0,-0.008977,0.1389
0,-0.008915,0.13888
0,-0.008854,0.13886
0,-0.008792,0.13884
0,-0.008731,0.13881
0,-0.00867,0.13879
0,-0.00861,0.13877
0,-0.008549,0.13875
0,-0.008489,0.13872
0,-0.008429,0.1387
0,-0.008369,0.13868
0,-0.00831,0.13865
0,-0.008251,0.13863
0,-0.008192,0.13861
0,-0.008133,0.13858
0,-0.008075,0.13856
0,-0.008016,0.13853
0,-0.007958,0.13851
0,-0.007901,0.13848
0,-0.007843,0.13846
0,-0.007786,0.13843
0,-0.007729,0.13841
0,-0.007672,0.13838
0,-0.007616,0.13836
0,-0.00756,0.13833
0,-0.007504,0.13831
0,-0.007448,0.13828
0,-0.007393,0.13825
0,-0.007337,0.13822
0,-0.007283,0.1382
0,-0.007228,0.13817
0,-0.007174,0.13814
0,-0.00712,0.13811
0,-0.007066,0.13809
0,-0.007012,0.13806
0,-0.006959,0.13803
0,-0.006906,0.138
0,-0.006853,0.13797
0,-0.006801,0.13794
0,-0.006749,0.13791
0,-0.006697,0.13788
0,-0.006646,0.13785
0,-0.006594,0.13782
0,-0.006543,0.13779
0,-0.006493,0.13776
0,-0.006442,0.13773
0,-0.006392,0.13769
0,-0.006342,0.13766
0,-0.006293,0.13763
0,-0.006243,0.1376
0,-0.006194,0.13756
0,-0.006145,0.13753
0,-0.006097,0.1375
0,-0.006049,0.13747
0,-0.006001,0.13743
0,-0.005953,0.1374
0,-0.005906,0.13736
0,-0.005859,0.13733
0,-0.005812,0.1373
0,-0.005766,0.13726
0,-0.00572,0.13723
0,-0.005674,0.1372
0,-0.005628,0.13716
0,-0.005583,0.13713
0,-0.005538,0.13709
0,-0.005493,0.13706
0,-0.005448,0.13702
0,-0.005404,0.13699
0,-0.00536,0.13695
0,-0.005316,0.13692
0,-0.005273,0.13689
0,-0.00523,0.13685
0,-0.005187,0.13682
0,-0.005144,0.13678
0,-0.005102,0.13675
0,-0.00506,0.13671
0,-0.005018,0.13668
0,-0.004977,0.13665
0,-0.004935,0.13661
0,-0.004894,0.13658
0,-0.004854,0.13654
0,-0.004813,0.13651
0,-0.004773,0.13648
0,-0.004733,0.13644
0,-0.004693,0.13641
0,-0.004654,0.13637
0,-0.004615,0.13634
0,-0.004576,0.13631
0,-0.004537,0.13627
0,-0.004499,0.13624
0,-0.00446,0.1362
0,-0.004422,0.13617
0,-0.004385,0.13614
0,-0.004347,0.1361
0,-0.00431,0.13607
0,-0.004273,0.13603
0,-0.004236,0.136
0,-0.0042,0.13597
0,-0.004163,0.13593
0,-0.004127,0.1359
0,-0.004091,0.13587
0,-0.004056,0.13583
0,-0.00402,0.1358
0,-0.003985,0.13576
0,-0.00395,0.13573
0,-0.003916,0.13569
0,-0.003881,0.13566
0,-0.003847,0.13562
0,-0.003813,0.13559
0,-0.003779,0.13555
0,-0.003745,0.13552
0,-0.003712,0.13548
0,-0.003679,0.13544
0,-0.003646,0.13541
0,-0.003613,0.13537
0,-0.00358,0.13534
0,-0.003548,0.1353
0,-0.003516,0.13526
0,-0.003484,0.13523
0,-0.003452,0.13519
0,-0.00342,0.13515
0,-0.003389,0.13512
0,-0.003357,0.13508
0,-0.003326,0.13504
0,-0.003296,0.13501
0,-0.003265,0.13497
0,-0.003234,0.13493
0,-0.003204,0.1349
0,-0.003174,0.13486
0,-0.003144,0.13482
0,-0.003114,0.13479
0,-0.003085,0.13475
0,-0.003056,0.13471
0,-0.003026,0.13468
0,-0.002997,0.13464
0,-0.002969,0.1346
0,-0.00294,0.13457
0,-0.002911,0.13453
0,-0.002883,0.1345
0,-0.002855,0.13446
0,-0.002827,0.13442
0,-0.002799,0.13439
0,-0.002772,0.13435
0,-0.002744,0.13432
0,-0.002717,0.13428
0,-0.00269,0.13425
0,-0.002663,0.13421
0,-0.002637,0.13417
0,-0.00261,0.13414
0,-0.002584,0.13411
0,-0.002558,0.13407
0,-0.002532,0.13404
0,-0.002506,0.134
0,-0.00248,0.13397
0,-0.002455,0.13393
0,-0.002429,0.1339
0,-0.002404,0.13387
0,-0.002379,0.13384
0,-0.002355,0.1338
0,-0.00233,0.13377
0,-0.002305,0.13374
0,-0.002281,0.1337
0,-0.002257,0.13367
0,-0.002233,0.13364
0,-0.002209,0.13361
0,-0.002186,0.13357
0,-0.002163,0.13354
0,-0.002139,0.13351
0,-0.002116,0.13348
0,-0.002093,0.13344
0,-0.002071,0.13341
0,-0.002048,0.13338
0,-0.002026,0.13335
0,-0.002004,0.13332
0,-0.001982,0.13328
0,-0.00196,0.13325
0,-0.001938,0.13322
0,-0.001917,0.13319
0,-0.001896,0.13316
0,-0.001875,0.13312
0,-0.001854,0.13309
0,-0.001833,0.13306
0,-0.001812,0.13303
0,-0.001792,0.133
0,-0.001772,0.13296
0,-0.001752,0.13293
0,-0.001732,0.1329
0,-0.001712,0.13287
0,-0.001693,0.13283
0,-0.001674,0.1328
0,-0.001655,0.13277
0,-0.001636,0.13274
0,-0.001617,0.1327
0,-0.001598,0.13267
0,-0.00158,0.13264
0,-0.001562,0.13261
0,-0.001544,0.13258
0,-0.001526,0.13254
0,-0.001508,0.13251
0,-0.001491,0.13248
0,-0.001473,0.13245
0,-0.001456,0.13242
0,-0.001439,0.13238
0,-0.001423,0.13235
0,-0.001406,0.13232
0,-0.00139,0.13229
0,-0.001373,0.13226
0,-0.001357,0.13223
0,-0.001341,0.13219
0,-0.001326,0.13216
0,-0.00131,0.13213
0,-0.001295,0.1321
0,-0.001279,0.13207
0,-0.001264,0.13204
0,-0.001249,0.13201
0,-0.001235,0.13198
0,-0.00122,0.13195
0,-0.001206,0.13192
0,-0.001192,0.13189
0,-0.001178,0.13187
0,-0.001164,0.13184
0,-0.00115,0.13181
0,-0.001136,0.13178
0,-0.001123,0.13175
0,-0.00111,0.13172
0,-0.001097,0.1317
0,-0.001084,0.13167
0,-0.001071,0.13164
0,-0.001058,0.13162
0,-0.001046,0.13159
0,-0.001033,0.13156
0,-0.001021,0.13154
0,-0.001009,0.13151
0,-0.000997,0.13148
0,-0.000985,0.13146
0,-0.000974,0.13143
0,-0.000962,0.13141
0,-0.000951,0.13138
0,-0.00094,0.13136
0,-0.000929,0.13133
0,-0.000918,0.13131
0,-0.000907,0.13128
0,-0.000896,0.13126
0,-0.000886,0.13123
0,-0.000875,0.13121
0,-0.000865,0.13118
0,-0.000854,0.13116
0,-0.000844,0.13113
0,-0.000834,0.13111
0,-0.000824,0.13109
0,-0.000815,0.13106
0,-0.000805,0.13104
0,-0.000795,0.13101
0,-0.000786,0.13099
0,-0.000777,0.13096
0,-0.000767,0.13094
0,-0.000758,0.13091
0,-0.000749,0.13089
0,-0.00074,0.13087
0,-0.000731,0.13084
0,-0.000722,0.13082
0,-0.000714,0.13079
0,-0.000705,0.13077
0,-0.000697,0.13074
0,-0.000688,0.13072
0,-0.00068,0.1307
0,-0.000672,0.13067
0,-0.000663,0.13065
0,-0.000655,0.13062
0,-0.000647,0.1306
0,-0.000639,0.13057
0,-0.000631,0.13055
0,-0.000623,0.13053
0,-0.000616,0.1305
0,-0.000608,0.13048
0,-0.0006,0.13046
0,-0.000593,0.13043
0,-0.000585,0.13041
0,-0.000578,0.13039
0,-0.00057,0.13036
0,-0.000563,0.13034
0,-0.000556,0.13032
0,-0.000549,0.1303
0,-0.000541,0.13027
0,-0.000534,0.13025
0,-0.000527,0.13023
0,-0.00052,0.13021
0,-0.000513,0.13019
0,-0.000506,0.13017
0,-0.0005,0.13015
0,-0.000493,0.13012
0,-0.000486,0.1301
0,-0.000479,0.13008
0,-0.000473,0.13006
0,-0.000466,0.13004
0,-0.000459,0.13003
0,-0.000453,0.13001
0,-0.000446,0.12999
0,-0.00044,0.12997
0,-0.000434,0.12995
0,-0.000427,0.12993
0,-0.000421,0.12991
0,-0.000415,0.1299
0,-0.000409,0.12988
0,-0.000402,0.12986
0,-0.000396,0.12984
0,-0.00039,0.12982
0,-0.000384,0.12981
0,-0.000378,0.12979
0,-0.000372,0.12977
0,-0.000366,0.12976
0,-0.000361,0.12974
0,-0.000355,0.12973
0,-0.000349,0.12971
0,-0.000343,0.12969
0,-0.000338,0.12968
0,-0.000332,0.12966
0,-0.000327,0.12964
0,-0.000321,0.12963
0,-0.000316,0.12961
0,-0.00031,0.1296
0,-0.000305,0.12958
0,-0.000299,0.12957
0,-0.000294,0.12955
0,-0.000289,0.12953
0,-0.000284,0.12952
0,-0.000279,0.1295
0,-0.000274,0.12949
0,-0.000269,0.12947
0,-0.000264,0.12945
0,-0.000259,0.12944
0,-0.000254,0.12942
0,-0.000249,0.12941
0,-0.000244,0.12939
0,-0.00024,0.12938
0,-0.000235,0.12936
0,-0.000231,0.12934
0,-0.000226,0.12933
0,-0.000222,0.12931
0,-0.000217,0.1293
0,-0.000213,0.12928
0,-0.000209,0.12927
0,-0.000205,0.12925
0,-0.000201,0.12923
0,-0.000196,0.12922
0,-0.000192,0.1292
0,-0.000189,0.12919
0,-0.000185,0.12917
0,-0.000181,0.12916
0,-0.000177,0.12914
0,-0.000174,0.12913
0,-0.00017,0.12911
0,-0.000166,0.1291
0,-0.000163,0.12908
0,-0.00016,0.12907
0,-0.000156,0.12906
0,-0.000153,0.12904
0,-0.00015,0.12903
0,-0.000147,0.12901
0,-0.000144,0.129
0,-0.000141,0.12899
0,-0.000138,0.12898
0,-0.000135,0.12896
0,-0.000132,0.12895
0,-0.000129,0.12894
0,-0.000127,0.12893
0,-0.000124,0.12891
0,-0.000121,0.1289
0,-0.000119,0.12889
0,-0.000117,0.12888
0,-0.000114,0.12887
0,-0.000112,0.12886
0,-0.00011,0.12885
0,-0.000108,0.12884
0,-0.000106,0.12883
0,-0.000104,0.12882
0,-0.000102,0.12881
0,-0.0001,0.1288
0,-9.8e-05,0.12879
0,-9.6e-05,0.12878
0,-9.4e-05,0.12877
0,-9.3e-05,0.12876
0,-9.1e-05,0.12875
0,-9e-05,0.12874
0,-8.8e-05,0.12873
0,-8.7e-05,0.12872
0,-8.5e-05,0.12871
0,-8.4e-05,0.12871
0,-8.3e-05,0.1287
0,-8.1e-05,0.12869
0,-8e-05,0.12868
0,-7.9e-05,0.12867
0,-7.8e-05,0.12866
0,-7.7e-05,0.12865
0,-7.6e-05,0.12865
0,-7.5e-05,0.12864
0,-7.4e-05,0.12863
0,-7.3e-05,0.12862
0,-7.2e-05,0.12861
0,-7.1e-05,0.1286
0,-7e-05,0.12859
0,-7e-05,0.12859
0,-6.9e-05,0.12858
0,-6.8e-05,0.12857
0,-6.8e-05,0.12856
0,-6.7e-05,0.12855
0,-6.6e-05,0.12854
0,-6.6e-05,0.12853
0,-6.5e-05,0.12852
0,-6.5e-05,0.12852
0,-6.4e-05,0.12851
0,-6.4e-05,0.1285
0,-6.3e-05,0.12849
0,-6.3e-05,0.12848
0,-6.2e-05,0.12847
0,-6.2e-05,0.12846
0,-6.1e-05,0.12845
0,-6.1e-05,0.12844
0,-6e-05,0.12844
0,-6e-05,0.12843
0,-5.9e-05,0.12842
0,-5.9e-05,0.12841
0,-5.9e-05,0.1284
0,-5.8e-05,0.12839
0,-5.8e-05,0.12838
0,-5.7e-05,0.12838
0,-5.7e-05,0.12837
0,-5.6e-05,0.12836
0,-5.6e-05,0.12835
0,-5.6e-05,0.12834
0,-5.5e-05,0.12834
0,-5.5e-05,0.12833
0,-5.4e-05,0.12832
0,-5.4e-05,0.12832
0,-5.3e-05,0.12831
0,-5.3e-05,0.1283
0,-5.2e-05,0.1283
0,-5.2e-05,0.12829
0,-5.1e-05,0.12828
0,-5.1e-05,0.12828
0,-5e-05,0.12827
0,-5e-05,0.12827
0,-4.9e-05,0.12826
0,-4.8e-05,0.12826
0,-4.8e-05,0.12825
0,-4.7e-05,0.12825
0,-4.6e-05,0.12824
0,-4.6e-05,0.12824
0,-4.5e-05,0.12823
0,-4.4e-05,0.12823
0,-4.4e-05,0.12823
0,-4.3e-05,0.12822
0,-4.2e-05,0.12822
0,-4.1e-05,0.12821
0,-4.1e-05,0.12821
0,-4e-05,0.12821
0,-3.9e-05,0.1282
0,-3.8e-05,0.1282
0,-3.7e-05,0.1282
0,-3.6e-05,0.12819
0,-3.6e-05,0.12819
0,-3.5e-05,0.12818
0,-3.4e-05,0.12818
0,-3.3e-05,0.12818
0,-3.2e-05,0.12818
0,-3.1e-05,0.12817
0,-3e-05,0.12817
0,-2.9e-05,0.12817
0,-2.8e-05,0.12816
0,-2.7e-05,0.12816
0,-2.6e-05,0.12815
0,-2.5e-05,0.12815
0,-2.4e-05,0.12815
0,-2.3e-05,0.12814
0,-2.2e-05,0.12814
0,-2.1e-05,0.12814
0,-2e-05,0.12813
0,-1.9e-05,0.12813
0,-1.8e-05,0.12812
0,-1.7e-05,0.12812
0,-1.6e-05,0.12812
0,-1.5e-05,0.12811
0,-1.4e-05,0.12811
0,-1.3e-05,0.1281
0,-1.2e-05,0.1281
0,-1.1e-05,0.12809
0,-1e-05,0.12809
0,-9e-06,0.12808
0,-8e-06,0.12808
0,-7e-06,0.12807
0,-6e-06,0.12807
0,-5e-06,0.12807
0,-4e-06,0.12806
0,-3e-06,0.12806
0,-2e-06,0.12805
0,-1e-06,0.12805
0,0,0.12804
0,1e-06,0.12804
0,2e-06,0.12804
0,3e-06,0.12803
0,3e-06,0.12803
0,4e-06,0.12802
0,5e-06,0.12802
0,6e-06,0.12802
0,6e-06,0.12801
0,7e-06,0.12801
0,8e-06,0.12801
0,9e-06,0.12801
0,9e-06,0.128
0,1e-05,0.128
0,1e-05,0.128
0,1.1e-05,0.12799
0,1.1e-05,0.12799
0,1.2e-05,0.12799
0,1.2e-05,0.12799
0,1.3e-05,0.12799
0,1.3e-05,0.12799
0,1.3e-05,0.12798
0,1.4e-05,0.12798
0,1.4e-05,0.12798
0,1.4e-05,0.12798
0,1.5e-05,0.12798
0,1.5e-05,0.12798
0,1.5e-05,0.12798
0,1.5e-05,0.12798
0,1.5e-05,0.12798
0,1.5e-05,0.12798
0,1.5e-05,0.12798
0,1.5e-05,0.12798
0,1.5e-05,0.12798
0,1.5e-05,0.12798
0,1.5e-05,0.12798
0,1.5e-05,0.12797
0,1.5e-05,0.12797
0,1.5e-05,0.12797
0,1.5e-05,0.12797
0,1.4e-05,0.12797
0,1.4e-05,0.12797
0,1.4e-05,0.12797
0,1.3e-05,0.12797
0,1.3e-05,0.12797
0,1.3e-05,0.12797
0,1.2e-05,0.12797
0,1.2e-05,0.12797
0,1.1e-05,0.12797
0,1.1e-05,0.12797
0,1e-05,0.12796
0,1e-05,0.12796
0,9e-06,0.12796
0,9e-06,0.12796
0,8e-06,0.12796
0,8e-06,0.12796
0,7e-06,0.12796
0,6e-06,0.12796
0,6e-06,0.12795
0,5e-06,0.12795
0,4e-06,0.12795
0,4e-06,0.12795
0,3e-06,0.12795
0,2e-06,0.12794
0,2e-06,0.12794
0,1e-06,0.12794
0,0,0.12794
0,-0,0.12793
0,-1e-06,0.12793
0,-2e-06,0.12793
0,-2e-06,0.12793
0,-3e-06,0.12793
0,-4e-06,0.12792
0,-5e-06,0.12792
0,-5e-06,0.12792
0,-6e-06,0.12792
0,-7e-06,0.12792
0,-7e-06,0.12791
0,-8e-06,0.12791
0,-9e-06,0.12791
0,-9e-06,0.12791
0,-1e-05,0.12791
0,-1e-05,0.1279
0,-1.1e-05,0.1279
0,-1.2e-05,0.1279
0,-1.2e-05,0.1279
0,-1.3e-05,0.1279
0,-1.3e-05,0.1279
0,-1.4e-05,0.1279
0,-1.4e-05,0.1279
0,-1.5e-05,0.1279
0,-1.5e-05,0.1279
0,-1.5e-05,0.1279
0,-1.6e-05,0.1279
0,-1.6e-05,0.1279
0,-1.7e-05,0.1279
0,-1.7e-05,0.1279
0,-1.7e-05,0.1279
0,-1.7e-05,0.1279
0,-1.8e-05,0.1279
0,-1.8e-05,0.1279
0,-1.8e-05,0.1279
0,-1.8e-05,0.12791
0,-1.8e-05,0.12791
0,-1.8e-05,0.12791
0,-1.8e-05,0.12791
0,-1.8e-05,0.12791
0,-1.8e-05,0.12791
0,-1.8e-05,0.12791
0,-1.8e-05,0.12791
0,-1.8e-05,0.12791
0,-1.8e-05,0.12792
0,-1.8e-05,0.12792
0,-1.8e-05,0.12792
0,-1.8e-05,0.12792
0,-1.7e-05,0.12792
0,-1.7e-05,0.12792
0,-1.7e-05,0.12792
0,-1.7e-05,0.12792
0,-1.6e-05,0.12792
0,-1.6e-05,0.12792
0,-1.5e-05,0.12792
0,-1.5e-05,0.12792
0,-1.5e-05,0.12792
0,-1.4e-05,0.12792
0,-1.4e-05,0.12792
0,-1.3e-05,0.12792
0,-1.3e-05,0.12792
0,-1.2e-05,0.12792
0,-1.2e-05,0.12792
0,-1.1e-05,0.12792
0,-1e-05,0.12792
0,-1e-05,0.12791
0,-9e-06,0.12791
0,-8e-06,0.12791
0,-8e-06,0.12791
0,-7e-06,0.12791
0,-6e-06,0.12791
0,-6e-06,0.12791
0,-5e-06,0.1279
0,-4e-06,0.1279
0,-4e-06,0.1279
0,-3e-06,0.1279
0,-2e-06,0.1279
0,-1e-06,0.1279
0,-1e-06,0.1279
0,0,0.1279
0,1e-06,0.12789
0,1e-06,0.12789
0,2e-06,0.12789
0,3e-06,0.12789
0,4e-06,0.12789
0,4e-06,0.12789
0,5e-06,0.12789
0,6e-06,0.12789
0,6e-06,0.12789
0,7e-06,0.12788
0,8e-06,0.12788
0,9e-06,0.12788
0,9e-06,0.12788
0,1e-05,0.12788
0,1e-05,0.12788
0,1.1e-05,0.12788
0,1.2e-05,0.12788
0,1.2e-05,0.12789
0,1.3e-05,0.12789
0,1.3e-05,0.12789
0,1.4e-05,0.12789
0,1.4e-05,0.12789
0,1.5e-05,0.12789
0,1.5e-05,0.12789
0,1.5e-05,0.12789
0,1.6e-05,0.12789
0,1.6e-05,0.12789
0,1.7e-05,0.1279
0,1.7e-05,0.1279
0,1.7e-05,0.1279
0,1.7e-05,0.1279
0,1.8e-05,0.1279
0,1.8e-05,0.1279
0,1.8e-05,0.1279
0,1.8e-05,0.1279
0,1.8e-05,0.12791
0,1.8e-05,0.12791
0,1.8e-05,0.12791
0,1.8e-05,0.12791
0,1.8e-05,0.12791
0,1.8e-05,0.12791
0,1.8e-05,0.12791
0,1.8e-05,0.12791
0,1.8e-05,0.12791
0,1.8e-05,0.12791
0,1.8e-05,0.12792
0,1.7e-05,0.12792
0,1.7e-05,0.12792
0,1.7e-05,0.12792
0,1.7e-05,0.12792
0,1.6e-05,0.12792
0,1.6e-05,0.12792
0,1.6e-05,0.12792
0,1.5e-05,0.12792
0,1.5e-05,0.12791
0,1.4e-05,0.12791
0,1.4e-05,0.12791
0,1.3e-05,0.12791
0,1.3e-05,0.12791
0,1.2e-05,0.12791
