0,-0,0.12832
0,3.3e-05,0.12832
0,6.7e-05,0.12833
0,0.000101,0.12833
0,0.000134,0.12834
0,0.000168,0.12836
0,0.000203,0.12837
0,0.000237,0.12839
0,0.000272,0.12841
0,0.000306,0.12844
0,0.000342,0.12846
0,0.000377,0.12849
0,0.000413,0.12853
0,0.000449,0.12856
0,0.000485,0.1286
0,0.000522,0.12864
0,0.00056,0.12868
0,0.000597,0.12873
0,0.000635,0.12878
0,0.000674,0.12883
0,0.000713,0.12888
0,0.000753,0.12893
0,0.000793,0.12899
0,0.000834,0.12905
0,0.000875,0.12912
0,0.000917,0.12918
0,0.00096,0.12925
0,0.001003,0.12932
0,0.001047,0.12939
0,0.001091,0.12947
0,0.001137,0.12954
0,0.001183,0.12962
0,0.00123,0.12971
0,0.001277,0.12979
0,0.001326,0.12987
0,0.001375,0.12996
0,0.001426,0.13005
0,0.001477,0.13014
0,0.001529,0.13024
0,0.001582,0.13033
0,0.001636,0.13043
0,0.001692,0.13053
0,0.001748,0.13063
0,0.001805,0.13073
0,0.001864,0.13083
0,0.001924,0.13093
0,0.001985,0.13104
0,0.002047,0.13115
0,0.00211,0.13126
0,0.002175,0.13137
0,0.002241,0.13148
0,0.002308,0.13159
0,0.002377,0.1317
0,0.002447,0.13182
0,0.002518,0.13194
0,0.002591,0.13205
0,0.002665,0.13217
0,0.002741,0.13229
0,0.002818,0.13241
0,0.002897,0.13253
0,0.002977,0.13265
0,0.003059,0.13277
0,0.003142,0.13289
0,0.003227,0.13301
0,0.003313,0.13313
0,0.003401,0.13326
0,0.003491,0.13338
0,0.003582,0.1335
0,0.003675,0.13362
0,0.003769,0.13375
0,0.003865,0.13387
0,0.003963,0.13399
0,0.004062,0.13412
0,0.004163,0.13424
0,0.004265,0.13436
0,0.004369,0.13448
0,0.004475,0.13461
0,0.004582,0.13473
0,0.00469,0.13485
0,0.004801,0.13497
0,0.004912,0.13509
0,0.005025,0.13521
0,0.00514,0.13533
0,0.005256,0.13544
0,0.005374,0.13556
0,0.005493,0.13567
0,0.005614,0.13579
0,0.005736,0.1359
0,0.005859,0.13602
0,0.005983,0.13613
0,0.006109,0.13624
0,0.006237,0.13635
0,0.006365,0.13645
0,0.006495,0.13656
0,0.006626,0.13667
0,0.006758,0.13677
0,0.006891,0.13687
0,0.007026,0.13697
0,0.007162,0.13707
0,0.007298,0.13717
0,0.007436,0.13726
0,0.007575,0.13736
0,0.007715,0.13745
0,0.007856,0.13754
0,0.007997,0.13763
0,0.00814,0.13772
0,0.008284,0.1378
0,0.008428,0.13788
0,0.008574,0.13796
0,0.00872,0.13804
0,0.008867,0.13812
0,0.009015,0.13819
0,0.009164,0.13826
0,0.009313,0.13833
0,0.009464,0.1384
0,0.009615,0.13847
0,0.009766,0.13853
0,0.009919,0.13859
0,0.010072,0.13864
0,0.010226,0.1387
0,0.01038,0.13875
0,0.010535,0.1388
0,0.01069,0.13885
0,0.010847,0.1389
0,0.011003,0.13894
0,0.01116,0.13898
0,0.011318,0.13902
0,0.011476,0.13905
0,0.011635,0.13908
0,0.011794,0.13911
0,0.011953,0.13914
0,0.012113,0.13917
0,0.012273,0.13919
0,0.012434,0.13921
0,0.012595,0.13922
0,0.012756,0.13923
0,0.012917,0.13925
0,0.013079,0.13925
0,0.01324,0.13926
0,0.013402,0.13926
0,0.013564,0.13926
0,0.013727,0.13926
0,0.013889,0.13925
0,0.014051,0.13924
0,0.014213,0.13923
0,0.014376,0.13922
0,0.014538,0.1392
0,0.0147,0.13918
0,0.014862,0.13915
0,0.015024,0.13913
0,0.015185,0.1391
0,0.015347,0.13907
0,0.015508,0.13903
0,0.015669,0.139
0,0.01583,0.13896
0,0.01599,0.13892
0,0.01615,0.13887
0,0.016309,0.13883
0,0.016468,0.13878
0,0.016626,0.13872
0,0.016784,0.13867
0,0.016942,0.13861
0,0.017098,0.13855
0,0.017255,0.13849
0,0.01741,0.13842
0,0.017565,0.13835
0,0.017719,0.13828
0,0.017872,0.13821
0,0.018025,0.13813
0,0.018176,0.13806
0,0.018327,0.13798
0,0.018477,0.13789
0,0.018626,0.13781
0,0.018774,0.13772
0,0.018921,0.13763
0,0.019067,0.13754
0,0.019212,0.13745
0,0.019356,0.13735
0,0.019499,0.13725
0,0.019641,0.13715
0,0.019782,0.13705
0,0.019921,0.13695
0,0.020059,0.13684
0,0.020196,0.13673
0,0.020332,0.13662
0,0.020466,0.13651
0,0.020599,0.13639
0,0.020731,0.13628
0,0.020861,0.13616
0,0.02099,0.13604
0,0.021118,0.13592
0,0.021244,0.1358
0,0.021369,0.13567
0,0.021492,0.13555
0,0.021614,0.13542
0,0.021734,0.13529
0,0.021852,0.13516
0,0.021969,0.13502
0,0.022085,0.13489
0,0.022199,0.13475
0,0.022311,0.13462
0,0.022422,0.13448
0,0.022531,0.13434
0,0.022638,0.1342
0,0.022744,0.13406
0,0.022848,0.13391
0,0.02295,0.13377
0,0.023051,0.13362
0,0.023149,0.13348
0,0.023246,0.13333
0,0.023342,0.13318
0,0.023435,0.13303
0,0.023527,0.13288
0,0.023617,0.13272
0,0.023705,0.13257
0,0.023791,0.13242
0,0.023876,0.13226
0,0.023959,0.13211
0,0.024039,0.13195
0,0.024122,0.13179
0,0.024203,0.13163
0,0.024282,0.13147
0,0.024359,0.13131
0,0.024433,0.13115
0,0.024504,0.13098
0,0.024573,0.13082
0,0.02464,0.13066
0,0.024704,0.13049
0,0.024765,0.13033
0,0.024824,0.13016
0,0.024881,0.12999
0,0.024935,0.12983
0,0.024986,0.12966
0,0.025035,0.12949
0,0.025082,0.12932
0,0.025126,0.12915
0,0.025168,0.12898
0,0.025207,0.12882
0,0.025243,0.12865
0,0.025278,0.12847
0,0.025309,0.1283
0,0.025338,0.12813
0,0.025365,0.12796
0,0.025389,0.12779
0,0.025411,0.12761
0,0.025431,0.12744
0,0.025448,0.12727
0,0.025462,0.12709
0,0.025474,0.12692
0,0.025483,0.12674
0,0.02549,0.12657
0,0.025495,0.1264
0,0.025497,0.12622
0,0.025497,0.12604
0,0.025494,0.12587
0,0.025489,0.12569
0,0.025481,0.12552
0,0.025471,0.12534
0,0.025458,0.12516
0,0.025443,0.12499
0,0.025426,0.12481
0,0.025406,0.12463
0,0.025383,0.12446
0,0.025358,0.12428
0,0.025331,0.1241
0,0.025301,0.12392
0,0.025269,0.12374
0,0.025234,0.12357
0,0.025197,0.12339
0,0.025157,0.12321
0,0.025115,0.12303
0,0.025071,0.12285
0,0.025024,0.12267
0,0.024975,0.1225
0,0.024923,0.12232
0,0.024869,0.12214
0,0.024812,0.12196
0,0.024753,0.12178
0,0.024691,0.1216
0,0.024627,0.12142
0,0.024561,0.12124
0,0.024492,0.12106
0,0.02442,0.12088
0,0.024346,0.1207
0,0.02427,0.12052
0,0.024191,0.12034
0,0.02411,0.12016
0,0.024027,0.11998
0,0.023941,0.1198
0,0.023853,0.11962
0,0.023769,0.11944
0,0.023683,0.11926
0,0.023595,0.11908
0,0.023506,0.1189
0,0.023414,0.11872
0,0.023321,0.11854
0,0.023227,0.11836
0,0.02313,0.11819
0,0.023032,0.11801
0,0.022932,0.11783
0,0.02283,0.11765
0,0.022727,0.11747
0,0.022622,0.11729
0,0.022515,0.11711
0,0.022407,0.11693
0,0.022297,0.11675
0,0.022185,0.11657
0,0.022072,0.11639
0,0.021956,0.11622
0,0.02184,0.11604
0,0.021721,0.11586
0,0.021601,0.11568
0,0.02148,0.1155
0,0.021357,0.11532
0,0.021232,0.11514
0,0.021106,0.11496
0,0.020978,0.11479
0,0.020849,0.11461
0,0.020718,0.11443
0,0.020585,0.11425
0,0.020451,0.11407
0,0.020316,0.1139
0,0.020179,0.11372
0,0.020041,0.11354
0,0.019902,0.11336
0,0.019761,0.11319
0,0.019618,0.11301
0,0.019475,0.11283
0,0.01933,0.11266
0,0.019184,0.11248
0,0.019036,0.1123
0,0.018888,0.11213
0,0.018738,0.11195
0,0.018587,0.11177
0,0.018435,0.1116
0,0.018281,0.11142
0,0.018127,0.11125
0,0.017972,0.11107
0,0.017816,0.1109
0,0.017658,0.11072
0,0.0175,0.11055
0,0.017341,0.11037
0,0.017181,0.1102
0,0.017021,0.11002
0,0.016859,0.10985
0,0.016697,0.10968
0,0.016534,0.1095
0,0.01637,0.10933
0,0.016206,0.10916
0,0.016041,0.10898
0,0.015876,0.10881
0,0.01571,0.10864
0,0.015544,0.10847
0,0.015377,0.10829
0,0.01521,0.10812
0,0.015043,0.10795
0,0.014875,0.10778
0,0.014707,0.10761
0,0.014539,0.10743
0,0.01437,0.10726
0,0.014202,0.10709
0,0.014033,0.10692
0,0.013865,0.10675
0,0.013696,0.10658
0,0.013528,0.10641
0,0.013359,0.10624
0,0.013191,0.10607
0,0.013023,0.1059
0,0.012855,0.10573
0,0.012688,0.10556
0,0.01252,0.10539
0,0.012353,0.10522
0,0.012187,0.10506
0,0.012021,0.10489
0,0.011855,0.10472
0,0.01169,0.10455
0,0.011525,0.10439
0,0.011361,0.10422
0,0.011198,0.10405
0,0.011035,0.10388
0,0.010873,0.10372
0,0.010712,0.10355
0,0.010551,0.10339
0,0.010392,0.10322
0,0.010233,0.10306
0,0.010075,0.10289
0,0.009918,0.10273
0,0.009762,0.10256
0,0.009607,0.1024
0,0.009453,0.10224
0,0.0093,0.10207
0,0.009148,0.10191
0,0.008997,0.10175
0,0.008847,0.10159
0,0.008698,0.10143
0,0.008551,0.10127
0,0.008405,0.10111
0,0.00826,0.10095
0,0.008116,0.10079
0,0.007974,0.10063
0,0.007833,0.10047
0,0.007693,0.10031
0,0.007554,0.10015
0,0.007417,0.099998
0,0.007281,0.099842
0,0.007147,0.099686
0,0.007014,0.099532
0,0.006882,0.099377
0,0.006752,0.099224
0,0.006623,0.099071
0,0.006496,0.098919
0,0.00637,0.098768
0,0.006245,0.098617
0,0.006122,0.098467
0,0.006,0.098318
0,0.00588,0.098169
0,0.005761,0.098022
0,0.005643,0.097875
0,0.005527,0.097729
0,0.005413,0.097584
0,0.0053,0.09744
0,0.005188,0.097297
0,0.005078,0.097155
0,0.004969,0.097014
0,0.004861,0.096873
0,0.004755,0.096734
0,0.00465,0.096596
0,0.004547,0.096458
0,0.004445,0.096322
0,0.004344,0.096187
0,0.004244,0.096053
0,0.004146,0.09592
0,0.004049,0.095789
0,0.003954,0.095658
0,0.00386,0.095529
0,0.003767,0.095401
0,0.003675,0.095274
0,0.003584,0.095149
0,0.003495,0.095025
0,0.003407,0.094902
0,0.00332,0.09478
0,0.003235,0.09466
0,0.00315,0.094541
0,0.003067,0.094424
0,0.002985,0.094308
0,0.002905,0.094193
0,0.002825,0.09408
0,0.002746,0.093969
0,0.002669,0.093859
0,0.002593,0.093751
0,0.002518,0.093644
0,0.002444,0.093539
0,0.002372,0.093435
0,0.0023,0.093334
0,0.00223,0.093233
0,0.002161,0.093135
0,0.002092,0.093038
0,0.002025,0.092944
0,0.00196,0.09285
0,0.001895,0.092759
0,0.001831,0.09267
0,0.001769,0.092582
0,0.001707,0.092497
0,0.001647,0.092413
0,0.001588,0.092331
0,0.001529,0.092251
0,0.001472,0.092174
0,0.001416,0.092098
0,0.001361,0.092024
0,0.001307,0.091952
0,0.001253,0.091883
0,0.001201,0.091815
0,0.00115,0.09175
0,0.0011,0.091687
0,0.00105,0.091625
0,0.001001,0.091567
0,0.000954,0.09151
0,0.000907,0.091455
0,0.000861,0.091403
0,0.000815,0.091353
0,0.000771,0.091305
0,0.000727,0.09126
0,0.000683,0.091217
0,0.000641,0.091176
0,0.000599,0.091138
0,0.000557,0.091102
0,0.000517,0.091068
0,0.000476,0.091036
0,0.000436,0.091007
0,0.000397,0.090981
0,0.000358,0.090956
0,0.000319,0.090935
0,0.000281,0.090915
0,0.000243,0.090898
0,0.000205,0.090883
0,0.000168,0.090871
0,0.00013,0.090862
0,9.3e-05,0.090854
0,5.6e-05,0.090849
0,1.9e-05,0.090847
0,-1.8e-05,0.090847
0,-5.5e-05,0.090849
0,-9.3e-05,0.090854
0,-0.00013,0.090861
0,-0.000167,0.090871
0,-0.000205,0.090883
0,-0.000243,0.090898
0,-0.000281,0.090915
0,-0.000319,0.090934
0,-0.000358,0.090956
0,-0.000397,0.09098
0,-0.000436,0.091007
0,-0.000476,0.091036
0,-0.000516,0.091068
0,-0.000557,0.091101
0,-0.000599,0.091137
0,-0.000641,0.091176
0,-0.000683,0.091217
0,-0.000726,0.09126
0,-0.00077,0.091305
0,-0.000815,0.091353
0,-0.00086,0.091403
0,-0.000906,0.091455
0,-0.000953,0.091509
0,-0.001001,0.091566
0,-0.00105,0.091625
0,-0.001099,0.091686
0,-0.00115,0.091749
0,-0.001201,0.091815
0,-0.001253,0.091882
0,-0.001306,0.091952
0,-0.001361,0.092023
0,-0.001416,0.092097
0,-0.001472,0.092173
0,-0.001529,0.092251
0,-0.001587,0.092331
0,-0.001647,0.092412
0,-0.001707,0.092496
0,-0.001768,0.092582
0,-0.001831,0.092669
0,-0.001895,0.092759
0,-0.001959,0.09285
0,-0.002025,0.092943
0,-0.002092,0.093038
0,-0.00216,0.093135
0,-0.00223,0.093233
0,-0.0023,0.093333
0,-0.002371,0.093435
0,-0.002444,0.093538
0,-0.002518,0.093643
0,-0.002593,0.09375
0,-0.002669,0.093859
0,-0.002746,0.093968
0,-0.002825,0.09408
0,-0.002904,0.094193
0,-0.002985,0.094307
0,-0.003067,0.094423
0,-0.00315,0.094541
0,-0.003235,0.094659
0,-0.00332,0.09478
0,-0.003407,0.094901
0,-0.003495,0.095024
0,-0.003584,0.095148
0,-0.003675,0.095274
0,-0.003767,0.095401
0,-0.00386,0.095529
0,-0.003954,0.095658
0,-0.004049,0.095789
0,-0.004146,0.09592
0,-0.004244,0.096053
0,-0.004344,0.096187
0,-0.004445,0.096322
0,-0.004547,0.096458
0,-0.00465,0.096596
0,-0.004755,0.096734
0,-0.004861,0.096873
0,-0.004969,0.097013
0,-0.005078,0.097155
0,-0.005188,0.097297
0,-0.0053,0.09744
0,-0.005413,0.097584
0,-0.005528,0.097729
0,-0.005644,0.097875
0,-0.005761,0.098022
0,-0.00588,0.09817
0,-0.006,0.098318
0,-0.006122,0.098467
0,-0.006245,0.098617
0,-0.00637,0.098768
0,-0.006496,0.098919
0,-0.006623,0.099071
0,-0.006752,0.099224
0,-0.006883,0.099378
0,-0.007014,0.099532
0,-0.007147,0.099687
0,-0.007282,0.099842
0,-0.007418,0.099998
0,-0.007555,0.10015
0,-0.007693,0.10031
0,-0.007833,0.10047
0,-0.007974,0.10063
0,-0.008117,0.10079
0,-0.008261,0.10095
0,-0.008406,0.10111
0,-0.008552,0.10127
0,-0.008699,0.10143
0,-0.008848,0.10159
0,-0.008998,0.10175
0,-0.009149,0.10191
0,-0.009301,0.10207
0,-0.009454,0.10224
0,-0.009608,0.1024
0,-0.009763,0.10257
0,-0.009919,0.10273
0,-0.010076,0.10289
0,-0.010234,0.10306
0,-0.010393,0.10322
0,-0.010553,0.10339
0,-0.010713,0.10355
0,-0.010875,0.10372
0,-0.011037,0.10389
0,-0.011199,0.10405
0,-0.011363,0.10422
0,-0.011527,0.10439
0,-0.011691,0.10455
0,-0.011857,0.10472
0,-0.012022,0.10489
0,-0.012189,0.10506
0,-0.012355,0.10523
0,-0.012522,0.1054
0,-0.01269,0.10556
0,-0.012857,0.10573
0,-0.013025,0.1059
0,-0.013193,0.10607
0,-0.013362,0.10624
0,-0.01353,0.10641
0,-0.013699,0.10658
0,-0.013867,0.10675
0,-0.014036,0.10692
0,-0.014204,0.10709
0,-0.014373,0.10726
0,-0.014541,0.10744
0,-0.014709,0.10761
0,-0.014877,0.10778
0,-0.015045,0.10795
0,-0.015213,0.10812
0,-0.01538,0.1083
0,-0.015546,0.10847
0,-0.015713,0.10864
0,-0.015879,0.10881
0,-0.016044,0.10899
0,-0.016209,0.10916
0,-0.016373,0.10933
0,-0.016537,0.10951
0,-0.0167,0.10968
0,-0.016862,0.10985
0,-0.017023,0.11003
0,-0.017184,0.1102
0,-0.017344,0.11038
0,-0.017503,0.11055
0,-0.017661,0.11073
0,-0.017819,0.1109
0,-0.017975,0.11108
0,-0.01813,0.11125
0,-0.018284,0.11143
0,-0.018438,0.1116
0,-0.01859,0.11178
0,-0.018741,0.11196
0,-0.018891,0.11213
0,-0.019039,0.11231
0,-0.019187,0.11249
0,-0.019333,0.11266
0,-0.019478,0.11284
0,-0.019621,0.11302
0,-0.019764,0.11319
0,-0.019905,0.11337
0,-0.020044,0.11355
0,-0.020182,0.11373
0,-0.020319,0.1139
0,-0.020454,0.11408
0,-0.020588,0.11426
0,-0.020721,0.11444
0,-0.020851,0.11461
0,-0.020981,0.11479
0,-0.021109,0.11497
0,-0.021235,0.11515
0,-0.021359,0.11533
0,-0.021483,0.11551
0,-0.021604,0.11569
0,-0.021724,0.11587
0,-0.021842,0.11604
0,-0.021959,0.11622
0,-0.022074,0.1164
0,-0.022187,0.11658
0,-0.022299,0.11676
0,-0.022409,0.11694
0,-0.022517,0.11712
0,-0.022624,0.1173
0,-0.022729,0.11748
0,-0.022832,0.11766
0,-0.022934,0.11784
0,-0.023034,0.11802
0,-0.023132,0.11819
0,-0.023228,0.11837
0,-0.023323,0.11855
0,-0.023416,0.11873
0,-0.023507,0.11891
0,-0.023597,0.11909
0,-0.023684,0.11927
0,-0.02377,0.11945
0,-0.023857,0.11963
0,-0.023946,0.11981
0,-0.024032,0.11999
0,-0.024115,0.12017
0,-0.024196,0.12035
0,-0.024275,0.12053
0,-0.024351,0.12071
0,-0.024425,0.12089
0,-0.024496,0.12107
0,-0.024565,0.12125
0,-0.024631,0.12143
0,-0.024695,0.12161
0,-0.024757,0.12179
0,-0.024816,0.12197
0,-0.024872,0.12215
0,-0.024926,0.12233
0,-0.024978,0.12251
0,-0.025027,0.12269
0,-0.025074,0.12287
0,-0.025118,0.12304
0,-0.02516,0.12322
0,-0.0252,0.1234
0,-0.025237,0.12358
0,-0.025271,0.12376
0,-0.025303,0.12394
0,-0.025333,0.12411
0,-0.02536,0.12429
0,-0.025385,0.12447
0,-0.025407,0.12465
0,-0.025427,0.12482
0,-0.025444,0.125
0,-0.025459,0.12518
0,-0.025472,0.12535
0,-0.025482,0.12553
0,-0.025489,0.12571
0,-0.025494,0.12588
0,-0.025497,0.12606
0,-0.025497,0.12623
0,-0.025495,0.12641
0,-0.02549,0.12658
0,-0.025483,0.12676
0,-0.025473,0.12693
0,-0.025461,0.12711
0,-0.025447,0.12728
0,-0.02543,0.12745
0,-0.02541,0.12763
0,-0.025388,0.1278
0,-0.025364,0.12797
0,-0.025337,0.12814
0,-0.025307,0.12832
0,-0.025275,0.12849
0,-0.025241,0.12866
0,-0.025204,0.12883
0,-0.025165,0.129
0,-0.025123,0.12917
0,-0.025079,0.12934
0,-0.025032,0.1295
0,-0.024983,0.12967
0,-0.024932,0.12984
0,-0.024877,0.13001
0,-0.024821,0.13017
0,-0.024762,0.13034
0,-0.0247,0.1305
0,-0.024636,0.13067
0,-0.024569,0.13083
0,-0.0245,0.131
0,-0.024429,0.13116
0,-0.024355,0.13132
0,-0.024278,0.13148
0,-0.024199,0.13164
0,-0.024117,0.1318
0,-0.024038,0.13196
0,-0.023957,0.13212
0,-0.023874,0.13227
0,-0.02379,0.13243
0,-0.023703,0.13258
0,-0.023615,0.13273
0,-0.023525,0.13289
0,-0.023433,0.13304
0,-0.02334,0.13319
0,-0.023244,0.13334
0,-0.023147,0.13348
0,-0.023048,0.13363
0,-0.022948,0.13378
0,-0.022846,0.13392
0,-0.022741,0.13406
0,-0.022636,0.1342
0,-0.022528,0.13435
0,-0.022419,0.13449
0,-0.022309,0.13462
0,-0.022196,0.13476
0,-0.022082,0.1349
0,-0.021967,0.13503
0,-0.02185,0.13516
0,-0.021731,0.13529
0,-0.021611,0.13542
0,-0.021489,0.13555
0,-0.021366,0.13568
0,-0.021241,0.1358
0,-0.021115,0.13592
0,-0.020987,0.13605
0,-0.020858,0.13617
0,-0.020728,0.13628
0,-0.020596,0.1364
0,-0.020463,0.13651
0,-0.020329,0.13663
0,-0.020193,0.13674
0,-0.020056,0.13684
0,-0.019918,0.13695
0,-0.019778,0.13706
0,-0.019638,0.13716
0,-0.019496,0.13726
0,-0.019353,0.13736
0,-0.019209,0.13745
0,-0.019064,0.13755
0,-0.018918,0.13764
0,-0.018771,0.13772
0,-0.018623,0.13781
0,-0.018474,0.1379
0,-0.018324,0.13798
0,-0.018173,0.13806
0,-0.018021,0.13814
0,-0.017869,0.13821
0,-0.017716,0.13828
0,-0.017562,0.13836
0,-0.017407,0.13842
0,-0.017251,0.13849
0,-0.017095,0.13855
0,-0.016938,0.13861
0,-0.016781,0.13867
0,-0.016623,0.13872
0,-0.016465,0.13878
0,-0.016306,0.13883
0,-0.016146,0.13887
0,-0.015987,0.13892
0,-0.015826,0.13896
0,-0.015666,0.139
0,-0.015505,0.13904
0,-0.015344,0.13907
0,-0.015182,0.1391
0,-0.015021,0.13913
0,-0.014859,0.13916
0,-0.014697,0.13918
0,-0.014535,0.1392
0,-0.014373,0.13922
0,-0.014211,0.13923
0,-0.014048,0.13924
0,-0.013886,0.13925
0,-0.013724,0.13926
0,-0.013562,0.13926
0,-0.0134,0.13926
0,-0.013238,0.13926
0,-0.013076,0.13925
0,-0.012915,0.13925
0,-0.012753,0.13923
0,-0.012592,0.13922
0,-0.012431,0.13921
0,-0.012271,0.13919
0,-0.012111,0.13917
0,-0.011951,0.13914
0,-0.011791,0.13911
0,-0.011632,0.13908
0,-0.011474,0.13905
0,-0.011316,0.13902
0,-0.011158,0.13898
0,-0.011001,0.13894
0,-0.010844,0.1389
0,-0.010688,0.13885
0,-0.010533,0.1388
0,-0.010378,0.13875
0,-0.010223,0.1387
0,-0.01007,0.13864
0,-0.009917,0.13859
0,-0.009764,0.13853
0,-0.009613,0.13846
0,-0.009462,0.1384
0,-0.009312,0.13833
0,-0.009162,0.13826
0,-0.009013,0.13819
0,-0.008865,0.13812
0,-0.008718,0.13804
0,-0.008572,0.13796
0,-0.008427,0.13788
0,-0.008282,0.1378
0,-0.008138,0.13772
0,-0.007996,0.13763
0,-0.007854,0.13754
0,-0.007713,0.13745
0,-0.007573,0.13736
0,-0.007435,0.13726
0,-0.007297,0.13717
0,-0.00716,0.13707
0,-0.007025,0.13697
0,-0.00689,0.13687
0,-0.006757,0.13677
0,-0.006625,0.13667
0,-0.006494,0.13656
0,-0.006364,0.13645
0,-0.006235,0.13635
0,-0.006108,0.13624
0,-0.005982,0.13613
0,-0.005858,0.13602
0,-0.005735,0.1359
0,-0.005613,0.13579
0,-0.005492,0.13567
0,-0.005373,0.13556
0,-0.005256,0.13544
0,-0.005139,0.13533
0,-0.005025,0.13521
0,-0.004911,0.13509
0,-0.0048,0.13497
0,-0.00469,0.13485
0,-0.004581,0.13473
0,-0.004474,0.13461
0,-0.004369,0.13448
0,-0.004265,0.13436
0,-0.004162,0.13424
0,-0.004062,0.13412
0,-0.003962,0.13399
0,-0.003865,0.13387
0,-0.003769,0.13375
0,-0.003674,0.13362
0,-0.003582,0.1335
0,-0.003491,0.13338
0,-0.003401,0.13326
0,-0.003313,0.13313
0,-0.003227,0.13301
0,-0.003142,0.13289
0,-0.003058,0.13277
0,-0.002977,0.13265
0,-0.002896,0.13253
0,-0.002818,0.13241
0,-0.002741,0.13229
0,-0.002665,0.13217
0,-0.002591,0.13205
0,-0.002518,0.13193
0,-0.002446,0.13182
0,-0.002376,0.1317
0,-0.002308,0.13159
0,-0.002241,0.13148
0,-0.002175,0.13137
0,-0.00211,0.13126
0,-0.002047,0.13115
0,-0.001984,0.13104
0,-0.001924,0.13093
0,-0.001864,0.13083
0,-0.001805,0.13073
0,-0.001748,0.13063
0,-0.001692,0.13053
0,-0.001636,0.13043
0,-0.001582,0.13033
0,-0.001529,0.13024
0,-0.001477,0.13014
0,-0.001426,0.13005
0,-0.001375,0.12996
0,-0.001326,0.12987
0,-0.001277,0.12979
0,-0.00123,0.12971
0,-0.001183,0.12962
0,-0.001137,0.12954
0,-0.001091,0.12947
0,-0.001047,0.12939
0,-0.001003,0.12932
0,-0.00096,0.12925
0,-0.000917,0.12918
0,-0.000875,0.12912
0,-0.000834,0.12905
0,-0.000793,0.12899
0,-0.000753,0.12893
0,-0.000713,0.12888
0,-0.000674,0.12883
0,-0.000635,0.12878
0,-0.000597,0.12873
0,-0.00056,0.12868
0,-0.000522,0.12864
0,-0.000485,0.1286
0,-0.000449,0.12856
0,-0.000413,0.12853
0,-0.000377,0.12849
0,-0.000342,0.12846
0,-0.000306,0.12844
0,-0.000272,0.12841
0,-0.000237,0.12839
0,-0.000203,0.12837
0,-0.000168,0.12836
0,-0.000134,0.12834
0,-0.000101,0.12833
0,-6.7e-05,0.12833
0,-3.3e-05,0.12832
0,-0,0.12832
0,3.3e-05,0.12832
0,6.6e-05,0.12832
0,9.9e-05,0.12833
0,0.000132,0.12834
0,0.000165,0.12835
0,0.000198,0.12836
0,0.000231,0.12838
0,0.000263,0.1284
0,0.000296,0.12842
0,0.000329,0.12845
0,0.000362,0.12848
0,0.000395,0.12851
0,0.000428,0.12854
0,0.000462,0.12858
0,0.000495,0.12862
0,0.000529,0.12866
0,0.000563,0.1287
0,0.000597,0.12875
0,0.000632,0.12879
0,0.000667,0.12885
0,0.000703,0.1289
0,0.000738,0.12895
0,0.000775,0.12901
0,0.000811,0.12907
0,0.000848,0.12914
0,0.000886,0.1292
0,0.000924,0.12927
0,0.000963,0.12934
0,0.001003,0.12941
0,0.001043,0.12948
0,0.001084,0.12956
0,0.001125,0.12964
0,0.001168,0.12972
0,0.001211,0.1298
0,0.001254,0.12988
0,0.001299,0.12997
0,0.001345,0.13006
0,0.001391,0.13015
0,0.001438,0.13024
0,0.001487,0.13033
0,0.001536,0.13042
0,0.001586,0.13052
0,0.001637,0.13062
0,0.00169,0.13071
0,0.001743,0.13081
0,0.001798,0.13092
0,0.001853,0.13102
0,0.00191,0.13112
0,0.001968,0.13123
0,0.002028,0.13134
0,0.002088,0.13144
0,0.00215,0.13155
0,0.002213,0.13166
0,0.002277,0.13177
0,0.002343,0.13188
0,0.00241,0.132
0,0.002478,0.13211
0,0.002548,0.13222
0,0.002619,0.13234
0,0.002691,0.13245
0,0.002765,0.13257
0,0.00284,0.13268
0,0.002917,0.1328
0,0.002995,0.13292
0,0.003074,0.13303
0,0.003155,0.13315
0,0.003238,0.13327
0,0.003322,0.13339
0,0.003407,0.13351
0,0.003494,0.13362
0,0.003582,0.13374
0,0.003672,0.13386
0,0.003763,0.13398
0,0.003856,0.1341
0,0.00395,0.13422
0,0.004046,0.13433
0,0.004143,0.13445
0,0.004242,0.13457
0,0.004342,0.13469
0,0.004443,0.1348
0,0.004546,0.13492
0,0.00465,0.13503
0,0.004756,0.13515
0,0.004863,0.13526
0,0.004972,0.13537
0,0.005082,0.13549
0,0.005193,0.1356
0,0.005306,0.13571
0,0.00542,0.13582
0,0.005535,0.13593
0,0.005652,0.13603
0,0.00577,0.13614
0,0.005889,0.13625
0,0.006009,0.13635
0,0.006131,0.13645
0,0.006254,0.13656
0,0.006378,0.13666
0,0.006504,0.13676
0,0.00663,0.13686
0,0.006758,0.13695
0,0.006887,0.13705
0,0.007017,0.13714
0,0.007148,0.13723
0,0.007281,0.13732
0,0.007414,0.13741
0,0.007548,0.1375
0,0.007683,0.13759
0,0.00782,0.13767
0,0.007957,0.13775
0,0.008095,0.13783
0,0.008235,0.13791
0,0.008375,0.13799
0,0.008516,0.13806
0,0.008658,0.13814
0,0.008801,0.13821
0,0.008944,0.13828
0,0.009089,0.13834
0,0.009234,0.13841
0,0.00938,0.13847
0,0.009527,0.13853
0,0.009675,0.13859
0,0.009823,0.13865
0,0.009972,0.1387
0,0.010122,0.13875
0,0.010272,0.1388
0,0.010423,0.13885
0,0.010575,0.1389
0,0.010727,0.13894
0,0.010879,0.13898
0,0.011033,0.13902
0,0.011186,0.13906
0,0.011341,0.13909
0,0.011495,0.13912
0,0.01165,0.13915
0,0.011806,0.13918
0,0.011962,0.1392
0,0.012118,0.13922
0,0.012275,0.13924
0,0.012432,0.13926
0,0.012589,0.13927
0,0.012747,0.13929
0,0.012905,0.1393
0,0.013063,0.1393
0,0.013221,0.13931
0,0.013379,0.13931
0,0.013538,0.13931
0,0.013696,0.13931
0,0.013855,0.1393
0,0.014014,0.13929
0,0.014172,0.13928
0,0.014331,0.13927
0,0.01449,0.13925
0,0.014648,0.13924
0,0.014807,0.13922
0,0.014965,0.13919
0,0.015123,0.13917
0,0.015281,0.13914
0,0.015439,0.13911
0,0.015596,0.13908
0,0.015753,0.13904
0,0.01591,0.13901
0,0.016067,0.13897
0,0.016223,0.13892
0,0.016379,0.13888
0,0.016534,0.13883
0,0.016689,0.13878
0,0.016843,0.13873
0,0.016997,0.13867
0,0.01715,0.13862
0,0.017303,0.13856
0,0.017455,0.1385
0,0.017606,0.13843
0,0.017757,0.13837
0,0.017907,0.1383
0,0.018056,0.13823
0,0.018205,0.13816
0,0.018352,0.13808
0,0.018499,0.138
0,0.018645,0.13792
0,0.01879,0.13784
0,0.018934,0.13776
0,0.019078,0.13767
0,0.01922,0.13759
0,0.019361,0.1375
0,0.019501,0.1374
0,0.01964,0.13731
0,0.019778,0.13721
0,0.019915,0.13711
0,0.020051,0.13701
0,0.020185,0.13691
0,0.020318,0.13681
0,0.02045,0.1367
0,0.020581,0.13659
0,0.020711,0.13649
0,0.020839,0.13637
0,0.020966,0.13626
0,0.021091,0.13615
0,0.021216,0.13603
0,0.021338,0.13591
0,0.02146,0.13579
0,0.021579,0.13567
0,0.021698,0.13555
0,0.021815,0.13542
0,0.02193,0.13529
0,0.022044,0.13517
0,0.022156,0.13504
0,0.022267,0.13491
0,0.022376,0.13477
0,0.022483,0.13464
0,0.022589,0.1345
0,0.022693,0.13437
0,0.022796,0.13423
0,0.022896,0.13409
0,0.022996,0.13395
0,0.023093,0.13381
0,0.023188,0.13366
0,0.023282,0.13352
0,0.023374,0.13337
0,0.023465,0.13323
0,0.023553,0.13308
0,0.02364,0.13293
0,0.023724,0.13278
0,0.023807,0.13263
0,0.023889,0.13248
0,0.023968,0.13232
0,0.024045,0.13217
0,0.024121,0.13201
0,0.024194,0.13186
0,0.024266,0.1317
0,0.024336,0.13154
0,0.024404,0.13138
0,0.024469,0.13122
0,0.024533,0.13106
0,0.024595,0.1309
0,0.024656,0.13074
0,0.024714,0.13058
0,0.02477,0.13042
0,0.024824,0.13025
0,0.024876,0.13009
0,0.024926,0.12992
0,0.024975,0.12976
0,0.025021,0.12959
0,0.025065,0.12942
0,0.025107,0.12926
0,0.025148,0.12909
0,0.025186,0.12892
0,0.025222,0.12875
0,0.025257,0.12858
0,0.02529,0.12841
0,0.025321,0.12824
0,0.025349,0.12807
0,0.025375,0.1279
0,0.025398,0.12772
0,0.025419,0.12755
0,0.025438,0.12738
0,0.025454,0.12721
0,0.025468,0.12704
0,0.025481,0.12687
0,0.025492,0.12669
0,0.025501,0.12652
0,0.025508,0.12635
0,0.025513,0.12617
0,0.025516,0.126
0,0.025516,0.12583
0,0.025515,0.12565
0,0.025512,0.12548
0,0.025507,0.1253
0,0.025499,0.12513
0,0.02549,0.12496
0,0.025479,0.12478
0,0.025466,0.12461
0,0.02545,0.12443
0,0.025433,0.12426
0,0.025414,0.12409
0,0.025393,0.12391
0,0.025369,0.12374
0,0.025344,0.12356
0,0.025317,0.12339
0,0.025288,0.12322
0,0.025257,0.12304
0,0.025223,0.12287
0,0.025188,0.1227
0,0.025151,0.12252
0,0.025112,0.12235
0,0.025071,0.12218
0,0.025029,0.12201
0,0.024984,0.12183
0,0.024937,0.12166
0,0.024889,0.12149
0,0.024838,0.12132
0,0.024786,0.12115
0,0.024732,0.12097
0,0.024676,0.1208
0,0.024618,0.12063
0,0.024558,0.12046
0,0.024496,0.12029
0,0.024433,0.12012
0,0.024367,0.11995
0,0.0243,0.11978
0,0.024232,0.11961
0,0.024161,0.11945
0,0.024089,0.11928
0,0.024014,0.11911
0,0.023939,0.11894
0,0.023861,0.11878
0,0.023782,0.11861
0,0.023701,0.11844
0,0.023618,0.11828
0,0.023534,0.11811
0,0.023448,0.11795
0,0.023361,0.11778
0,0.023272,0.11762
0,0.023181,0.11745
0,0.023089,0.11729
0,0.022995,0.11713
0,0.0229,0.11696
0,0.022803,0.1168
0,0.022705,0.11664
0,0.022605,0.11648
0,0.022504,0.11632
0,0.022402,0.11615
0,0.022298,0.11599
0,0.022193,0.11583
0,0.022086,0.11567
0,0.021978,0.11552
0,0.021869,0.11536
0,0.021758,0.1152
0,0.021646,0.11504
0,0.021533,0.11488
0,0.021419,0.11472
0,0.021303,0.11457
0,0.021186,0.11441
0,0.021069,0.11426
0,0.02095,0.1141
0,0.02083,0.11395
0,0.020708,0.11379
0,0.020586,0.11364
0,0.020463,0.11348
0,0.020339,0.11333
0,0.020213,0.11318
0,0.020087,0.11303
0,0.01996,0.11287
0,0.019832,0.11272
0,0.019703,0.11257
0,0.019573,0.11242
0,0.019443,0.11227
0,0.019311,0.11212
0,0.019179,0.11197
0,0.019046,0.11182
0,0.018912,0.11167
0,0.018778,0.11152
0,0.018643,0.11138
0,0.018507,0.11123
0,0.018371,0.11108
0,0.018234,0.11094
0,0.018096,0.11079
0,0.017958,0.11064
0,0.017819,0.1105
0,0.01768,0.11035
0,0.01754,0.11021
0,0.0174,0.11006
0,0.01726,0.10992
0,0.017119,0.10978
0,0.016977,0.10963
0,0.016836,0.10949
0,0.016694,0.10935
0,0.016551,0.10921
0,0.016409,0.10906
0,0.016266,0.10892
0,0.016123,0.10878
0,0.015979,0.10864
0,0.015836,0.1085
0,0.015692,0.10836
0,0.015548,0.10822
0,0.015404,0.10808
0,0.01526,0.10794
0,0.015116,0.10781
0,0.014972,0.10767
0,0.014828,0.10753
0,0.014683,0.10739
0,0.014539,0.10726
0,0.014395,0.10712
0,0.014251,0.10698
0,0.014107,0.10685
0,0.013963,0.10671
0,0.013819,0.10658
0,0.013676,0.10644
0,0.013532,0.10631
0,0.013389,0.10617
0,0.013246,0.10604
0,0.013103,0.1059
0,0.01296,0.10577
0,0.012818,0.10564
0,0.012676,0.10551
0,0.012534,0.10537
0,0.012393,0.10524
0,0.012252,0.10511
0,0.012111,0.10498
0,0.011971,0.10485
0,0.011831,0.10472
0,0.011692,0.10459
0,0.011553,0.10446
0,0.011414,0.10433
0,0.011276,0.1042
0,0.011139,0.10407
0,0.011002,0.10394
0,0.010865,0.10381
0,0.010729,0.10368
0,0.010594,0.10356
0,0.010459,0.10343
0,0.010325,0.1033
0,0.010191,0.10318
0,0.010058,0.10305
0,0.009926,0.10293
0,0.009794,0.1028
0,0.009663,0.10267
0,0.009533,0.10255
0,0.009403,0.10243
0,0.009274,0.1023
0,0.009146,0.10218
0,0.009018,0.10205
0,0.008891,0.10193
0,0.008765,0.10181
0,0.00864,0.10169
0,0.008516,0.10156
0,0.008392,0.10144
0,0.008269,0.10132
0,0.008147,0.1012
0,0.008026,0.10108
0,0.007905,0.10096
0,0.007786,0.10084
0,0.007667,0.10072
0,0.007549,0.1006
0,0.007432,0.10049
0,0.007316,0.10037
0,0.007201,0.10025
0,0.007087,0.10013
0,0.006973,0.10002
0,0.006861,0.0999
0,0.006749,0.099784
0,0.006639,0.099669
0,0.006529,0.099554
0,0.00642,0.09944
0,0.006313,0.099326
0,0.006206,0.099212
0,0.0061,0.099099
0,0.005995,0.098987
0,0.005891,0.098875
0,0.005788,0.098763
0,0.005687,0.098652
0,0.005586,0.098541
0,0.005486,0.098431
0,0.005387,0.098322
0,0.005289,0.098212
0,0.005192,0.098104
0,0.005096,0.097996
0,0.005001,0.097888
0,0.004907,0.097781
0,0.004815,0.097675
0,0.004723,0.097569
0,0.004632,0.097464
0,0.004542,0.097359
0,0.004454,0.097255
0,0.004366,0.097151
0,0.004279,0.097048
0,0.004194,0.096946
0,0.004109,0.096844
0,0.004026,0.096742
0,0.003943,0.096642
0,0.003862,0.096542
0,0.003781,0.096442
0,0.003702,0.096343
0,0.003624,0.096245
0,0.003546,0.096148
0,0.00347,0.096051
0,0.003395,0.095954
0,0.003321,0.095859
0,0.003247,0.095764
0,0.003175,0.09567
0,0.003104,0.095576
0,0.003034,0.095483
0,0.002965,0.095391
0,0.002897,0.0953
0,0.00283,0.095209
0,0.002764,0.095119
0,0.002699,0.095029
0,0.002635,0.094941
0,0.002572,0.094853
0,0.00251,0.094766
0,0.002449,0.094679
0,0.002389,0.094594
0,0.00233,0.094509
0,0.002272,0.094425
0,0.002215,0.094342
0,0.002159,0.094259
0,0.002104,0.094177
0,0.00205,0.094096
0,0.001997,0.094016
0,0.001944,0.093937
0,0.001893,0.093858
0,0.001843,0.093781
0,0.001793,0.093704
0,0.001745,0.093628
0,0.001697,0.093552
0,0.00165,0.093478
0,0.001604,0.093405
0,0.00156,0.093332
0,0.001515,0.09326
0,0.001472,0.093189
0,0.00143,0.093119
0,0.001389,0.09305
0,0.001348,0.092982
0,0.001308,0.092914
0,0.001269,0.092848
0,0.001231,0.092782
0,0.001194,0.092718
0,0.001157,0.092654
0,0.001122,0.092591
0,0.001087,0.092529
0,0.001053,0.092468
0,0.001019,0.092408
0,0.000987,0.092349
0,0.000955,0.092291
0,0.000924,0.092234
0,0.000893,0.092177
0,0.000864,0.092122
0,0.000835,0.092068
0,0.000806,0.092014
0,0.000779,0.091962
0,0.000752,0.091911
0,0.000726,0.09186
0,0.0007,0.091811
0,0.000675,0.091762
0,0.000651,0.091715
0,0.000627,0.091668
0,0.000604,0.091623
0,0.000581,0.091578
0,0.000559,0.091535
0,0.000538,0.091492
0,0.000517,0.091451
0,0.000497,0.091411
0,0.000477,0.091371
0,0.000458,0.091333
0,0.000439,0.091295
0,0.000421,0.091259
0,0.000403,0.091224
0,0.000385,0.091189
0,0.000369,0.091156
0,0.000352,0.091124
0,0.000336,0.091093
0,0.000321,0.091062
0,0.000305,0.091033
0,0.000291,0.091005
0,0.000276,0.090978
0,0.000262,0.090952
0,0.000249,0.090927
0,0.000235,0.090903
0,0.000222,0.09088
0,0.00021,0.090858
0,0.000197,0.090837
0,0.000185,0.090818
0,0.000173,0.090799
0,0.000162,0.090781
0,0.000151,0.090765
0,0.00014,0.090749
0,0.000129,0.090734
0,0.000118,0.090721
0,0.000108,0.090708
0,9.7e-05,0.090697
0,8.7e-05,0.090687
0,7.7e-05,0.090677
0,6.8e-05,0.090669
0,5.8e-05,0.090662
0,4.9e-05,0.090655
0,3.9e-05,0.09065
0,3e-05,0.090646
0,2.1e-05,0.090643
0,1.1e-05,0.090641
0,2e-06,0.09064
0,-7e-06,0.09064
0,-1.6e-05,0.090641
0,-2.5e-05,0.090643
0,-3.4e-05,0.090646
0,-4.3e-05,0.09065
0,-5.2e-05,0.090655
0,-6.1e-05,0.090661
0,-7e-05,0.090668
0,-7.9e-05,0.090676
0,-8.8e-05,0.090685
0,-9.8e-05,0.090695
0,-0.000107,0.090706
0,-0.000117,0.090718
0,-0.000126,0.090731
0,-0.000136,0.090745
0,-0.000146,0.09076
0,-0.000156,0.090776
0,-0.000166,0.090793
0,-0.000176,0.090811
0,-0.000187,0.09083
0,-0.000198,0.09085
0,-0.000209,0.090871
0,-0.00022,0.090892
0,-0.000231,0.090915
0,-0.000243,0.090939
0,-0.000255,0.090963
0,-0.000267,0.090989
0,-0.00028,0.091015
0,-0.000292,0.091043
0,-0.000305,0.091071
0,-0.000319,0.0911
0,-0.000333,0.09113
0,-0.000347,0.091161
0,-0.000361,0.091193
0,-0.000376,0.091226
0,-0.000391,0.09126
0,-0.000406,0.091294
0,-0.000422,0.09133
0,-0.000438,0.091366
0,-0.000455,0.091404
0,-0.000472,0.091442
0,-0.000489,0.09148
0,-0.000507,0.09152
0,-0.000525,0.091561
0,-0.000544,0.091602
0,-0.000563,0.091645
0,-0.000583,0.091688
0,-0.000603,0.091732
0,-0.000623,0.091776
0,-0.000644,0.091822
0,-0.000666,0.091868
0,-0.000688,0.091915
0,-0.00071,0.091963
0,-0.000733,0.092012
0,-0.000757,0.092061
0,-0.000781,0.092112
0,-0.000806,0.092163
0,-0.000831,0.092214
0,-0.000857,0.092267
0,-0.000883,0.09232
0,-0.00091,0.092374
0,-0.000937,0.092429
0,-0.000965,0.092484
0,-0.000994,0.09254
0,-0.001023,0.092597
0,-0.001053,0.092654
0,-0.001083,0.092712
0,-0.001114,0.092771
0,-0.001146,0.092831
0,-0.001178,0.092891
0,-0.001211,0.092952
0,-0.001244,0.093014
0,-0.001278,0.093076
0,-0.001313,0.093139
0,-0.001348,0.093202
0,-0.001384,0.093266
0,-0.001421,0.093331
0,-0.001458,0.093396
0,-0.001496,0.093462
0,-0.001535,0.093529
0,-0.001574,0.093596
0,-0.001614,0.093663
0,-0.001655,0.093732
0,-0.001696,0.0938
0,-0.001738,0.09387
0,-0.001781,0.09394
0,-0.001824,0.09401
0,-0.001869,0.094081
0,-0.001913,0.094153
0,-0.001959,0.094225
0,-0.002005,0.094298
0,-0.002052,0.094371
0,-0.002099,0.094445
0,-0.002148,0.094519
0,-0.002197,0.094594
0,-0.002246,0.094669
0,-0.002297,0.094744
0,-0.002348,0.09482
0,-0.0024,0.094897
0,-0.002452,0.094974
0,-0.002505,0.095052
0,-0.002559,0.09513
0,-0.002614,0.095208
0,-0.00267,0.095287
0,-0.002726,0.095366
0,-0.002782,0.095446
0,-0.00284,0.095526
0,-0.002898,0.095606
0,-0.002957,0.095687
0,-0.003017,0.095769
0,-0.003077,0.09585
0,-0.003138,0.095932
0,-0.0032,0.096015
0,-0.003263,0.096098
0,-0.003326,0.096181
0,-0.00339,0.096264
0,-0.003455,0.096348
0,-0.00352,0.096433
0,-0.003586,0.096517
0,-0.003653,0.096602
0,-0.00372,0.096687
0,-0.003788,0.096773
0,-0.003857,0.096859
0,-0.003927,0.096945
0,-0.003997,0.097032
0,-0.004068,0.097118
0,-0.00414,0.097205
0,-0.004212,0.097293
0,-0.004285,0.097381
0,-0.004359,0.097469
0,-0.004433,0.097557
0,-0.004508,0.097645
0,-0.004584,0.097734
0,-0.00466,0.097823
0,-0.004737,0.097913
0,-0.004815,0.098002
0,-0.004893,0.098092
0,-0.004972,0.098182
0,-0.005052,0.098272
0,-0.005132,0.098363
0,-0.005213,0.098453
0,-0.005295,0.098544
0,-0.005377,0.098636
0,-0.00546,0.098727
0,-0.005543,0.098819
0,-0.005627,0.09891
0,-0.005712,0.099002
0,-0.005797,0.099094
0,-0.005883,0.099187
0,-0.00597,0.099279
0,-0.006057,0.099372
0,-0.006144,0.099465
0,-0.006233,0.099558
0,-0.006321,0.099651
0,-0.006411,0.099745
0,-0.006501,0.099839
0,-0.006591,0.099932
0,-0.006682,0.10003
0,-0.006774,0.10012
0,-0.006866,0.10021
0,-0.006959,0.10031
0,-0.007052,0.1004
0,-0.007145,0.1005
0,-0.00724,0.10059
0,-0.007334,0.10069
0,-0.00743,0.10078
0,-0.007525,0.10088
0,-0.007622,0.10097
0,-0.007718,0.10107
0,-0.007815,0.10116
0,-0.007913,0.10126
0,-0.008011,0.10136
0,-0.00811,0.10145
0,-0.008209,0.10155
0,-0.008308,0.10164
0,-0.008408,0.10174
0,-0.008508,0.10184
0,-0.008609,0.10193
0,-0.00871,0.10203
0,-0.008811,0.10213
0,-0.008913,0.10222
0,-0.009015,0.10232
0,-0.009118,0.10242
0,-0.009221,0.10251
0,-0.009324,0.10261
0,-0.009428,0.10271
0,-0.009532,0.1028
0,-0.009636,0.1029
0,-0.009741,0.103
0,-0.009846,0.1031
0,-0.009951,0.10319
0,-0.010057,0.10329
0,-0.010163,0.10339
0,-0.010269,0.10349
0,-0.010375,0.10358
0,-0.010482,0.10368
0,-0.010589,0.10378
0,-0.010696,0.10388
0,-0.010804,0.10398
0,-0.010912,0.10408
0,-0.011019,0.10417
0,-0.011128,0.10427
0,-0.011236,0.10437
0,-0.011345,0.10447
0,-0.011453,0.10457
0,-0.011562,0.10467
0,-0.011671,0.10476
0,-0.011781,0.10486
0,-0.01189,0.10496
0,-0.012,0.10506
0,-0.012109,0.10516
0,-0.012219,0.10526
0,-0.012329,0.10536
0,-0.012439,0.10546
0,-0.012549,0.10555
0,-0.01266,0.10565
0,-0.01277,0.10575
0,-0.01288,0.10585
0,-0.012991,0.10595
0,-0.013101,0.10605
0,-0.013212,0.10615
0,-0.013323,0.10625
0,-0.013433,0.10635
0,-0.013544,0.10645
0,-0.013655,0.10655
0,-0.013765,0.10665
0,-0.013876,0.10675
0,-0.013987,0.10685
0,-0.014097,0.10695
0,-0.014208,0.10705
0,-0.014318,0.10715
0,-0.014429,0.10725
0,-0.014539,0.10734
0,-0.01465,0.10744
0,-0.01476,0.10755
0,-0.01487,0.10765
0,-0.014981,0.10775
0,-0.015091,0.10785
0,-0.0152,0.10795
0,-0.01531,0.10805
0,-0.01542,0.10815
0,-0.015529,0.10825
0,-0.015639,0.10835
0,-0.015748,0.10845
0,-0.015857,0.10855
0,-0.015966,0.10865
0,-0.016075,0.10875
0,-0.016183,0.10885
0,-0.016292,0.10895
0,-0.0164,0.10905
0,-0.016508,0.10915
0,-0.016615,0.10925
0,-0.016723,0.10935
0,-0.01683,0.10945
0,-0.016937,0.10956
0,-0.017043,0.10966
0,-0.01715,0.10976
0,-0.017256,0.10986
0,-0.017362,0.10996
0,-0.017467,0.11006
0,-0.017573,0.11016
0,-0.017678,0.11027
0,-0.017782,0.11037
0,-0.017887,0.11047
0,-0.017991,0.11057
0,-0.018094,0.11067
0,-0.018198,0.11077
0,-0.018301,0.11088
0,-0.018403,0.11098
0,-0.018505,0.11108
0,-0.018607,0.11118
0,-0.018709,0.11128
0,-0.01881,0.11138
0,-0.01891,0.11149
0,-0.019011,0.11159
0,-0.019111,0.11169
0,-0.01921,0.11179
0,-0.019309,0.1119
0,-0.019408,0.112
0,-0.019506,0.1121
0,-0.019603,0.1122
0,-0.019701,0.11231
0,-0.019797,0.11241
0,-0.019894,0.11251
0,-0.01999,0.11262
0,-0.020085,0.11272
0,-0.02018,0.11282
0,-0.020274,0.11292
0,-0.020368,0.11303
0,-0.020461,0.11313
0,-0.020554,0.11323
0,-0.020646,0.11334
0,-0.020738,0.11344
0,-0.020829,0.11354
0,-0.02092,0.11365
0,-0.02101,0.11375
0,-0.0211,0.11385
0,-0.021189,0.11396
0,-0.021277,0.11406
0,-0.021365,0.11416
0,-0.021453,0.11427
0,-0.021539,0.11437
0,-0.021625,0.11447
0,-0.021711,0.11458
0,-0.021796,0.11468
0,-0.02188,0.11479
0,-0.021964,0.11489
0,-0.022047,0.11499
0,-0.02213,0.1151
0,-0.022212,0.1152
0,-0.022293,0.11531
0,-0.022373,0.11541
0,-0.022453,0.11552
0,-0.022533,0.11562
0,-0.022611,0.11573
0,-0.022689,0.11583
0,-0.022767,0.11593
0,-0.022843,0.11604
0,-0.022919,0.11614
0,-0.022995,0.11625
0,-0.023069,0.11635
0,-0.023143,0.11646
0,-0.023217,0.11656
0,-0.023289,0.11667
0,-0.023361,0.11677
0,-0.023433,0.11688
0,-0.023503,0.11698
0,-0.023573,0.11709
0,-0.023642,0.11719
0,-0.02371,0.1173
0,-0.023778,0.1174
0,-0.023845,0.11751
0,-0.023911,0.11761
0,-0.023977,0.11772
0,-0.024042,0.11783
0,-0.024106,0.11793
0,-0.024169,0.11804
0,-0.024231,0.11814
0,-0.024293,0.11825
0,-0.024354,0.11835
0,-0.024415,0.11846
0,-0.024474,0.11856
0,-0.024533,0.11867
0,-0.024591,0.11878
0,-0.024648,0.11888
0,-0.024705,0.11899
0,-0.024761,0.11909
0,-0.024816,0.1192
0,-0.02487,0.1193
0,-0.024924,0.11941
0,-0.024976,0.11951
0,-0.025028,0.11962
0,-0.025079,0.11972
0,-0.02513,0.11983
0,-0.025179,0.11994
0,-0.025228,0.12004
0,-0.025276,0.12015
0,-0.025323,0.12025
0,-0.02537,0.12036
0,-0.025415,0.12046
0,-0.02546,0.12057
0,-0.025504,0.12068
0,-0.025548,0.12078
0,-0.02559,0.12089
0,-0.025632,0.12099
0,-0.025673,0.1211
0,-0.025713,0.1212
0,-0.025752,0.12131
0,-0.025791,0.12141
0,-0.025828,0.12152
0,-0.025865,0.12162
0,-0.025901,0.12173
0,-0.025937,0.12183
0,-0.025971,0.12194
0,-0.026005,0.12205
0,-0.026038,0.12215
0,-0.02607,0.12226
0,-0.026101,0.12236
0,-0.026132,0.12246
0,-0.026161,0.12257
0,-0.02619,0.12267
0,-0.026218,0.12278
0,-0.026245,0.12288
0,-0.026272,0.12299
0,-0.026297,0.12309
0,-0.026322,0.1232
0,-0.026346,0.1233
0,-0.02637,0.12341
0,-0.026392,0.12351
0,-0.026414,0.12361
0,-0.026435,0.12372
0,-0.026455,0.12382
0,-0.026474,0.12392
0,-0.026492,0.12403
0,-0.02651,0.12413
0,-0.026527,0.12423
0,-0.026543,0.12434
0,-0.026558,0.12444
0,-0.026572,0.12455
0,-0.026586,0.12465
0,-0.026599,0.12475
0,-0.026611,0.12485
0,-0.026622,0.12496
0,-0.026633,0.12506
0,-0.026642,0.12516
0,-0.026651,0.12526
0,-0.02666,0.12537
0,-0.026667,0.12547
0,-0.026673,0.12557
0,-0.026679,0.12567
0,-0.026684,0.12577
0,-0.026689,0.12587
0,-0.026692,0.12597
0,-0.026695,0.12607
0,-0.026697,0.12618
0,-0.026698,0.12628
0,-0.026698,0.12638
0,-0.026698,0.12648
0,-0.026697,0.12658
0,-0.026695,0.12668
0,-0.026692,0.12678
0,-0.026689,0.12688
0,-0.026685,0.12698
0,-0.02668,0.12707
0,-0.026674,0.12717
0,-0.026668,0.12727
0,-0.026661,0.12737
0,-0.026653,0.12747
0,-0.026644,0.12757
0,-0.026635,0.12767
0,-0.026625,0.12776
0,-0.026614,0.12786
0,-0.026602,0.12796
0,-0.02659,0.12806
0,-0.026577,0.12815
0,-0.026563,0.12825
0,-0.026549,0.12835
0,-0.026534,0.12844
0,-0.026518,0.12854
0,-0.026502,0.12863
0,-0.026484,0.12873
0,-0.026466,0.12882
0,-0.026448,0.12892
0,-0.026429,0.12901
0,-0.026409,0.12911
0,-0.026388,0.1292
0,-0.026367,0.12929
0,-0.026344,0.12939
0,-0.026322,0.12948
0,-0.026298,0.12957
0,-0.026274,0.12967
0,-0.02625,0.12976
0,-0.026224,0.12985
0,-0.026198,0.12994
0,-0.026171,0.13004
0,-0.026144,0.13013
0,-0.026116,0.13022
0,-0.026087,0.13031
0,-0.026058,0.1304
0,-0.026028,0.13049
0,-0.025998,0.13058
0,-0.025967,0.13067
0,-0.025935,0.13076
0,-0.025902,0.13084
0,-0.025869,0.13093
0,-0.025836,0.13102
0,-0.025802,0.13111
0,-0.025767,0.1312
0,-0.025731,0.13128
0,-0.025695,0.13137
0,-0.025659,0.13146
0,-0.025621,0.13154
0,-0.025584,0.13163
0,-0.025545,0.13171
0,-0.025506,0.1318
0,-0.025467,0.13188
0,-0.025427,0.13197
0,-0.025386,0.13205
0,-0.025345,0.13213
0,-0.025303,0.13222
0,-0.025261,0.1323
0,-0.025218,0.13238
0,-0.025174,0.13246
0,-0.02513,0.13255
0,-0.025086,0.13263
0,-0.025041,0.13271
0,-0.024995,0.13279
0,-0.024949,0.13287
0,-0.024903,0.13295
0,-0.024856,0.13303
0,-0.024808,0.13311
0,-0.02476,0.13318
0,-0.024712,0.13326
0,-0.024662,0.13334
0,-0.024613,0.13342
0,-0.024563,0.13349
0,-0.024512,0.13357
0,-0.024461,0.13365
0,-0.02441,0.13372
0,-0.024358,0.1338
0,-0.024306,0.13387
0,-0.024253,0.13395
0,-0.024199,0.13402
0,-0.024146,0.13409
0,-0.024092,0.13417
0,-0.024037,0.13424
0,-0.023982,0.13431
0,-0.023926,0.13438
0,-0.02387,0.13445
0,-0.023814,0.13452
0,-0.023757,0.13459
0,-0.0237,0.13466
0,-0.023643,0.13473
0,-0.023585,0.1348
0,-0.023526,0.13487
0,-0.023468,0.13494
0,-0.023409,0.13501
0,-0.023349,0.13507
0,-0.023289,0.13514
0,-0.023229,0.13521
0,-0.023168,0.13527
0,-0.023107,0.13534
0,-0.023046,0.1354
0,-0.022984,0.13547
0,-0.022922,0.13553
0,-0.02286,0.13559
0,-0.022797,0.13566
0,-0.022734,0.13572
0,-0.02267,0.13578
0,-0.022607,0.13584
0,-0.022542,0.1359
0,-0.022478,0.13596
0,-0.022413,0.13602
0,-0.022348,0.13608
0,-0.022283,0.13614
0,-0.022217,0.1362
0,-0.022151,0.13626
0,-0.022085,0.13632
0,-0.022019,0.13637
0,-0.021952,0.13643
0,-0.021885,0.13649
0,-0.021818,0.13654
0,-0.02175,0.1366
0,-0.021682,0.13665
0,-0.021614,0.13671
0,-0.021546,0.13676
0,-0.021477,0.13681
0,-0.021408,0.13687
0,-0.021339,0.13692
0,-0.02127,0.13697
0,-0.0212,0.13702
0,-0.02113,0.13707
0,-0.02106,0.13712
0,-0.02099,0.13717
0,-0.020919,0.13722
0,-0.020849,0.13727
0,-0.020778,0.13732
0,-0.020707,0.13736
0,-0.020636,0.13741
0,-0.020564,0.13746
0,-0.020492,0.1375
0,-0.020421,0.13755
0,-0.020348,0.13759
0,-0.020276,0.13764
0,-0.020204,0.13768
0,-0.020131,0.13773
0,-0.020059,0.13777
0,-0.019986,0.13781
0,-0.019913,0.13785
0,-0.019839,0.1379
0,-0.019766,0.13794
0,-0.019693,0.13798
0,-0.019619,0.13802
0,-0.019545,0.13806
0,-0.019471,0.1381
0,-0.019397,0.13813
0,-0.019323,0.13817
0,-0.019249,0.13821
0,-0.019175,0.13825
0,-0.0191,0.13828
0,-0.019026,0.13832
0,-0.018951,0.13835
0,-0.018876,0.13839
0,-0.018801,0.13842
0,-0.018726,0.13846
0,-0.018651,0.13849
0,-0.018576,0.13852
0,-0.018501,0.13856
0,-0.018426,0.13859
0,-0.01835,0.13862
0,-0.018275,0.13865
0,-0.018199,0.13868
0,-0.018124,0.13871
0,-0.018048,0.13874
0,-0.017972,0.13877
0,-0.017897,0.1388
0,-0.017821,0.13882
0,-0.017745,0.13885
0,-0.017669,0.13888
0,-0.017593,0.1389
0,-0.017518,0.13893
0,-0.017442,0.13895
0,-0.017366,0.13898
0,-0.01729,0.139
0,-0.017214,0.13903
0,-0.017138,0.13905
0,-0.017062,0.13907
0,-0.016986,0.1391
0,-0.01691,0.13912
0,-0.016834,0.13914
0,-0.016758,0.13916
0,-0.016682,0.13918
0,-0.016606,0.1392
0,-0.01653,0.13922
0,-0.016454,0.13924
0,-0.016378,0.13926
0,-0.016302,0.13928
0,-0.016226,0.13929
0,-0.01615,0.13931
0,-0.016074,0.13933
0,-0.015998,0.13934
0,-0.015922,0.13936
0,-0.015847,0.13937
0,-0.015771,0.13939
0,-0.015695,0.1394
0,-0.01562,0.13942
0,-0.015544,0.13943
0,-0.015469,0.13944
0,-0.015393,0.13945
0,-0.015318,0.13947
0,-0.015243,0.13948
0,-0.015167,0.13949
0,-0.015092,0.1395
0,-0.015017,0.13951
0,-0.014942,0.13952
0,-0.014867,0.13953
0,-0.014792,0.13953
0,-0.014718,0.13954
0,-0.014643,0.13955
0,-0.014568,0.13956
0,-0.014494,0.13956
0,-0.01442,0.13957
0,-0.014345,0.13958
0,-0.014271,0.13958
0,-0.014197,0.13959
0,-0.014123,0.13959
0,-0.014049,0.1396
0,-0.013975,0.1396
0,-0.013902,0.1396
0,-0.013828,0.13961
0,-0.013755,0.13961
0,-0.013681,0.13961
0,-0.013608,0.13961
0,-0.013535,0.13961
0,-0.013462,0.13961
0,-0.013389,0.13961
0,-0.013317,0.13961
0,-0.013244,0.13961
0,-0.013172,0.13961
0,-0.0131,0.13961
0,-0.013028,0.13961
0,-0.012956,0.13961
0,-0.012884,0.13961
0,-0.012812,0.1396
0,-0.012741,0.1396
0,-0.012669,0.13959
0,-0.012598,0.13959
0,-0.012527,0.13959
0,-0.012456,0.13958
0,-0.012385,0.13958
0,-0.012315,0.13957
0,-0.012244,0.13956
0,-0.012174,0.13956
0,-0.012104,0.13955
0,-0.012034,0.13954
0,-0.011964,0.13954
0,-0.011895,0.13953
0,-0.011825,0.13952
0,-0.011756,0.13951
0,-0.011687,0.1395
0,-0.011618,0.13949
0,-0.011549,0.13948
0,-0.011481,0.13947
0,-0.011412,0.13946
0,-0.011344,0.13945
0,-0.011276,0.13944
0,-0.011208,0.13943
0,-0.011141,0.13942
0,-0.011074,0.13941
0,-0.011006,0.13939
0,-0.010939,0.13938
0,-0.010872,0.13937
0,-0.010806,0.13935
0,-0.010739,0.13934
0,-0.010673,0.13933
0,-0.010607,0.13931
0,-0.010541,0.1393
0,-0.010476,0.13928
0,-0.01041,0.13927
0,-0.010345,0.13925
0,-0.01028,0.13923
0,-0.010215,0.13922
0,-0.010151,0.1392
0,-0.010086,0.13918
0,-0.010022,0.13917
0,-0.009958,0.13915
0,-0.009895,0.13913
0,-0.009831,0.13911
0,-0.009768,0.13909
0,-0.009705,0.13908
0,-0.009642,0.13906
0,-0.009579,0.13904
0,-0.009517,0.13902
0,-0.009455,0.139
0,-0.009393,0.13898
0,-0.009331,0.13896
0,-0.009269,0.13894
0,-0.009208,0.13892
0,-0.009147,0.13889
0,-0.009086,0.13887
0,-0.009026,0.13885
0,-0.008965,0.13883
0,-0.008905,0.13881
0,-0.008845,0.13878
0,-0.008785,0.13876
0,-0.008726,0.13874
0,-0.008667,0.13872
0,-0.008608,0.13869
0,-0.008549,0.13867
0,-0.00849,0.13864
0,-0.008432,0.13862
0,-0.008374,0.1386
0,-0.008316,0.13857
0,-0.008259,0.13855
0,-0.008201,0.13852
0,-0.008144,0.1385
0,-0.008087,0.13847
0,-0.008031,0.13845
0,-0.007974,0.13842
0,-0.007918,0.13839
0,-0.007862,0.13837
0,-0.007807,0.13834
0,-0.007751,0.13831
0,-0.007696,0.13829
0,-0.007641,0.13826
0,-0.007586,0.13823
0,-0.007532,0.1382
0,-0.007478,0.13818
0,-0.007424,0.13815
0,-0.00737,0.13812
0,-0.007316,0.13809
0,-0.007263,0.13806
0,-0.00721,0.13803
0,-0.007157,0.13801
0,-0.007105,0.13798
0,-0.007053,0.13795
0,-0.007001,0.13792
0,-0.006949,0.13789
0,-0.006897,0.13786
0,-0.006846,0.13783
0,-0.006795,0.1378
0,-0.006744,0.13777
0,-0.006694,0.13774
0,-0.006643,0.13771
0,-0.006593,0.13768
0,-0.006543,0.13765
0,-0.006494,0.13762
0,-0.006444,0.13759
0,-0.006395,0.13755
0,-0.006346,0.13752
0,-0.006298,0.13749
0,-0.00625,0.13746
0,-0.006201,0.13743
0,-0.006154,0.1374
0,-0.006106,0.13736
0,-0.006059,0.13733
0,-0.006012,0.1373
0,-0.005965,0.13727
0,-0.005918,0.13723
0,-0.005872,0.1372
0,-0.005826,0.13717
0,-0.00578,0.13714
0,-0.005734,0.1371
0,-0.005689,0.13707
0,-0.005643,0.13704
0,-0.005599,0.137
0,-0.005554,0.13697
0,-0.005509,0.13694
0,-0.005465,0.1369
0,-0.005421,0.13687
0,-0.005378,0.13684
0,-0.005334,0.1368
0,-0.005291,0.13677
0,-0.005248,0.13674
0,-0.005205,0.1367
0,-0.005163,0.13667
0,-0.00512,0.13664
0,-0.005078,0.1366
0,-0.005037,0.13657
0,-0.004995,0.13653
0,-0.004954,0.1365
0,-0.004913,0.13646
0,-0.004872,0.13643
0,-0.004831,0.13639
0,-0.004791,0.13636
0,-0.004751,0.13633
0,-0.004711,0.13629
0,-0.004672,0.13625
0,-0.004632,0.13622
0,-0.004593,0.13619
0,-0.004554,0.13615
0,-0.004515,0.13612
0,-0.004477,0.13608
0,-0.004439,0.13605
0,-0.004401,0.13601
0,-0.004363,0.13598
0,-0.004326,0.13594
0,-0.004288,0.1359
0,-0.004251,0.13587
0,-0.004214,0.13584
0,-0.004178,0.1358
0,-0.004141,0.13576
0,-0.004105,0.13573
0,-0.004069,0.13569
0,-0.004034,0.13566
0,-0.003998,0.13562
0,-0.003963,0.13559
0,-0.003928,0.13555
0,-0.003893,0.13552
0,-0.003859,0.13548
0,-0.003824,0.13545
0,-0.00379,0.13541
0,-0.003756,0.13537
0,-0.003723,0.13534
0,-0.003689,0.1353
0,-0.003656,0.13527
0,-0.003623,0.13523
0,-0.00359,0.1352
0,-0.003558,0.13516
0,-0.003525,0.13513
0,-0.003493,0.13509
0,-0.003461,0.13506
0,-0.00343,0.13502
0,-0.003398,0.13499
0,-0.003367,0.13495
0,-0.003336,0.13492
0,-0.003305,0.13488
0,-0.003274,0.13484
0,-0.003244,0.13481
0,-0.003214,0.13477
0,-0.003184,0.13474
0,-0.003154,0.1347
0,-0.003124,0.13467
0,-0.003095,0.13463
0,-0.003066,0.1346
0,-0.003037,0.13456
0,-0.003008,0.13453
0,-0.00298,0.13449
0,-0.002951,0.13446
0,-0.002923,0.13442
0,-0.002895,0.13439
0,-0.002868,0.13435
0,-0.00284,0.13432
0,-0.002813,0.13428
0,-0.002786,0.13425
0,-0.002759,0.13422
0,-0.002732,0.13418
0,-0.002705,0.13414
0,-0.002679,0.13411
0,-0.002653,0.13408
0,-0.002627,0.13404
0,-0.002601,0.13401
0,-0.002576,0.13397
0,-0.00255,0.13394
0,-0.002525,0.1339
0,-0.0025,0.13387
0,-0.002475,0.13384
0,-0.002451,0.1338
0,-0.002426,0.13377
0,-0.002402,0.13373
0,-0.002378,0.1337
0,-0.002354,0.13367
0,-0.00233,0.13363
0,-0.002307,0.1336
0,-0.002283,0.13357
0,-0.00226,0.13353
0,-0.002237,0.1335
0,-0.002215,0.13347
0,-0.002192,0.13343
0,-0.00217,0.1334
0,-0.002147,0.13337
0,-0.002125,0.13333
0,-0.002103,0.1333
0,-0.002082,0.13327
0,-0.00206,0.13323
0,-0.002039,0.1332
0,-0.002018,0.13317
0,-0.001996,0.13314
0,-0.001976,0.1331
0,-0.001955,0.13307
0,-0.001934,0.13304
0,-0.001914,0.13301
0,-0.001894,0.13298
0,-0.001874,0.13294
0,-0.001854,0.13291
0,-0.001834,0.13288
0,-0.001815,0.13285
0,-0.001795,0.13282
0,-0.001776,0.13278
0,-0.001757,0.13275
0,-0.001738,0.13272
0,-0.00172,0.13269
0,-0.001701,0.13266
0,-0.001683,0.13263
0,-0.001664,0.1326
0,-0.001646,0.13256
0,-0.001628,0.13253
0,-0.001611,0.1325
0,-0.001593,0.13247
0,-0.001575,0.13244
0,-0.001558,0.13241
0,-0.001541,0.13238
0,-0.001524,0.13235
0,-0.001507,0.13232
0,-0.00149,0.13229
0,-0.001474,0.13226
0,-0.001457,0.13223
0,-0.001441,0.1322
0,-0.001425,0.13217
0,-0.001409,0.13214
0,-0.001393,0.13211
0,-0.001377,0.13208
0,-0.001362,0.13205
0,-0.001346,0.13203
0,-0.001331,0.132
0,-0.001316,0.13197
0,-0.001301,0.13194
0,-0.001286,0.13191
0,-0.001271,0.13188
0,-0.001256,0.13185
0,-0.001242,0.13182
0,-0.001228,0.1318
0,-0.001213,0.13177
0,-0.001199,0.13174
0,-0.001185,0.13171
0,-0.001172,0.13168
0,-0.001158,0.13166
0,-0.001144,0.13163
0,-0.001131,0.1316
0,-0.001118,0.13157
0,-0.001104,0.13155
0,-0.001091,0.13152
0,-0.001078,0.13149
0,-0.001065,0.13146
0,-0.001053,0.13144
0,-0.00104,0.13141
0,-0.001028,0.13139
0,-0.001015,0.13136
0,-0.001003,0.13133
0,-0.000991,0.13131
0,-0.000979,0.13128
0,-0.000967,0.13125
0,-0.000956,0.13123
0,-0.000944,0.1312
0,-0.000932,0.13118
0,-0.000921,0.13115
0,-0.00091,0.13113
0,-0.000898,0.1311
0,-0.000887,0.13107
0,-0.000876,0.13105
0,-0.000866,0.13103
0,-0.000855,0.131
0,-0.000844,0.13098
0,-0.000834,0.13095
0,-0.000823,0.13093
0,-0.000813,0.1309
0,-0.000803,0.13088
0,-0.000793,0.13085
0,-0.000783,0.13083
0,-0.000773,0.13081
0,-0.000763,0.13078
0,-0.000753,0.13076
0,-0.000744,0.13073
0,-0.000734,0.13071
0,-0.000725,0.13069
0,-0.000715,0.13067
0,-0.000706,0.13064
0,-0.000697,0.13062
0,-0.000688,0.1306
0,-0.000679,0.13057
0,-0.00067,0.13055
0,-0.000662,0.13053
0,-0.000653,0.13051
0,-0.000644,0.13048
0,-0.000636,0.13046
0,-0.000628,0.13044
0,-0.000619,0.13042
0,-0.000611,0.1304
0,-0.000603,0.13037
0,-0.000595,0.13035
0,-0.000587,0.13033
0,-0.000579,0.13031
0,-0.000571,0.13029
0,-0.000564,0.13027
0,-0.000556,0.13025
0,-0.000549,0.13023
0,-0.000541,0.13021
0,-0.000534,0.13019
0,-0.000527,0.13017
0,-0.00052,0.13015
0,-0.000512,0.13013
0,-0.000505,0.13011
0,-0.000498,0.13009
0,-0.000492,0.13007
0,-0.000485,0.13005
0,-0.000478,0.13003
0,-0.000471,0.13001
0,-0.000465,0.12999
0,-0.000458,0.12997
0,-0.000452,0.12995
0,-0.000446,0.12993
0,-0.000439,0.12991
0,-0.000433,0.12989
0,-0.000427,0.12987
0,-0.000421,0.12986
0,-0.000415,0.12984
0,-0.000409,0.12982
0,-0.000403,0.1298
0,-0.000398,0.12978
0,-0.000392,0.12976
0,-0.000386,0.12975
0,-0.000381,0.12973
0,-0.000375,0.12971
0,-0.00037,0.12969
0,-0.000364,0.12968
0,-0.000359,0.12966
0,-0.000354,0.12964
0,-0.000349,0.12963
0,-0.000344,0.12961
0,-0.000339,0.12959
0,-0.000334,0.12957
0,-0.000329,0.12956
0,-0.000324,0.12954
0,-0.000319,0.12953
0,-0.000314,0.12951
0,-0.000309,0.12949
0,-0.000305,0.12948
0,-0.0003,0.12946
0,-0.000296,0.12945
0,-0.000291,0.12943
0,-0.000287,0.12942
0,-0.000283,0.1294
0,-0.000278,0.12938
0,-0.000274,0.12937
0,-0.00027,0.12935
0,-0.000266,0.12934
0,-0.000262,0.12932
0,-0.000258,0.12931
0,-0.000254,0.12929
0,-0.00025,0.12928
0,-0.000246,0.12926
0,-0.000242,0.12925
0,-0.000238,0.12924
0,-0.000234,0.12922
0,-0.000231,0.12921
0,-0.000227,0.12919
0,-0.000223,0.12918
0,-0.00022,0.12917
0,-0.000216,0.12915
0,-0.000213,0.12914
0,-0.00021,0.12913
0,-0.000206,0.12911
0,-0.000203,0.1291
0,-0.0002,0.12909
0,-0.000196,0.12907
0,-0.000193,0.12906
0,-0.00019,0.12905
0,-0.000187,0.12904
0,-0.000184,0.12902
0,-0.000181,0.12901
0,-0.000178,0.129
0,-0.000175,0.12898
0,-0.000172,0.12897
0,-0.000169,0.12896
0,-0.000166,0.12895
0,-0.000164,0.12894
0,-0.000161,0.12893
0,-0.000158,0.12891
0,-0.000156,0.1289
0,-0.000153,0.12889
0,-0.00015,0.12888
0,-0.000148,0.12887
0,-0.000145,0.12885
0,-0.000143,0.12884
0,-0.00014,0.12883
0,-0.000138,0.12882
0,-0.000136,0.12881
0,-0.000133,0.1288
0,-0.000131,0.12879
0,-0.000129,0.12878
0,-0.000126,0.12877
0,-0.000124,0.12876
0,-0.000122,0.12875
0,-0.00012,0.12874
0,-0.000118,0.12873
0,-0.000116,0.12872
0,-0.000114,0.12871
0,-0.000112,0.1287
0,-0.00011,0.12869
0,-0.000108,0.12868
0,-0.000106,0.12867
0,-0.000104,0.12866
0,-0.000102,0.12865
0,-0.0001,0.12864
0,-9.8e-05,0.12863
0,-9.7e-05,0.12862
0,-9.5e-05,0.12861
0,-9.3e-05,0.1286
0,-9.1e-05,0.12859
0,-9e-05,0.12859
0,-8.8e-05,0.12858
0,-8.6e-05,0.12857
0,-8.5e-05,0.12856
0,-8.3e-05,0.12855
0,-8.2e-05,0.12854
0,-8e-05,0.12853
0,-7.9e-05,0.12853
0,-7.7e-05,0.12852
0,-7.6e-05,0.12851
0,-7.4e-05,0.1285
0,-7.3e-05,0.12849
0,-7.1e-05,0.12848
0,-7e-05,0.12848
0,-6.9e-05,0.12847
0,-6.7e-05,0.12846
0,-6.6e-05,0.12846
0,-6.5e-05,0.12845
0,-6.4e-05,0.12844
0,-6.2e-05,0.12843
0,-6.1e-05,0.12843
0,-6e-05,0.12842
0,-5.9e-05,0.12841
0,-5.8e-05,0.1284
0,-5.6e-05,0.1284
0,-5.5e-05,0.12839
0,-5.4e-05,0.12838
0,-5.3e-05,0.12838
0,-5.2e-05,0.12837
0,-5.1e-05,0.12836
0,-5e-05,0.12836
0,-4.9e-05,0.12835
0,-4.8e-05,0.12834
0,-4.7e-05,0.12834
0,-4.6e-05,0.12833
0,-4.5e-05,0.12832
0,-4.4e-05,0.12832
0,-4.3e-05,0.12831
0,-4.2e-05,0.12831
0,-4.1e-05,0.1283
0,-4.1e-05,0.12829
0,-4e-05,0.12829
0,-3.9e-05,0.12828
0,-3.8e-05,0.12828
0,-3.7e-05,0.12827
0,-3.6e-05,0.12826
0,-3.6e-05,0.12826
0,-3.5e-05,0.12825
0,-3.4e-05,0.12825
0,-3.3e-05,0.12824
0,-3.3e-05,0.12824
0,-3.2e-05,0.12823
0,-3.1e-05,0.12823
0,-3.1e-05,0.12822
0,-3e-05,0.12822
0,-2.9e-05,0.12821
0,-2.9e-05,0.12821
0,-2.8e-05,0.1282
0,-2.7e-05,0.1282
0,-2.7e-05,0.12819
0,-2.6e-05,0.12819
0,-2.6e-05,0.12818
0,-2.5e-05,0.12818
0,-2.4e-05,0.12818
0,-2.4e-05,0.12817
0,-2.3e-05,0.12817
0,-2.3e-05,0.12816
0,-2.2e-05,0.12816
0,-2.2e-05,0.12815
0,-2.1e-05,0.12815
0,-2.1e-05,0.12815
0,-2e-05,0.12814
0,-2e-05,0.12814
0,-1.9e-05,0.12813
0,-1.9e-05,0.12813
0,-1.8e-05,0.12812
0,-1.8e-05,0.12812
0,-1.8e-05,0.12812
0,-1.7e-05,0.12811
0,-1.7e-05,0.12811
0,-1.6e-05,0.12811
0,-1.6e-05,0.1281
0,-1.6e-05,0.1281
0,-1.5e-05,0.12809
0,-1.5e-05,0.12809
0,-1.4e-05,0.12809
0,-1.4e-05,0.12809
0,-1.4e-05,0.12808
0,-1.3e-05,0.12808
0,-1.3e-05,0.12807
0,-1.3e-05,0.12807
0,-1.2e-05,0.12807
0,-1.2e-05,0.12807
0,-1.2e-05,0.12806
0,-1.1e-05,0.12806
0,-1.1e-05,0.12806
0,-1.1e-05,0.12805
0,-1.1e-05,0.12805
0,-1e-05,0.12805
0,-1e-05,0.12804
0,-1e-05,0.12804
0,-1e-05,0.12804
0,-9e-06,0.12804
0,-9e-06,0.12803
0,-9e-06,0.12803
0,-9e-06,0.12803
0,-8e-06,0.12803
0,-8e-06,0.12802
0,-8e-06,0.12802
0,-8e-06,0.12802
0,-7e-06,0.12802
0,-7e-06,0.12801
0,-7e-06,0.12801
0,-7e-06,0.12801
0,-7e-06,0.12801
0,-6e-06,0.12801
0,-6e-06,0.128
0,-6e-06,0.128
0,-6e-06,0.128
0,-6e-06,0.128
0,-6e-06,0.12799
0,-5e-06,0.12799
0,-5e-06,0.12799
0,-5e-06,0.12799
0,-5e-06,0.12799
0,-5e-06,0.12798
0,-5e-06,0.12798
0,-5e-06,0.12798
0,-4e-06,0.12798
0,-4e-06,0.12798
0,-4e-06,0.12798
0,-4e-06,0.12797
0,-4e-06,0.12797
0,-4e-06,0.12797
0,-4e-06,0.12797
0,-4e-06,0.12797
0,-3e-06,0.12797
0,-3e-06,0.12796
0,-3e-06,0.12796
0,-3e-06,0.12796
0,-3e-06,0.12796
0,-3e-06,0.12796
0,-3e-06,0.12796
0,-3e-06,0.12796
0,-3e-06,0.12796
0,-3e-06,0.12795
0,-3e-06,0.12795
0,-2e-06,0.12795
0,-2e-06,0.12795
0,-2e-06,0.12795
0,-2e-06,0.12795
0,-2e-06,0.12795
0,-2e-06,0.12795
0,-2e-06,0.12794
0,-2e-06,0.12794
0,-2e-06,0.12794
0,-2e-06,0.12794
0,-2e-06,0.12794
0,-2e-06,0.12794
0,-2e-06,0.12794
0,-2e-06,0.12794
0,-2e-06,0.12793
0,-1e-06,0.12793
0,-1e-06,0.12793
0,-1e-06,0.12793
0,-1e-06,0.12793
0,-1e-06,0.12793
0,-1e-06,0.12793
0,-1e-06,0.12793
0,-1e-06,0.12793
0,-1e-06,0.12793
0,-1e-06,0.12793
0,-1e-06,0.12793
0,-1e-06,0.12793
0,-1e-06,0.12792
0,-1e-06,0.12792
0,-1e-06,0.12792
0,-1e-06,0.12792
0,-1e-06,0.12792
0,-1e-06,0.12792
0,-1e-06,0.12792
0,-1e-06,0.12792
0,-1e-06,0.12792
0,-1e-06,0.12792
0,-1e-06,0.12792
0,-1e-06,0.12792
0,-1e-06,0.12792
0,-1e-06,0.12792
0,-1e-06,0.12792
0,-1e-06,0.12792
0,-0,0.12792
0,-0,0.12791
0,-0,0.12791
0,-0,0.12791
0,-0,0.12791
0,-0,0.12791
0,-0,0.12791
0,-0,0.12791
0,-0,0.12791
0,-0,0.12791
0,-0,0.12791
0,-0,0.12791
0,-0,0.12791
0,-0,0.12791
0,-0,0.12791
0,-0,0.12791
0,-0,0.12791
0,-0,0.12791
0,-0,0.12791
0,-0,0.12791
0,-0,0.12791
0,-0,0.12791
0,-0,0.12791
0,-0,0.12791
0,-0,0.12791
0,-0,0.12791
0,-0,0.1279
0,-0,0.1279
0,-0,0.1279
0,-0,0.1279
0,-0,0.1279
0,-0,0.1279
0,-0,0.1279
0,-0,0.1279
0,-0,0.1279
0,-0,0.1279
0,-0,0.1279
0,-0,0.1279
0,-0,0.1279
0,-0,0.1279
0,-0,0.1279
0,-0,0.1279
0,-0,0.1279
0,-0,0.1279
0,-0,0.1279
0,-0,0.1279
0,-0,0.1279
0,-0,0.1279
0,-0,0.1279
0,-0,0.1279
0,-0,0.1279
0,-0,0.1279
0,-0,0.1279
0,-0,0.1279
0,-0,0.1279
0,-0,0.1279
0,-0,0.1279
0,-0,0.1279
0,-0,0.1279
0,-0,0.1279
0,-0,0.1279
0,-0,0.1279
0,-0,0.1279
0,-0,0.1279
0,-0,0.1279
0,-0,0.1279
0,-0,0.1279
0,-0,0.1279
0,-0,0.1279
0,-0,0.1279
0,-0,0.1279
0,-0,0.1279
0,-0,0.1279
0,-0,0.1279
0,-0,0.1279
0,-0,0.1279
0,-0,0.1279
0,-0,0.1279
0,-0,0.1279
0,-0,0.1279
0,-0,0.1279
0,-0,0.1279
0,-0,0.1279
0,-0,0.1279
0,-0,0.1279
0,-0,0.1279
0,-0,0.1279
0,-0,0.1279
0,-0,0.1279
0,-0,0.1279
0,-0,0.1279
0,-0,0.1279
0,-0,0.1279
0,-0,0.1279
0,-0,0.1279
0,-0,0.1279
0,-0,0.1279
0,-0,0.1279
0,-0,0.1279
0,-0,0.1279
0,-0,0.1279
0,-0,0.1279
0,-0,0.1279
0,-0,0.1279
0,-0,0.1279
0,-0,0.1279
0,-0,0.1279
0,-0,0.1279
0,-0,0.1279
0,-0,0.1279
0,-0,0.1279
0,-0,0.1279
