0,-0,0.1279
0,-0,0.1279
0,0,0.1279
0,0,0.1279
0,0,0.1279
0,0,0.1279
0,0,0.1279
0,0,0.1279
0,0,0.1279
0,0,0.1279
0,0,0.1279
0,0,0.1279
0,0,0.1279
0,0,0.1279
0,0,0.1279
0,0,0.1279
0,0,0.1279
0,0,0.1279
0,0,0.1279
0,0,0.1279
0,0,0.1279
0,0,0.1279
0,0,0.1279
0,0,0.1279
0,0,0.1279
0,0,0.1279
0,0,0.1279
0,0,0.1279
0,0,0.1279
0,0,0.1279
0,0,0.1279
0,0,0.1279
0,0,0.1279
0,0,0.1279
0,0,0.1279
0,0,0.1279
0,0,0.1279
0,0,0.1279
0,0,0.1279
0,0,0.1279
0,0,0.1279
0,0,0.1279
0,0,0.1279
0,0,0.1279
0,0,0.1279
0,0,0.1279
0,0,0.1279
0,0,0.1279
0,0,0.1279
0,0,0.1279
0,0,0.1279
0,0,0.1279
0,0,0.1279
0,0,0.1279
0,0,0.1279
0,0,0.1279
0,0,0.1279
0,0,0.1279
0,0,0.1279
0,0,0.1279
0,0,0.1279
0,0,0.1279
0,0,0.1279
0,0,0.1279
0,0,0.1279
0,0,0.1279
0,0,0.1279
0,0,0.1279
0,0,0.1279
0,0,0.1279
0,0,0.1279
0,0,0.1279
0,0,0.1279
0,0,0.1279
0,0,0.1279
0,0,0.1279
0,0,0.1279
0,0,0.1279
0,0,0.1279
0,0,0.1279
0,0,0.1279
0,0,0.1279
0,0,0.1279
0,0,0.1279
0,0,0.1279
0,0,0.1279
0,0,0.1279
0,0,0.1279
0,0,0.1279
0,0,0.1279
0,0,0.1279
0,0,0.12791
0,0,0.12791
0,0,0.12791
0,0,0.12791
0,0,0.12791
0,0,0.12791
0,0,0.12791
0,0,0.12791
0,0,0.12791
0,0,0.12791
0,0,0.12791
0,0,0.12791
0,0,0.12791
0,0,0.12791
0,0,0.12791
0,0,0.12791
0,0,0.12791
0,0,0.12791
0,0,0.12791
0,0,0.12791
0,0,0.12791
0,0,0.12791
0,0,0.12791
0,0,0.12791
0,0,0.12791
0,0,0.12792
0,0,0.12792
0,0,0.12792
0,0,0.12792
0,0,0.12792
0,0,0.12792
0,0,0.12792
0,0,0.12792
0,0,0.12792
0,0,0.12792
0,0,0.12792
0,0,0.12792
0,0,0.12792
0,0,0.12792
0,0,0.12792
0,1e-06,0.12792
0,1e-06,0.12793
0,1e-06,0.12793
0,1e-06,0.12793
0,1e-06,0.12793
0,1e-06,0.12793
0,1e-06,0.12793
0,1e-06,0.12793
0,1e-06,0.12793
0,1e-06,0.12793
0,1e-06,0.12793
0,1e-06,0.12793
0,1e-06,0.12793
0,1e-06,0.12794
0,1e-06,0.12794
0,1e-06,0.12794
0,1e-06,0.12794
0,1e-06,0.12794
0,1e-06,0.12794
0,1e-06,0.12794
0,1e-06,0.12794
0,1e-06,0.12794
0,1e-06,0.12795
0,1e-06,0.12795
0,1e-06,0.12795
0,1e-06,0.12795
0,1e-06,0.12795
0,2e-06,0.12795
0,2e-06,0.12795
0,2e-06,0.12795
0,2e-06,0.12796
0,2e-06,0.12796
0,2e-06,0.12796
0,2e-06,0.12796
0,2e-06,0.12796
0,2e-06,0.12796
0,2e-06,0.12796
0,2e-06,0.12797
0,2e-06,0.12797
0,2e-06,0.12797
0,2e-06,0.12797
0,3e-06,0.12797
0,3e-06,0.12797
0,3e-06,0.12798
0,3e-06,0.12798
0,3e-06,0.12798
0,3e-06,0.12798
0,3e-06,0.12798
0,3e-06,0.12798
0,3e-06,0.12799
0,4e-06,0.12799
0,4e-06,0.12799
0,4e-06,0.12799
0,4e-06,0.12799
0,4e-06,0.128
0,4e-06,0.128
0,4e-06,0.128
0,4e-06,0.128
0,5e-06,0.12801
0,5e-06,0.12801
0,5e-06,0.12801
0,5e-06,0.12801
0,5e-06,0.12801
0,5e-06,0.12802
0,6e-06,0.12802
0,6e-06,0.12802
0,6e-06,0.12802
0,6e-06,0.12803
0,6e-06,0.12803
0,6e-06,0.12803
0,7e-06,0.12804
0,7e-06,0.12804
0,7e-06,0.12804
0,7e-06,0.12804
0,7e-06,0.12805
0,8e-06,0.12805
0,8e-06,0.12805
0,8e-06,0.12806
0,8e-06,0.12806
0,9e-06,0.12806
0,9e-06,0.12806
0,9e-06,0.12807
0,9e-06,0.12807
0,1e-05,0.12807
0,1e-05,0.12808
0,1e-05,0.12808
0,1e-05,0.12808
0,1.1e-05,0.12809
0,1.1e-05,0.12809
0,1.1e-05,0.12809
0,1.2e-05,0.1281
0,1.2e-05,0.1281
0,1.2e-05,0.1281
0,1.3e-05,0.12811
0,1.3e-05,0.12811
0,1.3e-05,0.12812
0,1.4e-05,0.12812
0,1.4e-05,0.12812
0,1.4e-05,0.12813
0,1.5e-05,0.12813
0,1.5e-05,0.12814
0,1.6e-05,0.12814
0,1.6e-05,0.12814
0,1.6e-05,0.12815
0,1.7e-05,0.12815
0,1.7e-05,0.12816
0,1.8e-05,0.12816
0,1.8e-05,0.12817
0,1.9e-05,0.12817
0,1.9e-05,0.12817
0,2e-05,0.12818
0,2e-05,0.12818
0,2.1e-05,0.12819
0,2.1e-05,0.12819
0,2.2e-05,0.1282
0,2.2e-05,0.1282
0,2.3e-05,0.12821
0,2.3e-05,0.12821
0,2.4e-05,0.12822
0,2.4e-05,0.12822
0,2.5e-05,0.12823
0,2.6e-05,0.12823
0,2.6e-05,0.12824
0,2.7e-05,0.12824
0,2.8e-05,0.12825
0,2.8e-05,0.12826
0,2.9e-05,0.12826
0,3e-05,0.12827
0,3e-05,0.12827
0,3.1e-05,0.12828
0,3.2e-05,0.12828
0,3.2e-05,0.12829
0,3.3e-05,0.12829
0,3.4e-05,0.1283
0,3.5e-05,0.12831
0,3.5e-05,0.12831
0,3.6e-05,0.12832
0,3.7e-05,0.12832
0,3.8e-05,0.12833
0,3.9e-05,0.12834
0,4e-05,0.12834
0,4.1e-05,0.12835
0,4.1e-05,0.12836
0,4.2e-05,0.12836
0,4.3e-05,0.12837
0,4.4e-05,0.12838
0,4.5e-05,0.12838
0,4.6e-05,0.12839
0,4.7e-05,0.1284
0,4.8e-05,0.12841
0,4.9e-05,0.12841
0,5e-05,0.12842
0,5.1e-05,0.12843
0,5.2e-05,0.12843
0,5.4e-05,0.12844
0,5.5e-05,0.12845
0,5.6e-05,0.12846
0,5.7e-05,0.12846
0,5.8e-05,0.12847
0,5.9e-05,0.12848
0,6.1e-05,0.12849
0,6.2e-05,0.1285
0,6.3e-05,0.12851
0,6.5e-05,0.12851
0,6.6e-05,0.12852
0,6.7e-05,0.12853
0,6.9e-05,0.12854
0,7e-05,0.12855
0,7.1e-05,0.12856
0,7.3e-05,0.12856
0,7.4e-05,0.12857
0,7.6e-05,0.12858
0,7.7e-05,0.12859
0,7.9e-05,0.1286
0,8e-05,0.12861
0,8.2e-05,0.12862
0,8.4e-05,0.12863
0,8.5e-05,0.12864
0,8.7e-05,0.12865
0,8.9e-05,0.12865
0,9e-05,0.12866
0,9.2e-05,0.12867
0,9.4e-05,0.12868
0,9.6e-05,0.12869
0,9.7e-05,0.1287
0,9.9e-05,0.12871
0,0.000101,0.12872
0,0.000103,0.12873
0,0.000105,0.12874
0,0.000107,0.12876
0,0.000109,0.12876
0,0.000111,0.12878
0,0.000113,0.12879
0,0.000115,0.1288
0,0.000117,0.12881
0,0.00012,0.12882
0,0.000122,0.12883
0,0.000124,0.12884
0,0.000126,0.12885
0,0.000129,0.12886
0,0.000131,0.12887
0,0.000133,0.12889
0,0.000136,0.1289
0,0.000138,0.12891
0,0.000141,0.12892
0,0.000143,0.12893
0,0.000146,0.12895
0,0.000148,0.12896
0,0.000151,0.12897
0,0.000154,0.12898
0,0.000156,0.12899
0,0.000159,0.12901
0,0.000162,0.12902
0,0.000165,0.12903
0,0.000168,0.12905
0,0.000171,0.12906
0,0.000173,0.12907
0,0.000176,0.12909
0,0.000179,0.1291
0,0.000183,0.12911
0,0.000186,0.12912
0,0.000189,0.12914
0,0.000192,0.12915
0,0.000195,0.12917
0,0.000199,0.12918
0,0.000202,0.12919
0,0.000205,0.12921
0,0.000209,0.12922
0,0.000212,0.12924
0,0.000216,0.12925
0,0.000219,0.12926
0,0.000223,0.12928
0,0.000227,0.12929
0,0.00023,0.12931
0,0.000234,0.12932
0,0.000238,0.12934
0,0.000242,0.12935
0,0.000246,0.12937
0,0.00025,0.12938
0,0.000254,0.1294
0,0.000258,0.12942
0,0.000262,0.12943
0,0.000266,0.12945
0,0.000271,0.12946
0,0.000275,0.12948
0,0.000279,0.12949
0,0.000284,0.12951
0,0.000288,0.12953
0,0.000293,0.12954
0,0.000297,0.12956
0,0.000302,0.12958
0,0.000307,0.12959
0,0.000311,0.12961
0,0.000316,0.12963
0,0.000321,0.12965
0,0.000326,0.12966
0,0.000331,0.12968
0,0.000336,0.1297
0,0.000341,0.12971
0,0.000347,0.12973
0,0.000352,0.12975
0,0.000357,0.12977
0,0.000363,0.12979
0,0.000368,0.12981
0,0.000374,0.12982
0,0.000379,0.12984
0,0.000385,0.12986
0,0.000391,0.12988
0,0.000396,0.1299
0,0.000402,0.12992
0,0.000408,0.12994
0,0.000414,0.12995
0,0.00042,0.12997
0,0.000427,0.12999
0,0.000433,0.13001
0,0.000439,0.13003
0,0.000446,0.13005
0,0.000452,0.13007
0,0.000459,0.13009
0,0.000465,0.13011
0,0.000472,0.13013
0,0.000479,0.13015
0,0.000486,0.13017
0,0.000492,0.13019
0,0.0005,0.13021
0,0.000507,0.13023
0,0.000514,0.13026
0,0.000521,0.13028
0,0.000528,0.1303
0,0.000536,0.13032
0,0.000543,0.13034
0,0.000551,0.13036
0,0.000559,0.13039
0,0.000566,0.13041
0,0.000574,0.13043
0,0.000582,0.13045
0,0.00059,0.13047
0,0.000598,0.13049
0,0.000607,0.13052
0,0.000615,0.13054
0,0.000623,0.13056
0,0.000632,0.13059
0,0.000641,0.13061
0,0.000649,0.13063
0,0.000658,0.13065
0,0.000667,0.13068
0,0.000676,0.1307
0,0.000685,0.13072
0,0.000694,0.13075
0,0.000703,0.13077
0,0.000713,0.13079
0,0.000722,0.13082
0,0.000732,0.13084
0,0.000741,0.13087
0,0.000751,0.13089
0,0.000761,0.13092
0,0.000771,0.13094
0,0.000781,0.13097
0,0.000791,0.13099
0,0.000802,0.13102
0,0.000812,0.13104
0,0.000823,0.13107
0,0.000833,0.13109
0,0.000844,0.13112
0,0.000855,0.13114
0,0.000866,0.13117
0,0.000877,0.13119
0,0.000888,0.13122
0,0.000899,0.13125
0,0.000911,0.13127
0,0.000922,0.1313
0,0.000934,0.13132
0,0.000946,0.13135
0,0.000958,0.13138
0,0.00097,0.1314
0,0.000982,0.13143
0,0.000994,0.13146
0,0.001006,0.13148
0,0.001019,0.13151
0,0.001031,0.13154
0,0.001044,0.13157
0,0.001057,0.13159
0,0.00107,0.13162
0,0.001083,0.13165
0,0.001096,0.13168
0,0.00111,0.13171
0,0.001123,0.13173
0,0.001137,0.13176
0,0.001151,0.13179
0,0.001165,0.13182
0,0.001179,0.13185
0,0.001193,0.13188
0,0.001207,0.1319
0,0.001221,0.13193
0,0.001236,0.13196
0,0.001251,0.13199
0,0.001266,0.13202
0,0.001281,0.13205
0,0.001296,0.13208
0,0.001311,0.13211
0,0.001326,0.13214
0,0.001342,0.13217
0,0.001358,0.1322
0,0.001373,0.13223
0,0.001389,0.13226
0,0.001406,0.13229
0,0.001422,0.13232
0,0.001438,0.13235
0,0.001455,0.13238
0,0.001471,0.13241
0,0.001488,0.13244
0,0.001505,0.13247
0,0.001523,0.1325
0,0.00154,0.13253
0,0.001557,0.13256
0,0.001575,0.1326
0,0.001593,0.13263
0,0.001611,0.13266
0,0.001629,0.13269
0,0.001647,0.13272
0,0.001666,0.13275
0,0.001684,0.13278
0,0.001703,0.13282
0,0.001722,0.13285
0,0.001741,0.13288
0,0.00176,0.13291
0,0.00178,0.13295
0,0.001799,0.13298
0,0.001819,0.13301
0,0.001839,0.13304
0,0.001859,0.13307
0,0.001879,0.13311
0,0.0019,0.13314
0,0.00192,0.13317
0,0.001941,0.13321
0,0.001962,0.13324
0,0.001983,0.13327
0,0.002004,0.13331
0,0.002026,0.13334
0,0.002047,0.13337
0,0.002069,0.13341
0,0.002091,0.13344
0,0.002113,0.13347
0,0.002136,0.13351
0,0.002158,0.13354
0,0.002181,0.13357
0,0.002204,0.13361
0,0.002227,0.13364
0,0.00225,0.13367
0,0.002274,0.13371
0,0.002298,0.13374
0,0.002321,0.13378
0,0.002345,0.13381
0,0.00237,0.13385
0,0.002394,0.13388
0,0.002419,0.13392
0,0.002443,0.13395
0,0.002468,0.13398
0,0.002494,0.13402
0,0.002519,0.13405
0,0.002545,0.13409
0,0.00257,0.13412
0,0.002596,0.13416
0,0.002623,0.13419
0,0.002649,0.13423
0,0.002676,0.13426
0,0.002702,0.1343
0,0.002729,0.13433
0,0.002756,0.13437
0,0.002784,0.1344
0,0.002811,0.13444
0,0.002839,0.13447
0,0.002867,0.13451
0,0.002895,0.13454
0,0.002924,0.13458
0,0.002953,0.13461
0,0.002981,0.13465
0,0.00301,0.13468
0,0.00304,0.13472
0,0.003069,0.13476
0,0.003099,0.13479
0,0.003129,0.13483
0,0.003159,0.13486
0,0.003189,0.1349
0,0.00322,0.13493
0,0.003251,0.13497
0,0.003281,0.135
0,0.003313,0.13504
0,0.003344,0.13508
0,0.003376,0.13511
0,0.003408,0.13515
0,0.00344,0.13518
0,0.003472,0.13522
0,0.003505,0.13525
0,0.003537,0.13529
0,0.00357,0.13533
0,0.003603,0.13536
0,0.003637,0.1354
0,0.003671,0.13543
0,0.003704,0.13547
0,0.003739,0.1355
0,0.003773,0.13554
0,0.003808,0.13558
0,0.003842,0.13561
0,0.003877,0.13565
0,0.003913,0.13568
0,0.003948,0.13572
0,0.003984,0.13575
0,0.00402,0.13579
0,0.004056,0.13583
0,0.004092,0.13586
0,0.004129,0.1359
0,0.004166,0.13593
0,0.004203,0.13597
0,0.004241,0.136
0,0.004278,0.13604
0,0.004316,0.13607
0,0.004354,0.13611
0,0.004393,0.13614
0,0.004431,0.13618
0,0.00447,0.13622
0,0.004509,0.13625
0,0.004548,0.13629
0,0.004588,0.13632
0,0.004628,0.13636
0,0.004668,0.13639
0,0.004708,0.13643
0,0.004749,0.13646
0,0.004789,0.1365
0,0.00483,0.13653
0,0.004872,0.13656
0,0.004913,0.1366
0,0.004955,0.13663
0,0.004997,0.13667
0,0.005039,0.1367
0,0.005082,0.13674
0,0.005124,0.13677
0,0.005167,0.13681
0,0.005211,0.13684
0,0.005254,0.13687
0,0.005298,0.13691
0,0.005342,0.13694
0,0.005386,0.13698
0,0.005431,0.13701
0,0.005475,0.13704
0,0.00552,0.13708
0,0.005566,0.13711
0,0.005611,0.13714
0,0.005657,0.13718
0,0.005703,0.13721
0,0.005749,0.13724
0,0.005796,0.13728
0,0.005843,0.13731
0,0.00589,0.13734
0,0.005937,0.13737
0,0.005985,0.1374
0,0.006032,0.13744
0,0.00608,0.13747
0,0.006129,0.1375
0,0.006177,0.13753
0,0.006226,0.13756
0,0.006275,0.1376
0,0.006324,0.13763
0,0.006374,0.13766
0,0.006424,0.13769
0,0.006474,0.13772
0,0.006524,0.13775
0,0.006575,0.13778
0,0.006626,0.13781
0,0.006677,0.13784
0,0.006728,0.13787
0,0.00678,0.1379
0,0.006832,0.13794
0,0.006884,0.13796
0,0.006936,0.13799
0,0.006989,0.13802
0,0.007042,0.13805
0,0.007095,0.13808
0,0.007149,0.13811
0,0.007202,0.13814
0,0.007256,0.13817
0,0.00731,0.1382
0,0.007365,0.13822
0,0.00742,0.13825
0,0.007474,0.13828
0,0.00753,0.13831
0,0.007585,0.13834
0,0.007641,0.13836
0,0.007697,0.13839
0,0.007753,0.13842
0,0.00781,0.13844
0,0.007866,0.13847
0,0.007923,0.1385
0,0.00798,0.13852
0,0.008038,0.13855
0,0.008096,0.13857
0,0.008154,0.1386
0,0.008212,0.13862
0,0.00827,0.13865
0,0.008329,0.13867
0,0.008388,0.1387
0,0.008447,0.13872
0,0.008507,0.13875
0,0.008566,0.13877
0,0.008626,0.13879
0,0.008686,0.13882
0,0.008747,0.13884
0,0.008808,0.13886
0,0.008868,0.13888
0,0.00893,0.13891
0,0.008991,0.13893
0,0.009053,0.13895
0,0.009115,0.13897
0,0.009177,0.13899
0,0.009239,0.13901
0,0.009302,0.13903
0,0.009364,0.13905
0,0.009428,0.13907
0,0.009491,0.13909
0,0.009554,0.13911
0,0.009618,0.13913
0,0.009682,0.13915
0,0.009746,0.13917
0,0.009811,0.13919
0,0.009876,0.1392
0,0.00994,0.13922
0,0.010006,0.13924
0,0.010071,0.13926
0,0.010137,0.13927
0,0.010202,0.13929
0,0.010268,0.13931
0,0.010335,0.13932
0,0.010401,0.13934
0,0.010468,0.13935
0,0.010535,0.13937
0,0.010602,0.13938
0,0.010669,0.1394
0,0.010737,0.13941
0,0.010805,0.13942
0,0.010873,0.13944
0,0.010941,0.13945
0,0.011009,0.13946
0,0.011078,0.13947
0,0.011147,0.13949
0,0.011216,0.1395
0,0.011285,0.13951
0,0.011354,0.13952
0,0.011424,0.13953
0,0.011494,0.13954
0,0.011564,0.13955
0,0.011634,0.13956
0,0.011704,0.13957
0,0.011775,0.13958
0,0.011846,0.13959
0,0.011917,0.13959
0,0.011988,0.1396
0,0.012059,0.13961
0,0.012131,0.13961
0,0.012202,0.13962
0,0.012274,0.13963
0,0.012346,0.13963
0,0.012419,0.13964
0,0.012491,0.13964
0,0.012563,0.13965
0,0.012636,0.13965
0,0.012709,0.13966
0,0.012782,0.13966
0,0.012855,0.13966
0,0.012929,0.13966
0,0.013002,0.13967
0,0.013076,0.13967
0,0.01315,0.13967
0,0.013224,0.13967
0,0.013298,0.13967
0,0.013373,0.13967
0,0.013447,0.13967
0,0.013522,0.13967
0,0.013596,0.13967
0,0.013671,0.13967
0,0.013746,0.13966
0,0.013821,0.13966
0,0.013897,0.13966
0,0.013972,0.13965
0,0.014048,0.13965
0,0.014123,0.13964
0,0.014199,0.13964
0,0.014275,0.13964
0,0.014351,0.13963
0,0.014427,0.13962
0,0.014503,0.13962
0,0.01458,0.13961
0,0.014656,0.1396
0,0.014733,0.13959
0,0.01481,0.13959
0,0.014886,0.13958
0,0.014963,0.13957
0,0.01504,0.13956
0,0.015117,0.13955
0,0.015194,0.13954
0,0.015272,0.13953
0,0.015349,0.13952
0,0.015426,0.1395
0,0.015504,0.13949
0,0.015581,0.13948
0,0.015659,0.13946
0,0.015737,0.13945
0,0.015814,0.13944
0,0.015892,0.13942
0,0.01597,0.13941
0,0.016048,0.13939
0,0.016126,0.13937
0,0.016204,0.13936
0,0.016282,0.13934
0,0.01636,0.13932
0,0.016438,0.1393
0,0.016516,0.13928
0,0.016594,0.13926
0,0.016673,0.13924
0,0.016751,0.13922
0,0.016829,0.1392
0,0.016907,0.13918
0,0.016986,0.13916
0,0.017064,0.13914
0,0.017142,0.13911
0,0.017221,0.13909
0,0.017299,0.13907
0,0.017377,0.13904
0,0.017456,0.13902
0,0.017534,0.13899
0,0.017612,0.13897
0,0.017691,0.13894
0,0.017769,0.13892
0,0.017847,0.13889
0,0.017925,0.13886
0,0.018003,0.13883
0,0.018082,0.1388
0,0.01816,0.13877
0,0.018238,0.13874
0,0.018316,0.13871
0,0.018394,0.13868
0,0.018472,0.13865
0,0.018549,0.13862
0,0.018627,0.13859
0,0.018705,0.13855
0,0.018783,0.13852
0,0.01886,0.13849
0,0.018938,0.13845
0,0.019015,0.13842
0,0.019092,0.13838
0,0.01917,0.13835
0,0.019247,0.13831
0,0.019324,0.13827
0,0.019401,0.13823
0,0.019477,0.1382
0,0.019554,0.13816
0,0.019631,0.13812
0,0.019707,0.13808
0,0.019784,0.13804
0,0.01986,0.138
0,0.019936,0.13796
0,0.020012,0.13792
0,0.020088,0.13787
0,0.020163,0.13783
0,0.020239,0.13779
0,0.020314,0.13775
0,0.020389,0.1377
0,0.020465,0.13766
0,0.020539,0.13761
0,0.020614,0.13756
0,0.020689,0.13752
0,0.020763,0.13747
0,0.020837,0.13742
0,0.020911,0.13738
0,0.020985,0.13733
0,0.021058,0.13728
0,0.021132,0.13723
0,0.021205,0.13718
0,0.021278,0.13713
0,0.021351,0.13708
0,0.021423,0.13703
0,0.021496,0.13698
0,0.021568,0.13692
0,0.021639,0.13687
0,0.021711,0.13682
0,0.021782,0.13676
0,0.021854,0.13671
0,0.021924,0.13665
0,0.021995,0.1366
0,0.022065,0.13654
0,0.022135,0.13649
0,0.022205,0.13643
0,0.022275,0.13637
0,0.022344,0.13631
0,0.022413,0.13625
0,0.022481,0.1362
0,0.02255,0.13614
0,0.022618,0.13608
0,0.022686,0.13602
0,0.022753,0.13596
0,0.02282,0.13589
0,0.022887,0.13583
0,0.022953,0.13577
0,0.023019,0.13571
0,0.023085,0.13564
0,0.023151,0.13558
0,0.023216,0.13552
0,0.023281,0.13545
0,0.023345,0.13539
0,0.023409,0.13532
0,0.023473,0.13525
0,0.023536,0.13519
0,0.023599,0.13512
0,0.023662,0.13505
0,0.023724,0.13498
0,0.023786,0.13492
0,0.023847,0.13485
0,0.023908,0.13478
0,0.023969,0.13471
0,0.024029,0.13464
0,0.024089,0.13457
0,0.024148,0.1345
0,0.024207,0.13442
0,0.024265,0.13435
0,0.024323,0.13428
0,0.024381,0.13421
0,0.024438,0.13413
0,0.024495,0.13406
0,0.024551,0.13398
0,0.024607,0.13391
0,0.024663,0.13384
0,0.024717,0.13376
0,0.024772,0.13368
0,0.024826,0.13361
0,0.024879,0.13353
0,0.024932,0.13345
0,0.024985,0.13337
0,0.025037,0.1333
0,0.025088,0.13322
0,0.025139,0.13314
0,0.02519,0.13306
0,0.02524,0.13298
0,0.025289,0.1329
0,0.025338,0.13282
0,0.025387,0.13274
0,0.025435,0.13266
0,0.025482,0.13257
0,0.025529,0.13249
0,0.025575,0.13241
0,0.025621,0.13233
0,0.025666,0.13225
0,0.02571,0.13216
0,0.025754,0.13208
0,0.025798,0.13199
0,0.025841,0.13191
0,0.025883,0.13182
0,0.025925,0.13174
0,0.025966,0.13165
0,0.026006,0.13156
0,0.026046,0.13148
0,0.026085,0.13139
0,0.026124,0.1313
0,0.026162,0.13122
0,0.0262,0.13113
0,0.026237,0.13104
0,0.026273,0.13095
0,0.026308,0.13086
0,0.026343,0.13077
0,0.026378,0.13068
0,0.026411,0.13059
0,0.026445,0.1305
0,0.026477,0.13041
0,0.026509,0.13032
0,0.02654,0.13023
0,0.02657,0.13014
0,0.0266,0.13005
0,0.026629,0.12996
0,0.026657,0.12986
0,0.026685,0.12977
0,0.026712,0.12968
0,0.026739,0.12958
0,0.026764,0.12949
0,0.026789,0.1294
0,0.026813,0.1293
0,0.026837,0.12921
0,0.02686,0.12911
0,0.026882,0.12902
0,0.026903,0.12892
0,0.026924,0.12883
0,0.026944,0.12873
0,0.026963,0.12864
0,0.026982,0.12854
0,0.027,0.12844
0,0.027017,0.12835
0,0.027033,0.12825
0,0.027049,0.12815
0,0.027064,0.12806
0,0.027078,0.12796
0,0.027091,0.12786
0,0.027104,0.12776
0,0.027116,0.12766
0,0.027127,0.12757
0,0.027137,0.12747
0,0.027147,0.12737
0,0.027155,0.12727
0,0.027163,0.12717
0,0.027171,0.12707
0,0.027177,0.12697
0,0.027183,0.12687
0,0.027188,0.12677
0,0.027192,0.12667
0,0.027195,0.12657
0,0.027198,0.12647
0,0.027199,0.12637
0,0.0272,0.12626
0,0.0272,0.12616
0,0.0272,0.12606
0,0.027198,0.12596
0,0.027196,0.12586
0,0.027193,0.12576
0,0.027189,0.12565
0,0.027184,0.12555
0,0.027179,0.12545
0,0.027172,0.12535
0,0.027165,0.12525
0,0.027157,0.12514
0,0.027148,0.12504
0,0.027138,0.12494
0,0.027128,0.12483
0,0.027117,0.12473
0,0.027105,0.12463
0,0.027092,0.12452
0,0.027078,0.12442
0,0.027063,0.12432
0,0.027048,0.12421
0,0.027031,0.12411
0,0.027014,0.124
0,0.026996,0.1239
0,0.026977,0.1238
0,0.026958,0.12369
0,0.026937,0.12359
0,0.026916,0.12348
0,0.026893,0.12338
0,0.02687,0.12327
0,0.026846,0.12317
0,0.026822,0.12306
0,0.026796,0.12296
0,0.02677,0.12285
0,0.026742,0.12275
0,0.026714,0.12264
0,0.026685,0.12254
0,0.026655,0.12243
0,0.026624,0.12233
0,0.026593,0.12222
0,0.02656,0.12212
0,0.026527,0.12201
0,0.026493,0.12191
0,0.026458,0.1218
0,0.026422,0.12169
0,0.026386,0.12159
0,0.026348,0.12148
0,0.02631,0.12138
0,0.02627,0.12127
0,0.02623,0.12117
0,0.026189,0.12106
0,0.026148,0.12095
0,0.026105,0.12085
0,0.026062,0.12074
0,0.026017,0.12064
0,0.025972,0.12053
0,0.025926,0.12043
0,0.025879,0.12032
0,0.025832,0.12021
0,0.025783,0.12011
0,0.025734,0.12
0,0.025684,0.1199
0,0.025633,0.11979
0,0.025581,0.11968
0,0.025528,0.11958
0,0.025475,0.11947
0,0.02542,0.11936
0,0.025365,0.11926
0,0.025309,0.11915
0,0.025252,0.11905
0,0.025195,0.11894
0,0.025136,0.11884
0,0.025077,0.11873
0,0.025017,0.11862
0,0.024956,0.11852
0,0.024895,0.11841
0,0.024832,0.11831
0,0.024769,0.1182
0,0.024705,0.1181
0,0.02464,0.11799
0,0.024574,0.11788
0,0.024508,0.11778
0,0.024441,0.11767
0,0.024373,0.11757
0,0.024304,0.11746
0,0.024234,0.11736
0,0.024164,0.11725
0,0.024093,0.11714
0,0.024021,0.11704
0,0.023949,0.11693
0,0.023875,0.11683
0,0.023801,0.11672
0,0.023726,0.11662
0,0.023651,0.11651
0,0.023574,0.11641
0,0.023497,0.1163
0,0.023419,0.1162
0,0.023341,0.11609
0,0.023262,0.11599
0,0.023182,0.11588
0,0.023101,0.11578
0,0.02302,0.11568
0,0.022937,0.11557
0,0.022855,0.11547
0,0.022771,0.11536
0,0.022687,0.11526
0,0.022602,0.11515
0,0.022517,0.11505
0,0.02243,0.11494
0,0.022343,0.11484
0,0.022256,0.11474
0,0.022168,0.11463
0,0.022079,0.11453
0,0.021989,0.11442
0,0.021899,0.11432
0,0.021808,0.11421
0,0.021717,0.11411
0,0.021625,0.11401
0,0.021532,0.1139
0,0.021439,0.1138
0,0.021345,0.1137
0,0.021251,0.11359
0,0.021156,0.11349
0,0.02106,0.11339
0,0.020964,0.11328
0,0.020867,0.11318
0,0.02077,0.11308
0,0.020672,0.11297
0,0.020574,0.11287
0,0.020475,0.11277
0,0.020375,0.11267
0,0.020275,0.11256
0,0.020174,0.11246
0,0.020073,0.11236
0,0.019972,0.11225
0,0.01987,0.11215
0,0.019767,0.11205
0,0.019664,0.11195
0,0.01956,0.11184
0,0.019456,0.11174
0,0.019352,0.11164
0,0.019247,0.11154
0,0.019142,0.11143
0,0.019036,0.11133
0,0.018929,0.11123
0,0.018823,0.11113
0,0.018716,0.11103
0,0.018608,0.11092
0,0.0185,0.11082
0,0.018392,0.11072
0,0.018283,0.11062
0,0.018174,0.11052
0,0.018065,0.11042
0,0.017955,0.11031
0,0.017845,0.11021
0,0.017734,0.11011
0,0.017623,0.11001
0,0.017512,0.10991
0,0.017401,0.10981
0,0.017289,0.10971
0,0.017177,0.1096
0,0.017065,0.1095
0,0.016952,0.1094
0,0.016839,0.1093
0,0.016726,0.1092
0,0.016613,0.1091
0,0.016499,0.109
0,0.016385,0.1089
0,0.016271,0.1088
0,0.016156,0.1087
0,0.016042,0.1086
0,0.015927,0.1085
0,0.015812,0.1084
0,0.015697,0.1083
0,0.015582,0.10819
0,0.015466,0.10809
0,0.015351,0.10799
0,0.015235,0.1079
0,0.015119,0.10779
0,0.015003,0.10769
0,0.014887,0.10759
0,0.014771,0.10749
0,0.014654,0.10739
0,0.014538,0.10729
0,0.014421,0.10719
0,0.014305,0.10709
0,0.014188,0.107
0,0.014071,0.1069
0,0.013955,0.1068
0,0.013838,0.1067
0,0.013721,0.1066
0,0.013604,0.1065
0,0.013488,0.1064
0,0.013371,0.1063
0,0.013254,0.1062
0,0.013137,0.1061
0,0.013021,0.106
0,0.012904,0.1059
0,0.012788,0.1058
0,0.012671,0.1057
0,0.012555,0.1056
0,0.012438,0.1055
0,0.012322,0.1054
0,0.012206,0.1053
0,0.01209,0.10521
0,0.011974,0.10511
0,0.011858,0.10501
0,0.011743,0.10491
0,0.011627,0.10481
0,0.011512,0.10471
0,0.011397,0.10461
0,0.011282,0.10451
0,0.011167,0.10442
0,0.011053,0.10432
0,0.010939,0.10422
0,0.010825,0.10412
0,0.010711,0.10402
0,0.010597,0.10393
0,0.010484,0.10383
0,0.010371,0.10373
0,0.010258,0.10363
0,0.010145,0.10353
0,0.010033,0.10343
0,0.009921,0.10334
0,0.00981,0.10324
0,0.009698,0.10314
0,0.009587,0.10304
0,0.009477,0.10294
0,0.009366,0.10285
0,0.009256,0.10275
0,0.009147,0.10265
0,0.009038,0.10256
0,0.008929,0.10246
0,0.008821,0.10236
0,0.008713,0.10226
0,0.008605,0.10217
0,0.008498,0.10207
0,0.008391,0.10197
0,0.008285,0.10188
0,0.008179,0.10178
0,0.008073,0.10168
0,0.007968,0.10159
0,0.007864,0.10149
0,0.00776,0.10139
0,0.007656,0.1013
0,0.007553,0.1012
0,0.007451,0.10111
0,0.007349,0.10101
0,0.007247,0.10091
0,0.007146,0.10082
0,0.007046,0.10072
0,0.006946,0.10063
0,0.006847,0.10053
0,0.006748,0.10044
0,0.00665,0.10034
0,0.006552,0.10025
0,0.006455,0.10015
0,0.006359,0.10006
0,0.006263,0.099964
0,0.006168,0.099869
0,0.006073,0.099775
0,0.005979,0.099681
0,0.005885,0.099587
0,0.005793,0.099494
0,0.0057,0.0994
0,0.005609,0.099307
0,0.005518,0.099213
0,0.005428,0.09912
0,0.005338,0.099028
0,0.00525,0.098935
0,0.005161,0.098842
0,0.005074,0.09875
0,0.004987,0.098658
0,0.004901,0.098566
0,0.004816,0.098475
0,0.004731,0.098383
0,0.004647,0.098292
0,0.004564,0.098201
0,0.004481,0.09811
0,0.004399,0.098019
0,0.004318,0.097929
0,0.004238,0.097839
0,0.004158,0.097749
0,0.004079,0.09766
0,0.004001,0.09757
0,0.003924,0.097481
0,0.003847,0.097392
0,0.003771,0.097304
0,0.003696,0.097215
0,0.003622,0.097127
0,0.003548,0.09704
0,0.003475,0.096952
0,0.003403,0.096865
0,0.003332,0.096778
0,0.003261,0.096692
0,0.003192,0.096605
0,0.003123,0.09652
0,0.003055,0.096434
0,0.002987,0.096349
0,0.002921,0.096264
0,0.002855,0.096179
0,0.00279,0.096095
0,0.002726,0.096011
0,0.002663,0.095928
0,0.002601,0.095845
0,0.002539,0.095762
0,0.002478,0.09568
0,0.002418,0.095598
0,0.002359,0.095516
0,0.0023,0.095435
0,0.002243,0.095354
0,0.002186,0.095274
0,0.00213,0.095194
0,0.002075,0.095114
0,0.002021,0.095035
0,0.001967,0.094956
0,0.001914,0.094878
0,0.001862,0.0948
0,0.001811,0.094723
0,0.001761,0.094646
0,0.001712,0.09457
0,0.001663,0.094494
0,0.001615,0.094419
0,0.001568,0.094344
0,0.001522,0.094269
0,0.001477,0.094196
0,0.001432,0.094122
0,0.001388,0.094049
0,0.001345,0.093977
0,0.001303,0.093905
0,0.001261,0.093834
0,0.001221,0.093763
0,0.001181,0.093693
0,0.001142,0.093624
0,0.001104,0.093555
0,0.001066,0.093486
0,0.00103,0.093419
0,0.000994,0.093351
0,0.000958,0.093285
0,0.000924,0.093219
0,0.00089,0.093153
0,0.000858,0.093089
0,0.000825,0.093025
0,0.000794,0.092961
0,0.000763,0.092898
0,0.000734,0.092836
0,0.000704,0.092775
0,0.000676,0.092714
0,0.000648,0.092653
0,0.000621,0.092594
0,0.000595,0.092535
0,0.000569,0.092477
0,0.000544,0.09242
0,0.00052,0.092363
0,0.000497,0.092307
0,0.000474,0.092252
0,0.000452,0.092197
0,0.00043,0.092143
0,0.000409,0.09209
0,0.000389,0.092038
0,0.000369,0.091986
0,0.000351,0.091936
0,0.000332,0.091886
0,0.000315,0.091836
0,0.000298,0.091788
0,0.000281,0.09174
0,0.000265,0.091693
0,0.00025,0.091647
0,0.000235,0.091602
0,0.000221,0.091558
0,0.000207,0.091514
0,0.000194,0.091472
0,0.000182,0.09143
0,0.00017,0.091389
0,0.000158,0.091348
0,0.000147,0.091309
0,0.000137,0.09127
0,0.000127,0.091233
0,0.000118,0.091196
0,0.000109,0.09116
0,0.0001,0.091125
0,9.2e-05,0.091091
0,8.4e-05,0.091058
0,7.7e-05,0.091026
0,7e-05,0.090994
0,6.4e-05,0.090964
0,5.8e-05,0.090934
0,5.2e-05,0.090906
0,4.7e-05,0.090878
0,4.2e-05,0.090851
0,3.8e-05,0.090826
0,3.3e-05,0.090801
0,3e-05,0.090777
0,2.6e-05,0.090754
0,2.3e-05,0.090732
0,2e-05,0.090711
0,1.7e-05,0.090691
0,1.5e-05,0.090672
0,1.2e-05,0.090654
0,1e-05,0.090637
0,9e-06,0.090621
0,7e-06,0.090606
0,6e-06,0.090591
0,5e-06,0.090578
0,4e-06,0.090566
0,3e-06,0.090555
0,2e-06,0.090545
0,2e-06,0.090536
0,1e-06,0.090528
0,1e-06,0.090521
0,1e-06,0.090515
0,0,0.09051
0,0,0.090506
0,0,0.090503
0,0,0.090501
0,0,0.0905
0,0,0.0905
0,0,0.090501
0,0,0.090504
0,0,0.090507
0,-0,0.090511
0,-0,0.090517
0,-1e-06,0.090523
0,-1e-06,0.090531
0,-1e-06,0.090539
0,-2e-06,0.090549
0,-3e-06,0.09056
0,-4e-06,0.090571
0,-5e-06,0.090584
0,-6e-06,0.090598
0,-8e-06,0.090613
0,-9e-06,0.090629
0,-1.1e-05,0.090646
0,-1.3e-05,0.090664
0,-1.6e-05,0.090683
0,-1.8e-05,0.090703
0,-2.1e-05,0.090724
0,-2.5e-05,0.090747
0,-2.8e-05,0.09077
0,-3.2e-05,0.090794
0,-3.6e-05,0.09082
0,-4.1e-05,0.090846
0,-4.6e-05,0.090874
0,-5.2e-05,0.090903
0,-5.7e-05,0.090932
0,-6.4e-05,0.090963
0,-7e-05,0.090995
0,-7.7e-05,0.091028
0,-8.5e-05,0.091062
0,-9.3e-05,0.091097
0,-0.000102,0.091132
0,-0.000111,0.09117
0,-0.000121,0.091208
0,-0.000131,0.091247
0,-0.000141,0.091287
0,-0.000153,0.091328
0,-0.000165,0.09137
0,-0.000177,0.091413
0,-0.00019,0.091457
0,-0.000204,0.091503
0,-0.000218,0.091549
0,-0.000233,0.091596
0,-0.000249,0.091644
0,-0.000265,0.091694
0,-0.000282,0.091744
0,-0.0003,0.091795
0,-0.000319,0.091847
0,-0.000338,0.091901
0,-0.000358,0.091955
0,-0.000379,0.09201
0,-0.0004,0.092066
0,-0.000422,0.092123
0,-0.000446,0.092182
0,-0.00047,0.092241
0,-0.000494,0.092301
0,-0.00052,0.092362
0,-0.000546,0.092424
0,-0.000574,0.092486
0,-0.000602,0.09255
0,-0.000631,0.092615
0,-0.000661,0.092681
0,-0.000692,0.092747
0,-0.000724,0.092815
0,-0.000756,0.092883
0,-0.00079,0.092952
0,-0.000825,0.093022
0,-0.00086,0.093094
0,-0.000897,0.093165
0,-0.000934,0.093238
0,-0.000973,0.093312
0,-0.001013,0.093387
0,-0.001053,0.093462
0,-0.001095,0.093538
0,-0.001138,0.093615
0,-0.001181,0.093693
0,-0.001226,0.093772
0,-0.001272,0.093852
0,-0.001319,0.093932
0,-0.001367,0.094013
0,-0.001416,0.094096
0,-0.001466,0.094178
0,-0.001518,0.094262
0,-0.00157,0.094346
0,-0.001624,0.094432
0,-0.001678,0.094518
0,-0.001734,0.094604
0,-0.001791,0.094692
0,-0.001849,0.09478
0,-0.001908,0.094869
0,-0.001969,0.094959
0,-0.00203,0.095049
0,-0.002093,0.095141
0,-0.002157,0.095232
0,-0.002222,0.095325
0,-0.002289,0.095418
0,-0.002356,0.095512
0,-0.002425,0.095607
0,-0.002495,0.095702
0,-0.002566,0.095798
0,-0.002638,0.095895
0,-0.002712,0.095992
0,-0.002787,0.09609
0,-0.002863,0.096189
0,-0.00294,0.096288
0,-0.003018,0.096388
0,-0.003098,0.096489
0,-0.003179,0.09659
0,-0.003261,0.096691
0,-0.003344,0.096794
0,-0.003429,0.096897
0,-0.003515,0.097
0,-0.003602,0.097104
0,-0.00369,0.097209
0,-0.00378,0.097314
0,-0.00387,0.09742
0,-0.003962,0.097526
0,-0.004056,0.097633
0,-0.00415,0.097741
0,-0.004246,0.097848
0,-0.004343,0.097957
0,-0.004441,0.098066
0,-0.00454,0.098175
0,-0.00464,0.098285
0,-0.004742,0.098396
0,-0.004845,0.098507
0,-0.004949,0.098618
0,-0.005055,0.09873
0,-0.005161,0.098843
0,-0.005269,0.098956
0,-0.005378,0.099069
0,-0.005488,0.099183
0,-0.005599,0.099297
0,-0.005711,0.099412
0,-0.005825,0.099527
0,-0.00594,0.099643
0,-0.006055,0.099759
0,-0.006172,0.099875
0,-0.00629,0.099992
0,-0.00641,0.10011
0,-0.00653,0.10023
0,-0.006651,0.10035
0,-0.006774,0.10046
0,-0.006898,0.10058
0,-0.007022,0.1007
0,-0.007148,0.10082
0,-0.007275,0.10094
0,-0.007403,0.10106
0,-0.007532,0.10118
0,-0.007661,0.1013
0,-0.007792,0.10143
0,-0.007924,0.10155
0,-0.008057,0.10167
0,-0.008191,0.10179
0,-0.008326,0.10192
0,-0.008461,0.10204
0,-0.008598,0.10216
0,-0.008736,0.10229
0,-0.008874,0.10241
0,-0.009014,0.10254
0,-0.009154,0.10266
0,-0.009295,0.10279
0,-0.009437,0.10291
0,-0.00958,0.10304
0,-0.009723,0.10316
0,-0.009868,0.10329
0,-0.010013,0.10342
0,-0.010159,0.10354
0,-0.010305,0.10367
0,-0.010453,0.1038
0,-0.010601,0.10393
0,-0.010749,0.10406
0,-0.010899,0.10419
0,-0.011049,0.10432
0,-0.0112,0.10444
0,-0.011351,0.10458
0,-0.011503,0.10471
0,-0.011655,0.10484
0,-0.011808,0.10497
0,-0.011962,0.1051
0,-0.012116,0.10523
0,-0.012271,0.10536
0,-0.012426,0.10549
0,-0.012581,0.10563
0,-0.012737,0.10576
0,-0.012893,0.10589
0,-0.01305,0.10602
0,-0.013207,0.10616
0,-0.013365,0.10629
0,-0.013522,0.10643
0,-0.01368,0.10656
0,-0.013839,0.1067
0,-0.013997,0.10683
0,-0.014156,0.10697
0,-0.014315,0.1071
0,-0.014474,0.10724
0,-0.014633,0.10738
0,-0.014793,0.10751
0,-0.014952,0.10765
0,-0.015112,0.10779
0,-0.015272,0.10793
0,-0.015431,0.10806
0,-0.015591,0.1082
0,-0.015751,0.10834
0,-0.01591,0.10848
0,-0.01607,0.10862
0,-0.016229,0.10876
0,-0.016389,0.1089
0,-0.016548,0.10904
0,-0.016707,0.10918
0,-0.016865,0.10933
0,-0.017024,0.10947
0,-0.017182,0.10961
0,-0.01734,0.10975
0,-0.017498,0.1099
0,-0.017655,0.11004
0,-0.017812,0.11018
0,-0.017969,0.11033
0,-0.018125,0.11047
0,-0.018281,0.11062
0,-0.018436,0.11076
0,-0.018591,0.11091
0,-0.018745,0.11105
0,-0.018898,0.1112
0,-0.019051,0.11135
0,-0.019204,0.11149
0,-0.019356,0.11164
0,-0.019507,0.11179
0,-0.019657,0.11194
0,-0.019807,0.11209
0,-0.019956,0.11224
0,-0.020104,0.11239
0,-0.020252,0.11254
0,-0.020398,0.11269
0,-0.020544,0.11284
0,-0.020689,0.11299
0,-0.020832,0.11314
0,-0.020975,0.11329
0,-0.021117,0.11345
0,-0.021258,0.1136
0,-0.021398,0.11375
0,-0.021537,0.11391
0,-0.021675,0.11406
0,-0.021812,0.11422
0,-0.021947,0.11437
0,-0.022081,0.11453
0,-0.022215,0.11468
0,-0.022347,0.11484
0,-0.022477,0.115
0,-0.022607,0.11516
0,-0.022735,0.11531
0,-0.022862,0.11547
0,-0.022987,0.11563
0,-0.023111,0.11579
0,-0.023234,0.11595
0,-0.023355,0.11611
0,-0.023475,0.11627
0,-0.023594,0.11643
0,-0.023711,0.1166
0,-0.023826,0.11676
0,-0.02394,0.11692
0,-0.024052,0.11708
0,-0.024163,0.11725
0,-0.024272,0.11741
0,-0.024379,0.11757
0,-0.024485,0.11774
0,-0.024588,0.1179
0,-0.024691,0.11807
0,-0.024791,0.11824
0,-0.02489,0.1184
0,-0.024987,0.11857
0,-0.025082,0.11873
0,-0.025175,0.1189
0,-0.025267,0.11907
0,-0.025357,0.11924
0,-0.025444,0.11941
0,-0.02553,0.11958
0,-0.025614,0.11975
0,-0.025696,0.11992
0,-0.025776,0.12009
0,-0.025854,0.12026
0,-0.02593,0.12043
0,-0.026004,0.1206
0,-0.026075,0.12077
0,-0.026145,0.12094
0,-0.026213,0.12111
0,-0.026278,0.12129
0,-0.026342,0.12146
0,-0.026403,0.12163
0,-0.026462,0.1218
0,-0.02652,0.12198
0,-0.026574,0.12215
0,-0.026627,0.12233
0,-0.026677,0.1225
0,-0.026726,0.12268
0,-0.026772,0.12285
0,-0.026815,0.12302
0,-0.026857,0.1232
0,-0.026896,0.12337
0,-0.026933,0.12355
0,-0.026967,0.12373
0,-0.027,0.1239
0,-0.02703,0.12408
0,-0.027057,0.12425
0,-0.027082,0.12443
0,-0.027105,0.12461
0,-0.027126,0.12478
0,-0.027144,0.12496
0,-0.02716,0.12513
0,-0.027173,0.12531
0,-0.027184,0.12549
0,-0.027193,0.12566
0,-0.027199,0.12584
0,-0.027203,0.12601
0,-0.027204,0.12619
0,-0.027203,0.12637
0,-0.0272,0.12654
0,-0.027194,0.12672
0,-0.027186,0.12689
0,-0.027175,0.12707
0,-0.027162,0.12724
0,-0.027146,0.12742
0,-0.027128,0.12759
0,-0.027107,0.12777
0,-0.027084,0.12794
0,-0.027059,0.12812
0,-0.027031,0.12829
0,-0.027001,0.12846
0,-0.026968,0.12864
0,-0.026933,0.12881
0,-0.026896,0.12898
0,-0.026856,0.12915
0,-0.026813,0.12932
0,-0.026768,0.12949
0,-0.026721,0.12966
0,-0.026671,0.12983
0,-0.026619,0.13
0,-0.026565,0.13017
0,-0.026508,0.13034
0,-0.026448,0.13051
0,-0.026387,0.13067
0,-0.026323,0.13084
0,-0.026256,0.13101
0,-0.026187,0.13117
0,-0.026116,0.13134
0,-0.026043,0.1315
0,-0.025967,0.13166
0,-0.025889,0.13182
0,-0.025808,0.13198
0,-0.025726,0.13214
0,-0.02564,0.1323
0,-0.025553,0.13246
0,-0.025464,0.13262
0,-0.025372,0.13277
0,-0.025278,0.13293
0,-0.025181,0.13308
0,-0.025083,0.13323
0,-0.024982,0.13339
0,-0.02488,0.13354
0,-0.024775,0.13369
0,-0.024668,0.13384
0,-0.024558,0.13398
0,-0.024447,0.13413
0,-0.024334,0.13427
0,-0.024218,0.13442
0,-0.024101,0.13456
0,-0.023981,0.1347
0,-0.02386,0.13484
0,-0.023737,0.13498
0,-0.023611,0.13511
0,-0.023484,0.13525
0,-0.023355,0.13538
0,-0.023224,0.13551
0,-0.023091,0.13564
0,-0.022956,0.13577
0,-0.02282,0.1359
0,-0.022682,0.13602
0,-0.022542,0.13615
0,-0.0224,0.13627
0,-0.022257,0.13639
0,-0.022112,0.13651
0,-0.021965,0.13662
0,-0.021817,0.13674
0,-0.021667,0.13685
0,-0.021516,0.13696
0,-0.021363,0.13707
0,-0.021208,0.13718
0,-0.021052,0.13729
0,-0.020895,0.13739
0,-0.020736,0.13749
0,-0.020576,0.13759
0,-0.020415,0.13769
0,-0.020252,0.13778
0,-0.020089,0.13787
0,-0.019923,0.13797
0,-0.019757,0.13806
0,-0.01959,0.13814
0,-0.019421,0.13823
0,-0.019251,0.13831
0,-0.019081,0.13839
0,-0.018909,0.13847
0,-0.018736,0.13854
0,-0.018562,0.13861
0,-0.018388,0.13869
0,-0.018212,0.13875
0,-0.018036,0.13882
0,-0.017859,0.13888
0,-0.017681,0.13895
0,-0.017502,0.139
0,-0.017323,0.13906
0,-0.017143,0.13911
0,-0.016962,0.13917
0,-0.016781,0.13922
0,-0.0166,0.13926
0,-0.016417,0.13931
0,-0.016235,0.13935
0,-0.016051,0.13939
0,-0.015868,0.13942
0,-0.015684,0.13946
0,-0.0155,0.13949
0,-0.015315,0.13952
0,-0.015131,0.13955
0,-0.014946,0.13957
0,-0.014761,0.13959
0,-0.014576,0.13961
0,-0.01439,0.13963
0,-0.014205,0.13964
0,-0.01402,0.13965
0,-0.013835,0.13966
0,-0.013649,0.13967
0,-0.013464,0.13967
0,-0.013279,0.13967
0,-0.013095,0.13967
0,-0.01291,0.13966
0,-0.012726,0.13966
0,-0.012542,0.13965
0,-0.012358,0.13963
0,-0.012175,0.13962
0,-0.011992,0.1396
0,-0.01181,0.13958
0,-0.011628,0.13956
0,-0.011447,0.13953
0,-0.011266,0.13951
0,-0.011086,0.13948
0,-0.010906,0.13945
0,-0.010728,0.13941
0,-0.010549,0.13937
0,-0.010372,0.13933
0,-0.010195,0.13929
0,-0.01002,0.13925
0,-0.009845,0.1392
0,-0.009671,0.13915
0,-0.009497,0.1391
0,-0.009325,0.13904
0,-0.009154,0.13899
0,-0.008984,0.13893
0,-0.008814,0.13886
0,-0.008646,0.1388
0,-0.008479,0.13874
0,-0.008314,0.13867
0,-0.008149,0.1386
0,-0.007985,0.13853
0,-0.007823,0.13845
0,-0.007662,0.13837
0,-0.007502,0.1383
0,-0.007344,0.13822
0,-0.007187,0.13813
0,-0.007031,0.13805
0,-0.006877,0.13796
0,-0.006724,0.13787
0,-0.006573,0.13778
0,-0.006423,0.13769
0,-0.006274,0.1376
0,-0.006127,0.1375
0,-0.005982,0.13741
0,-0.005838,0.13731
0,-0.005696,0.13721
0,-0.005556,0.1371
0,-0.005417,0.137
0,-0.005279,0.13689
0,-0.005144,0.13679
0,-0.00501,0.13668
0,-0.004877,0.13657
0,-0.004747,0.13646
0,-0.004618,0.13635
0,-0.004491,0.13624
0,-0.004366,0.13612
0,-0.004242,0.13601
0,-0.004121,0.13589
0,-0.004001,0.13577
0,-0.003883,0.13565
0,-0.003766,0.13553
0,-0.003652,0.13541
0,-0.00354,0.13529
0,-0.003429,0.13517
0,-0.00332,0.13505
0,-0.003213,0.13492
0,-0.003108,0.1348
0,-0.003005,0.13468
0,-0.002904,0.13455
0,-0.002805,0.13443
0,-0.002707,0.1343
0,-0.002612,0.13418
0,-0.002518,0.13405
0,-0.002427,0.13392
0,-0.002337,0.1338
0,-0.002249,0.13367
0,-0.002163,0.13354
0,-0.002079,0.13342
0,-0.001997,0.13329
0,-0.001917,0.13317
0,-0.001839,0.13304
0,-0.001762,0.13291
0,-0.001688,0.13279
0,-0.001615,0.13266
0,-0.001545,0.13254
0,-0.001476,0.13241
0,-0.001409,0.13229
0,-0.001344,0.13217
0,-0.001281,0.13204
0,-0.001219,0.13192
0,-0.00116,0.1318
0,-0.001102,0.13168
0,-0.001046,0.13156
0,-0.000992,0.13145
0,-0.000939,0.13133
0,-0.000888,0.13121
0,-0.000839,0.1311
0,-0.000792,0.13098
0,-0.000747,0.13087
0,-0.000703,0.13076
0,-0.00066,0.13065
0,-0.00062,0.13054
0,-0.000581,0.13044
0,-0.000543,0.13033
0,-0.000507,0.13023
0,-0.000473,0.13013
0,-0.00044,0.13003
0,-0.000409,0.12993
0,-0.000379,0.12983
0,-0.00035,0.12974
0,-0.000323,0.12964
0,-0.000298,0.12955
0,-0.000273,0.12946
0,-0.00025,0.12938
0,-0.000228,0.12929
0,-0.000208,0.12921
0,-0.000189,0.12913
0,-0.000171,0.12905
0,-0.000154,0.12897
0,-0.000138,0.1289
0,-0.000123,0.12883
0,-0.00011,0.12876
0,-9.7e-05,0.12869
0,-8.5e-05,0.12863
0,-7.5e-05,0.12857
0,-6.5e-05,0.12851
0,-5.6e-05,0.12845
0,-4.8e-05,0.1284
0,-4.1e-05,0.12835
0,-3.4e-05,0.1283
0,-2.8e-05,0.12825
0,-2.3e-05,0.12821
0,-1.9e-05,0.12817
0,-1.5e-05,0.12813
0,-1.1e-05,0.12809
0,-8e-06,0.12806
0,-6e-06,0.12803
0,-4e-06,0.12801
0,-3e-06,0.12798
0,-1e-06,0.12796
0,-0,0.12795
0,0,0.12793
0,1e-06,0.12792
0,1e-06,0.12791
0,1e-06,0.1279
0,1e-06,0.1279
0,2e-06,0.1279
0,2e-06,0.1279
0,2e-06,0.12791
0,2e-06,0.12792
0,3e-06,0.12793
0,3e-06,0.12795
0,4e-06,0.12796
0,6e-06,0.12798
0,7e-06,0.12801
0,9e-06,0.12804
0,1.2e-05,0.12806
0,1.4e-05,0.1281
0,1.8e-05,0.12813
0,2.2e-05,0.12817
0,2.6e-05,0.12821
0,3.1e-05,0.12826
0,3.7e-05,0.1283
0,4.4e-05,0.12835
0,5.2e-05,0.12841
0,6e-05,0.12846
0,6.9e-05,0.12852
0,7.9e-05,0.12858
0,9e-05,0.12864
0,0.000102,0.12871
0,0.000115,0.12878
0,0.000129,0.12885
0,0.000145,0.12892
0,0.000161,0.129
0,0.000179,0.12908
0,0.000198,0.12916
0,0.000218,0.12924
0,0.000239,0.12933
0,0.000262,0.12942
0,0.000286,0.12951
0,0.000312,0.1296
0,0.000339,0.1297
0,0.000368,0.12979
0,0.000398,0.12989
0,0.00043,0.12999
0,0.000463,0.1301
0,0.000498,0.1302
0,0.000535,0.13031
0,0.000573,0.13042
0,0.000613,0.13053
0,0.000655,0.13064
0,0.000698,0.13075
0,0.000744,0.13087
0,0.000791,0.13098
0,0.00084,0.1311
0,0.000891,0.13122
0,0.000944,0.13134
0,0.000999,0.13146
0,0.001055,0.13159
0,0.001114,0.13171
0,0.001175,0.13184
0,0.001237,0.13196
0,0.001302,0.13209
0,0.001369,0.13222
0,0.001437,0.13235
0,0.001508,0.13248
0,0.001581,0.13261
0,0.001656,0.13274
0,0.001733,0.13287
0,0.001813,0.133
0,0.001894,0.13313
0,0.001977,0.13326
0,0.002063,0.1334
0,0.002151,0.13353
0,0.002241,0.13366
0,0.002333,0.13379
0,0.002427,0.13393
0,0.002524,0.13406
0,0.002622,0.13419
0,0.002723,0.13433
0,0.002826,0.13446
0,0.002931,0.13459
0,0.003038,0.13472
0,0.003148,0.13485
0,0.003259,0.13498
0,0.003373,0.13511
0,0.003489,0.13524
0,0.003607,0.13537
0,0.003727,0.1355
0,0.003849,0.13562
0,0.003974,0.13575
0,0.0041,0.13587
0,0.004228,0.136
0,0.004359,0.13612
0,0.004492,0.13624
0,0.004626,0.13636
0,0.004763,0.13648
0,0.004901,0.13659
0,0.005042,0.13671
0,0.005184,0.13682
0,0.005329,0.13694
0,0.005475,0.13705
0,0.005623,0.13716
0,0.005773,0.13726
0,0.005925,0.13737
0,0.006079,0.13747
0,0.006234,0.13757
0,0.006392,0.13767
0,0.006551,0.13777
0,0.006711,0.13787
0,0.006873,0.13796
0,0.007037,0.13805
0,0.007203,0.13814
0,0.00737,0.13823
0,0.007539,0.13832
0,0.007709,0.1384
0,0.00788,0.13848
0,0.008053,0.13856
0,0.008228,0.13863
0,0.008404,0.13871
0,0.008581,0.13878
0,0.008759,0.13885
0,0.008939,0.13891
0,0.009119,0.13897
0,0.009301,0.13904
0,0.009484,0.13909
0,0.009668,0.13915
0,0.009854,0.1392
0,0.01004,0.13925
0,0.010227,0.1393
0,0.010415,0.13934
0,0.010604,0.13939
0,0.010794,0.13942
0,0.010984,0.13946
0,0.011175,0.13949
0,0.011367,0.13952
0,0.01156,0.13955
0,0.011753,0.13958
0,0.011946,0.1396
0,0.012141,0.13962
0,0.012335,0.13963
0,0.01253,0.13965
0,0.012726,0.13966
0,0.012921,0.13966
0,0.013117,0.13967
0,0.013314,0.13967
0,0.01351,0.13967
0,0.013706,0.13966
0,0.013903,0.13966
0,0.014099,0.13965
0,0.014296,0.13963
0,0.014493,0.13962
0,0.014689,0.1396
0,0.014885,0.13958
0,0.015081,0.13955
0,0.015277,0.13953
0,0.015472,0.1395
0,0.015667,0.13946
0,0.015862,0.13942
0,0.016056,0.13939
0,0.01625,0.13934
0,0.016443,0.1393
0,0.016635,0.13925
0,0.016827,0.1392
0,0.017019,0.13915
0,0.017209,0.13909
0,0.017399,0.13904
0,0.017588,0.13898
0,0.017776,0.13891
0,0.017963,0.13885
0,0.018149,0.13878
0,0.018334,0.13871
0,0.018518,0.13863
0,0.018701,0.13856
0,0.018883,0.13848
0,0.019064,0.1384
0,0.019243,0.13831
0,0.019422,0.13822
0,0.019599,0.13814
0,0.019774,0.13805
0,0.019949,0.13795
0,0.020121,0.13786
0,0.020293,0.13776
0,0.020463,0.13766
0,0.020631,0.13756
0,0.020798,0.13745
0,0.020963,0.13734
0,0.021127,0.13724
0,0.021289,0.13712
0,0.021449,0.13701
0,0.021607,0.1369
0,0.021764,0.13678
0,0.021919,0.13666
0,0.022072,0.13654
0,0.022223,0.13642
0,0.022373,0.13629
0,0.02252,0.13617
0,0.022665,0.13604
0,0.022809,0.13591
0,0.02295,0.13578
0,0.02309,0.13565
0,0.023227,0.13551
0,0.023363,0.13537
0,0.023496,0.13524
0,0.023627,0.1351
0,0.023756,0.13496
0,0.023883,0.13481
0,0.024007,0.13467
0,0.02413,0.13453
0,0.02425,0.13438
0,0.024368,0.13423
0,0.024483,0.13408
0,0.024596,0.13393
0,0.024708,0.13378
0,0.024816,0.13363
0,0.024923,0.13348
0,0.025027,0.13332
0,0.025128,0.13317
0,0.025228,0.13301
0,0.025324,0.13285
0,0.025419,0.1327
0,0.025511,0.13254
0,0.025601,0.13238
0,0.025688,0.13222
0,0.025773,0.13205
0,0.025855,0.13189
0,0.025935,0.13173
0,0.026013,0.13156
0,0.026088,0.1314
0,0.026161,0.13124
0,0.026231,0.13107
0,0.026298,0.1309
0,0.026364,0.13074
0,0.026427,0.13057
0,0.026487,0.1304
0,0.026545,0.13023
0,0.026601,0.13006
0,0.026654,0.1299
0,0.026705,0.12973
0,0.026753,0.12956
0,0.026799,0.12938
0,0.026842,0.12921
0,0.026883,0.12904
0,0.026921,0.12887
0,0.026957,0.1287
0,0.026991,0.12852
0,0.027022,0.12835
0,0.027051,0.12818
0,0.027077,0.128
0,0.027101,0.12783
0,0.027122,0.12765
0,0.027141,0.12748
0,0.027158,0.12731
0,0.027172,0.12713
0,0.027184,0.12695
0,0.027193,0.12678
0,0.0272,0.1266
0,0.027204,0.12643
0,0.027206,0.12625
0,0.027205,0.12607
0,0.027202,0.1259
0,0.027197,0.12572
0,0.027189,0.12554
0,0.027179,0.12537
0,0.027166,0.12519
0,0.027151,0.12501
0,0.027133,0.12483
0,0.027113,0.12466
0,0.027091,0.12448
0,0.027066,0.1243
0,0.027038,0.12412
0,0.027009,0.12394
0,0.026976,0.12376
0,0.026942,0.12359
0,0.026905,0.12341
0,0.026865,0.12323
0,0.026823,0.12305
0,0.026779,0.12287
0,0.026732,0.12269
0,0.026682,0.12251
0,0.026631,0.12233
0,0.026576,0.12215
0,0.02652,0.12198
0,0.026461,0.1218
0,0.026399,0.12162
0,0.026335,0.12144
0,0.026269,0.12126
0,0.0262,0.12108
0,0.026129,0.1209
0,0.026055,0.12072
0,0.025979,0.12054
0,0.025901,0.12036
0,0.02582,0.12018
0,0.025736,0.12
0,0.02565,0.11982
0,0.025562,0.11964
0,0.025471,0.11946
0,0.025378,0.11928
0,0.025283,0.1191
0,0.025185,0.11892
0,0.025084,0.11874
0,0.024982,0.11856
0,0.024877,0.11838
0,0.024769,0.1182
0,0.024659,0.11802
0,0.024547,0.11784
0,0.024433,0.11766
0,0.024316,0.11748
0,0.024197,0.1173
0,0.024075,0.11712
0,0.023952,0.11694
0,0.023826,0.11676
0,0.023698,0.11658
0,0.023567,0.1164
0,0.023435,0.11622
0,0.0233,0.11604
0,0.023163,0.11586
0,0.023024,0.11568
0,0.022883,0.1155
0,0.02274,0.11532
0,0.022595,0.11514
0,0.022448,0.11496
0,0.022299,0.11478
0,0.022148,0.11461
0,0.021995,0.11443
0,0.02184,0.11425
0,0.021684,0.11407
0,0.021525,0.11389
0,0.021365,0.11372
0,0.021203,0.11354
0,0.021039,0.11336
0,0.020873,0.11318
0,0.020706,0.11301
0,0.020537,0.11283
0,0.020367,0.11265
0,0.020195,0.11248
0,0.020021,0.1123
0,0.019846,0.11213
0,0.01967,0.11195
0,0.019492,0.11177
0,0.019313,0.1116
0,0.019132,0.11142
0,0.01895,0.11125
0,0.018767,0.11107
0,0.018583,0.1109
0,0.018397,0.11072
0,0.018211,0.11055
0,0.018023,0.11038
0,0.017834,0.1102
0,0.017645,0.11003
0,0.017454,0.10985
0,0.017263,0.10968
0,0.01707,0.10951
0,0.016877,0.10934
0,0.016683,0.10916
0,0.016489,0.10899
0,0.016293,0.10882
0,0.016097,0.10864
0,0.015901,0.10847
0,0.015704,0.1083
0,0.015506,0.10813
0,0.015309,0.10796
0,0.01511,0.10779
0,0.014912,0.10761
0,0.014713,0.10744
0,0.014514,0.10727
0,0.014314,0.1071
0,0.014115,0.10693
0,0.013916,0.10676
0,0.013716,0.10659
0,0.013517,0.10642
0,0.013317,0.10625
0,0.013118,0.10608
0,0.012919,0.10591
0,0.01272,0.10574
0,0.012521,0.10557
0,0.012323,0.1054
0,0.012125,0.10523
0,0.011928,0.10507
0,0.011731,0.1049
0,0.011534,0.10473
0,0.011338,0.10456
0,0.011143,0.10439
0,0.010948,0.10423
0,0.010755,0.10406
0,0.010561,0.10389
0,0.010369,0.10372
0,0.010178,0.10356
0,0.009987,0.10339
0,0.009797,0.10323
0,0.009609,0.10306
0,0.009421,0.1029
0,0.009235,0.10273
0,0.009049,0.10256
0,0.008865,0.1024
0,0.008682,0.10224
0,0.0085,0.10207
0,0.00832,0.10191
0,0.008141,0.10174
0,0.007963,0.10158
0,0.007787,0.10142
0,0.007612,0.10125
0,0.007439,0.10109
0,0.007267,0.10093
0,0.007097,0.10077
0,0.006928,0.10061
0,0.006761,0.10045
0,0.006596,0.10029
0,0.006432,0.10013
0,0.006271,0.099971
0,0.006111,0.099812
0,0.005952,0.099655
0,0.005796,0.099497
0,0.005642,0.09934
0,0.005489,0.099184
0,0.005339,0.099028
0,0.00519,0.098873
0,0.005043,0.098719
0,0.004899,0.098565
0,0.004756,0.098412
0,0.004616,0.098259
0,0.004477,0.098108
0,0.004341,0.097957
0,0.004207,0.097806
0,0.004075,0.097657
0,0.003945,0.097508
0,0.003817,0.097361
0,0.003692,0.097214
0,0.003568,0.097067
0,0.003447,0.096922
0,0.003328,0.096778
0,0.003212,0.096634
0,0.003097,0.096492
0,0.002985,0.096351
0,0.002875,0.09621
0,0.002768,0.096071
0,0.002662,0.095933
0,0.002559,0.095796
0,0.002459,0.095659
0,0.00236,0.095525
0,0.002264,0.095391
0,0.00217,0.095258
0,0.002079,0.095127
0,0.001989,0.094997
0,0.001902,0.094868
0,0.001817,0.094741
0,0.001735,0.094615
0,0.001655,0.09449
0,0.001577,0.094367
0,0.001501,0.094245
0,0.001427,0.094125
0,0.001356,0.094006
0,0.001287,0.093889
0,0.00122,0.093773
0,0.001155,0.093659
0,0.001092,0.093546
0,0.001032,0.093435
0,0.000973,0.093326
0,0.000917,0.093218
0,0.000863,0.093112
0,0.000811,0.093008
0,0.00076,0.092905
0,0.000712,0.092805
0,0.000666,0.092706
0,0.000621,0.092609
0,0.000579,0.092514
0,0.000538,0.092421
0,0.0005,0.092329
0,0.000463,0.09224
0,0.000428,0.092153
0,0.000394,0.092068
0,0.000362,0.091984
0,0.000332,0.091903
0,0.000304,0.091824
0,0.000277,0.091747
0,0.000252,0.091672
0,0.000228,0.091599
0,0.000206,0.091529
0,0.000185,0.09146
0,0.000166,0.091394
0,0.000148,0.09133
0,0.000131,0.091269
0,0.000115,0.091209
0,0.000101,0.091152
0,8.8e-05,0.091097
0,7.6e-05,0.091045
0,6.5e-05,0.090995
0,5.5e-05,0.090947
0,4.7e-05,0.090901
0,3.9e-05,0.090858
0,3.2e-05,0.090818
0,2.5e-05,0.090779
0,2e-05,0.090744
0,1.5e-05,0.09071
0,1.2e-05,0.090679
0,8e-06,0.090651
0,5e-06,0.090625
0,3e-06,0.090601
0,2e-06,0.09058
0,0,0.090561
0,-1e-06,0.090545
0,-1e-06,0.090531
0,-2e-06,0.09052
0,-2e-06,0.090511
0,-2e-06,0.090505
0,-1e-06,0.090502
0,-1e-06,0.0905
0,-1e-06,0.090502
0,-1e-06,0.090506
0,-1e-06,0.090512
0,-1e-06,0.090521
0,-1e-06,0.090532
0,-2e-06,0.090546
0,-3e-06,0.090562
0,-4e-06,0.090581
0,-6e-06,0.090602
0,-8e-06,0.090626
0,-1e-05,0.090652
0,-1.4e-05,0.09068
0,-1.8e-05,0.090711
0,-2.2e-05,0.090745
0,-2.7e-05,0.090781
0,-3.4e-05,0.090819
0,-4.1e-05,0.09086
0,-4.8e-05,0.090903
0,-5.7e-05,0.090948
0,-6.7e-05,0.090996
0,-7.8e-05,0.091046
0,-9e-05,0.091099
0,-0.000103,0.091153
0,-0.000117,0.091211
0,-0.000132,0.09127
0,-0.000149,0.091331
0,-0.000167,0.091395
0,-0.000186,0.091461
0,-0.000207,0.09153
0,-0.000229,0.0916
0,-0.000253,0.091673
0,-0.000278,0.091747
0,-0.000305,0.091824
0,-0.000333,0.091903
0,-0.000363,0.091984
0,-0.000395,0.092068
0,-0.000428,0.092153
0,-0.000463,0.09224
0,-0.0005,0.092329
0,-0.000539,0.09242
0,-0.000579,0.092513
0,-0.000622,0.092608
0,-0.000666,0.092705
0,-0.000712,0.092803
0,-0.00076,0.092904
0,-0.00081,0.093006
0,-0.000863,0.09311
0,-0.000917,0.093216
0,-0.000973,0.093324
0,-0.001031,0.093433
0,-0.001092,0.093544
0,-0.001154,0.093656
0,-0.001219,0.093771
0,-0.001286,0.093886
0,-0.001355,0.094004
0,-0.001426,0.094123
0,-0.0015,0.094243
0,-0.001576,0.094365
0,-0.001653,0.094488
0,-0.001734,0.094613
0,-0.001816,0.094739
0,-0.001901,0.094866
0,-0.001988,0.094995
0,-0.002077,0.095125
0,-0.002168,0.095256
0,-0.002262,0.095389
0,-0.002358,0.095523
0,-0.002457,0.095658
0,-0.002557,0.095794
0,-0.00266,0.095931
0,-0.002765,0.09607
0,-0.002873,0.096209
0,-0.002983,0.09635
0,-0.003095,0.096491
0,-0.003209,0.096634
0,-0.003325,0.096777
0,-0.003444,0.096922
0,-0.003565,0.097067
0,-0.003689,0.097214
0,-0.003814,0.097361
0,-0.003942,0.097509
0,-0.004072,0.097658
0,-0.004204,0.097807
0,-0.004338,0.097958
0,-0.004474,0.098109
0,-0.004612,0.098261
0,-0.004753,0.098413
0,-0.004895,0.098566
0,-0.00504,0.09872
0,-0.005187,0.098875
0,-0.005335,0.09903
0,-0.005486,0.099186
0,-0.005638,0.099342
0,-0.005793,0.099499
0,-0.005949,0.099657
0,-0.006107,0.099815
0,-0.006267,0.099973
0,-0.006429,0.10013
0,-0.006593,0.10029
0,-0.006758,0.10045
0,-0.006925,0.10061
0,-0.007094,0.10077
0,-0.007264,0.10093
0,-0.007436,0.1011
0,-0.007609,0.10126
0,-0.007784,0.10142
0,-0.00796,0.10158
0,-0.008138,0.10175
0,-0.008317,0.10191
0,-0.008498,0.10207
0,-0.00868,0.10224
0,-0.008863,0.1024
0,-0.009047,0.10257
0,-0.009233,0.10273
0,-0.009419,0.1029
0,-0.009607,0.10306
0,-0.009796,0.10323
0,-0.009986,0.10339
0,-0.010176,0.10356
0,-0.010368,0.10373
0,-0.010561,0.10389
0,-0.010754,0.10406
0,-0.010948,0.10423
0,-0.011143,0.1044
0,-0.011338,0.10456
0,-0.011534,0.10473
0,-0.011731,0.1049
0,-0.011928,0.10507
0,-0.012126,0.10524
0,-0.012324,0.1054
0,-0.012522,0.10557
0,-0.012721,0.10574
0,-0.01292,0.10591
0,-0.013119,0.10608
0,-0.013319,0.10625
0,-0.013519,0.10642
0,-0.013718,0.10659
0,-0.013918,0.10676
0,-0.014118,0.10693
0,-0.014317,0.1071
0,-0.014517,0.10727
0,-0.014716,0.10744
0,-0.014915,0.10762
0,-0.015114,0.10779
0,-0.015312,0.10796
0,-0.01551,0.10813
0,-0.015708,0.1083
0,-0.015905,0.10848
0,-0.016102,0.10865
0,-0.016298,0.10882
0,-0.016493,0.10899
0,-0.016688,0.10917
0,-0.016882,0.10934
0,-0.017076,0.10951
0,-0.017268,0.10969
0,-0.01746,0.10986
0,-0.017651,0.11003
0,-0.01784,0.11021
0,-0.018029,0.11038
0,-0.018217,0.11056
0,-0.018404,0.11073
0,-0.018589,0.11091
0,-0.018774,0.11108
0,-0.018957,0.11126
0,-0.019139,0.11143
0,-0.01932,0.1116
0,-0.019499,0.11178
0,-0.019677,0.11196
0,-0.019854,0.11213
0,-0.020029,0.11231
0,-0.020202,0.11249
0,-0.020374,0.11266
0,-0.020545,0.11284
0,-0.020714,0.11302
0,-0.020881,0.11319
0,-0.021047,0.11337
0,-0.021211,0.11355
0,-0.021373,0.11372
0,-0.021533,0.1139
0,-0.021692,0.11408
0,-0.021849,0.11426
0,-0.022003,0.11444
0,-0.022156,0.11461
0,-0.022307,0.11479
0,-0.022456,0.11497
0,-0.022604,0.11515
0,-0.022749,0.11533
0,-0.022892,0.11551
0,-0.023033,0.11569
0,-0.023171,0.11587
0,-0.023308,0.11605
0,-0.023443,0.11623
0,-0.023575,0.1164
0,-0.023705,0.11658
0,-0.023833,0.11676
0,-0.023959,0.11694
0,-0.024083,0.11713
0,-0.024204,0.11731
0,-0.024323,0.11749
0,-0.02444,0.11767
0,-0.024554,0.11785
0,-0.024666,0.11803
0,-0.024776,0.11821
0,-0.024883,0.11839
0,-0.024988,0.11857
0,-0.025091,0.11875
0,-0.025191,0.11893
0,-0.025289,0.11911
0,-0.025385,0.11929
0,-0.025478,0.11947
0,-0.025568,0.11965
0,-0.025656,0.11983
0,-0.025742,0.12001
0,-0.025825,0.12019
0,-0.025906,0.12037
0,-0.025984,0.12055
0,-0.02606,0.12073
0,-0.026134,0.12091
0,-0.026205,0.12109
0,-0.026273,0.12127
0,-0.02634,0.12145
0,-0.026403,0.12163
0,-0.026465,0.12181
0,-0.026524,0.12199
0,-0.02658,0.12217
0,-0.026634,0.12235
0,-0.026686,0.12253
0,-0.026735,0.12271
0,-0.026781,0.12288
0,-0.026826,0.12306
0,-0.026868,0.12324
0,-0.026907,0.12342
0,-0.026944,0.1236
0,-0.026978,0.12378
0,-0.027011,0.12396
0,-0.02704,0.12414
0,-0.027067,0.12432
0,-0.027092,0.12449
0,-0.027114,0.12467
0,-0.027134,0.12485
0,-0.027152,0.12503
0,-0.027167,0.12521
0,-0.027179,0.12538
0,-0.02719,0.12556
0,-0.027197,0.12574
0,-0.027203,0.12591
0,-0.027205,0.12609
0,-0.027206,0.12627
0,-0.027204,0.12644
0,-0.027199,0.12662
0,-0.027192,0.1268
0,-0.027183,0.12697
0,-0.027171,0.12715
0,-0.027157,0.12732
0,-0.02714,0.1275
0,-0.027121,0.12767
0,-0.0271,0.12784
0,-0.027076,0.12802
0,-0.027049,0.12819
0,-0.02702,0.12837
0,-0.026989,0.12854
0,-0.026955,0.12871
0,-0.026919,0.12888
0,-0.02688,0.12906
0,-0.026839,0.12923
0,-0.026796,0.1294
0,-0.02675,0.12957
0,-0.026701,0.12974
0,-0.026651,0.12991
0,-0.026597,0.13008
0,-0.026542,0.13024
0,-0.026483,0.13041
0,-0.026423,0.13058
0,-0.02636,0.13075
0,-0.026294,0.13091
0,-0.026226,0.13108
0,-0.026156,0.13125
0,-0.026083,0.13141
0,-0.026008,0.13157
0,-0.02593,0.13174
0,-0.02585,0.1319
0,-0.025768,0.13206
0,-0.025683,0.13222
0,-0.025595,0.13238
0,-0.025506,0.13254
0,-0.025413,0.1327
0,-0.025319,0.13286
0,-0.025222,0.13302
0,-0.025122,0.13317
0,-0.02502,0.13333
0,-0.024916,0.13348
0,-0.02481,0.13364
0,-0.024701,0.13379
0,-0.02459,0.13394
0,-0.024476,0.13409
0,-0.024361,0.13424
0,-0.024243,0.13439
0,-0.024122,0.13453
0,-0.024,0.13468
0,-0.023875,0.13482
0,-0.023749,0.13496
0,-0.02362,0.1351
0,-0.023488,0.13524
0,-0.023355,0.13538
0,-0.02322,0.13552
0,-0.023082,0.13565
0,-0.022943,0.13578
0,-0.022801,0.13592
0,-0.022658,0.13604
0,-0.022512,0.13617
0,-0.022365,0.1363
0,-0.022215,0.13642
0,-0.022064,0.13655
0,-0.021911,0.13667
0,-0.021756,0.13679
0,-0.021599,0.1369
0,-0.021441,0.13702
0,-0.021281,0.13713
0,-0.021119,0.13724
0,-0.020955,0.13735
0,-0.02079,0.13746
0,-0.020623,0.13756
0,-0.020455,0.13766
0,-0.020285,0.13776
0,-0.020114,0.13786
0,-0.019941,0.13796
0,-0.019767,0.13805
0,-0.019591,0.13814
0,-0.019414,0.13823
0,-0.019236,0.13832
0,-0.019057,0.1384
0,-0.018876,0.13848
0,-0.018694,0.13856
0,-0.018511,0.13864
0,-0.018327,0.13871
0,-0.018142,0.13878
0,-0.017956,0.13885
0,-0.017769,0.13892
0,-0.017581,0.13898
0,-0.017393,0.13904
0,-0.017203,0.1391
0,-0.017013,0.13915
0,-0.016822,0.1392
0,-0.01663,0.13925
0,-0.016438,0.1393
0,-0.016245,0.13935
0,-0.016051,0.13939
0,-0.015857,0.13943
0,-0.015663,0.13946
0,-0.015468,0.1395
0,-0.015272,0.13953
0,-0.015077,0.13955
0,-0.014881,0.13958
0,-0.014685,0.1396
0,-0.014489,0.13962
0,-0.014293,0.13963
0,-0.014096,0.13965
0,-0.0139,0.13966
0,-0.013704,0.13966
0,-0.013507,0.13967
0,-0.013311,0.13967
0,-0.013115,0.13967
0,-0.012919,0.13966
0,-0.012724,0.13965
0,-0.012529,0.13964
0,-0.012334,0.13963
0,-0.012139,0.13961
0,-0.011945,0.1396
0,-0.011752,0.13957
0,-0.011559,0.13955
0,-0.011367,0.13952
0,-0.011175,0.13949
0,-0.010984,0.13946
0,-0.010794,0.13942
0,-0.010604,0.13938
0,-0.010415,0.13934
0,-0.010227,0.1393
0,-0.01004,0.13925
0,-0.009854,0.1392
0,-0.009669,0.13915
0,-0.009485,0.13909
0,-0.009303,0.13903
0,-0.009121,0.13897
0,-0.00894,0.13891
0,-0.008761,0.13884
0,-0.008582,0.13878
0,-0.008405,0.13871
0,-0.00823,0.13863
0,-0.008056,0.13856
0,-0.007883,0.13848
0,-0.007711,0.1384
0,-0.007541,0.13832
0,-0.007373,0.13823
0,-0.007206,0.13814
0,-0.00704,0.13805
0,-0.006876,0.13796
0,-0.006714,0.13787
0,-0.006554,0.13777
0,-0.006395,0.13767
0,-0.006238,0.13758
0,-0.006082,0.13747
0,-0.005928,0.13737
0,-0.005777,0.13726
0,-0.005627,0.13716
0,-0.005478,0.13705
0,-0.005332,0.13694
0,-0.005188,0.13682
0,-0.005045,0.13671
0,-0.004905,0.13659
0,-0.004766,0.13648
0,-0.004629,0.13636
0,-0.004495,0.13624
0,-0.004362,0.13612
0,-0.004232,0.136
0,-0.004103,0.13587
0,-0.003977,0.13575
0,-0.003852,0.13562
0,-0.00373,0.1355
0,-0.00361,0.13537
0,-0.003492,0.13524
0,-0.003376,0.13511
0,-0.003262,0.13498
0,-0.00315,0.13485
0,-0.003041,0.13472
0,-0.002934,0.13459
0,-0.002828,0.13446
0,-0.002725,0.13432
0,-0.002624,0.13419
0,-0.002526,0.13406
0,-0.002429,0.13393
0,-0.002335,0.13379
0,-0.002243,0.13366
0,-0.002152,0.13353
0,-0.002065,0.1334
0,-0.001979,0.13326
0,-0.001895,0.13313
0,-0.001814,0.133
0,-0.001734,0.13287
0,-0.001657,0.13273
0,-0.001582,0.1326
0,-0.001509,0.13247
0,-0.001438,0.13234
0,-0.001369,0.13221
0,-0.001302,0.13209
0,-0.001237,0.13196
0,-0.001174,0.13183
0,-0.001114,0.13171
0,-0.001055,0.13158
0,-0.000998,0.13146
0,-0.000943,0.13134
0,-0.00089,0.13122
0,-0.000839,0.1311
0,-0.00079,0.13098
0,-0.000742,0.13087
0,-0.000697,0.13075
0,-0.000653,0.13064
0,-0.000611,0.13053
0,-0.000571,0.13042
0,-0.000533,0.13031
0,-0.000496,0.1302
0,-0.000461,0.1301
0,-0.000427,0.12999
0,-0.000395,0.12989
0,-0.000365,0.12979
0,-0.000336,0.1297
0,-0.000309,0.1296
0,-0.000283,0.12951
0,-0.000259,0.12942
0,-0.000236,0.12933
0,-0.000214,0.12924
0,-0.000194,0.12916
0,-0.000175,0.12908
0,-0.000157,0.129
0,-0.000141,0.12893
0,-0.000125,0.12885
0,-0.000111,0.12878
0,-9.8e-05,0.12871
0,-8.6e-05,0.12865
0,-7.5e-05,0.12858
0,-6.5e-05,0.12852
0,-5.6e-05,0.12846
0,-4.7e-05,0.12841
0,-4e-05,0.12835
0,-3.3e-05,0.12831
0,-2.7e-05,0.12826
0,-2.2e-05,0.12821
0,-1.7e-05,0.12817
0,-1.4e-05,0.12813
0,-1e-05,0.1281
0,-7e-06,0.12807
0,-5e-06,0.12804
0,-3e-06,0.12801
0,-2e-06,0.12798
0,-0,0.12796
0,1e-06,0.12795
0,1e-06,0.12793
0,2e-06,0.12792
0,2e-06,0.12791
0,2e-06,0.1279
0,2e-06,0.1279
